run_id,bin,agreement_low,agreement_high,n,share,featured_fraction,majority_baseline,lift,error_share,accuracy,balanced_accuracy,auc_roc,ece,brier,arch,dataset,label_mode,policy,size,finetune,loss,train_size,seed,orientation_pooled,pretrained
cnn_deep_hard_d4_s128_full_bce_nfull_seed0,0,0.0,0.2,5107,0.10682312583668005,0.4315645192872528,0.5684354807127472,0.07382024672018805,0.6451271186440678,0.6422557274329352,0.6343607401567813,0.6884254538611724,0.148292094309596,0.24511200734916924,cnn_deep,gz2,hard,d4,128,full,bce,0,0,False,True
cnn_deep_hard_d4_s128_full_bce_nfull_seed0,1,0.2,0.4,5703,0.11928965863453815,0.38523584078555145,0.6147641592144486,0.25530422584604584,0.2616525423728814,0.8700683850604944,0.8594861504083902,0.9362568777991874,0.017613784361736943,0.09560412722587713,cnn_deep,gz2,hard,d4,128,full,bce,0,0,False,True
cnn_deep_hard_d4_s128_full_bce_nfull_seed0,2,0.4,0.6,6995,0.14631442436412315,0.2923516797712652,0.7076483202287348,0.2624731951393853,0.0737994350282486,0.9701215153681201,0.9595179175619273,0.994811834728705,0.030850877454132723,0.025045803404477707,cnn_deep,gz2,hard,d4,128,full,bce,0,0,False,True
cnn_deep_hard_d4_s128_full_bce_nfull_seed0,3,0.6,0.8,13270,0.2775686077643909,0.16729464958553128,0.8327053504144687,0.1637528259231349,0.016596045197740113,0.9964581763376036,0.9913941543353308,0.9999037136684196,0.008759201653475232,0.0034603003002728772,cnn_deep,gz2,hard,d4,128,full,bce,0,0,False,True
cnn_deep_hard_d4_s128_full_bce_nfull_seed0,4,0.8,1.0,16733,0.35000418340026773,0.22769377876053307,0.7723062212394669,0.22721568158728267,0.002824858757062147,0.9995219028267496,0.9989501312335958,0.9999998375193428,0.002045470800372526,0.000442003145575055,cnn_deep,gz2,hard,d4,128,full,bce,0,0,False,True
cnn_deep_hard_d4_s128_full_bce_nfull_seed1,0,0.0,0.2,5107,0.10682312583668005,0.4315645192872528,0.5684354807127472,0.07382024672018805,0.6313061506565307,0.6422557274329352,0.6352893589646608,0.6867416240662235,0.14281480008252387,0.2458326967469492,cnn_deep,gz2,hard,d4,128,full,bce,0,1,False,True
cnn_deep_hard_d4_s128_full_bce_nfull_seed1,1,0.2,0.4,5703,0.11928965863453815,0.38523584078555145,0.6147641592144486,0.24776433456075742,0.2709053213545266,0.862528493775206,0.8535237466638244,0.9324377534993654,0.01451769800040367,0.09914480887745757,cnn_deep,gz2,hard,d4,128,full,bce,0,1,False,True
cnn_deep_hard_d4_s128_full_bce_nfull_seed1,2,0.4,0.6,6995,0.14631442436412315,0.2923516797712652,0.7076483202287348,0.2598999285203717,0.07843814789219074,0.9675482487491065,0.9564083376552814,0.9935554073744783,0.030110251310848192,0.027349505843552637,cnn_deep,gz2,hard,d4,128,full,bce,0,1,False,True
cnn_deep_hard_d4_s128_full_bce_nfull_seed1,3,0.6,0.8,13270,0.2775686077643909,0.16729464958553128,0.8327053504144687,0.16352675207234368,0.017277125086385625,0.9962321024868124,0.9910784313725489,0.9997896946720476,0.010439563415977826,0.004122233551888136,cnn_deep,gz2,hard,d4,128,full,bce,0,1,False,True
cnn_deep_hard_d4_s128_full_bce_nfull_seed1,4,0.8,1.0,16733,0.35000418340026773,0.22769377876053307,0.7723062212394669,0.2273352058805952,0.002073255010366275,0.9996414271200621,0.9993051413145051,0.9999995125580284,0.002213558790102622,0.000540213855907487,cnn_deep,gz2,hard,d4,128,full,bce,0,1,False,True
cnn_deep_hard_d4_s128_full_bce_nfull_seed2,0,0.0,0.2,5107,0.10682312583668005,0.4315645192872528,0.5684354807127472,0.06814176620325041,0.6455652173913043,0.6365772469159976,0.6320425143774542,0.6880634777340918,0.1424037900776609,0.24489284954514004,cnn_deep,gz2,hard,d4,128,full,bce,0,2,False,True
cnn_deep_hard_d4_s128_full_bce_nfull_seed2,1,0.2,0.4,5703,0.11928965863453815,0.38523584078555145,0.6147641592144486,0.2547781869191653,0.25878260869565217,0.8695423461336139,0.8616074245308323,0.9377337659791745,0.023060946868262083,0.09539070935101958,cnn_deep,gz2,hard,d4,128,full,bce,0,2,False,True
cnn_deep_hard_d4_s128_full_bce_nfull_seed2,2,0.4,0.6,6995,0.14631442436412315,0.2923516797712652,0.7076483202287348,0.26118656182987854,0.07582608695652174,0.9688348820586133,0.9607611568002765,0.9938167000074092,0.03225986311030044,0.027062181409411617,cnn_deep,gz2,hard,d4,128,full,bce,0,2,False,True
cnn_deep_hard_d4_s128_full_bce_nfull_seed2,3,0.6,0.8,13270,0.2775686077643909,0.16729464958553128,0.8327053504144687,0.16360211002260738,0.017043478260869566,0.9963074604370761,0.9914836329542212,0.9998961518079166,0.00981447045166622,0.0036425685407877025,cnn_deep,gz2,hard,d4,128,full,bce,0,2,False,True
cnn_deep_hard_d4_s128_full_bce_nfull_seed2,4,0.8,1.0,16733,0.35000418340026773,0.22769377876053307,0.7723062212394669,0.22721568158728267,0.002782608695652174,0.9995219028267496,0.9990426741229039,0.9999990758912621,0.0018494965908032951,0.00048409767252879536,cnn_deep,gz2,hard,d4,128,full,bce,0,2,False,True
cnn_deep_hard_d4_s128_full_bce_nfull_seed3,0,0.0,0.2,5107,0.10682312583668005,0.4315645192872528,0.5684354807127472,0.07088310162522027,0.6460890915468257,0.6393185823379675,0.6316133319746204,0.686149739958601,0.14602187825367327,0.24575535854590777,cnn_deep,gz2,hard,d4,128,full,bce,0,3,False,True
cnn_deep_hard_d4_s128_full_bce_nfull_seed3,1,0.2,0.4,5703,0.11928965863453815,0.38523584078555145,0.6147641592144486,0.2546028406102051,0.26131182041388984,0.8693669998246537,0.8595104925790783,0.9350950746765867,0.020104015554454593,0.09633596498625521,cnn_deep,gz2,hard,d4,128,full,bce,0,3,False,True
cnn_deep_hard_d4_s128_full_bce_nfull_seed3,2,0.4,0.6,6995,0.14631442436412315,0.2923516797712652,0.7076483202287348,0.26275911365260896,0.07260610312171167,0.9704074338813438,0.9595764490874515,0.9944614358746388,0.02911997538874205,0.02538831357476427,cnn_deep,gz2,hard,d4,128,full,bce,0,3,False,True
cnn_deep_hard_d4_s128_full_bce_nfull_seed3,3,0.6,0.8,13270,0.2775686077643909,0.16729464958553128,0.8327053504144687,0.16360211002260738,0.017186951946685375,0.9963074604370761,0.9913036565977742,0.9998901390077861,0.008765682451793582,0.0035437853327281105,cnn_deep,gz2,hard,d4,128,full,bce,0,3,False,True
cnn_deep_hard_d4_s128_full_bce_nfull_seed3,4,0.8,1.0,16733,0.35000418340026773,0.22769377876053307,0.7723062212394669,0.22721568158728267,0.0028060329708874078,0.9995219028267496,0.9990426741229039,0.9999989540307693,0.0017462753528053906,0.0005190931940529574,cnn_deep,gz2,hard,d4,128,full,bce,0,3,False,True
cnn_deep_hard_d4_s128_full_bce_nfull_seed4,0,0.0,0.2,5107,0.10682312583668005,0.4315645192872528,0.5684354807127472,0.07616996279616217,0.6379613356766256,0.6446054435089094,0.6362090690336613,0.6862617243692457,0.14028865264552948,0.2448401248752623,cnn_deep,gz2,hard,d4,128,full,bce,0,4,False,True
cnn_deep_hard_d4_s128_full_bce_nfull_seed4,1,0.2,0.4,5703,0.11928965863453815,0.38523584078555145,0.6147641592144486,0.25565491846396626,0.2597539543057997,0.8704190776784149,0.8597713757363994,0.9326524839010619,0.01991718926981465,0.09839505726331059,cnn_deep,gz2,hard,d4,128,full,bce,0,4,False,True
cnn_deep_hard_d4_s128_full_bce_nfull_seed4,2,0.4,0.6,6995,0.14631442436412315,0.2923516797712652,0.7076483202287348,0.259614010007148,0.0804920913884007,0.9672623302358828,0.9564932948062532,0.9937435479489269,0.028797771031557524,0.027145073227703247,cnn_deep,gz2,hard,d4,128,full,bce,0,4,False,True
cnn_deep_hard_d4_s128_full_bce_nfull_seed4,3,0.6,0.8,13270,0.2775686077643909,0.16729464958553128,0.8327053504144687,0.16330067822155236,0.018629173989455183,0.9960060286360211,0.9909426847662142,0.9998354327177856,0.009614606317008275,0.003963009834493251,cnn_deep,gz2,hard,d4,128,full,bce,0,4,False,True
cnn_deep_hard_d4_s128_full_bce_nfull_seed4,4,0.8,1.0,16733,0.35000418340026773,0.22769377876053307,0.7723062212394669,0.2271559194406263,0.003163444639718805,0.9994621406800932,0.9988188976377953,0.9999995328681106,0.0020165782343697686,0.0005096181176313341,cnn_deep,gz2,hard,d4,128,full,bce,0,4,False,True
cnn_deep_reg_hard_d4_s128_full_bce_nfull_seed0,0,0.0,0.2,5107,0.10682312583668005,0.4315645192872528,0.5684354807127472,0.07499510475817506,0.6272821219428177,0.6434305854709222,0.6385077581049206,0.6860153274070944,0.12063726701124537,0.24134000948757983,cnn_deep_reg,gz2,hard,d4,128,full,bce,0,0,False,True
cnn_deep_reg_hard_d4_s128_full_bce_nfull_seed0,1,0.2,0.4,5703,0.11928965863453815,0.38523584078555145,0.6147641592144486,0.2472382956338769,0.27109886324491905,0.8620024548483255,0.8543704647290385,0.9295389579889186,0.03236794365805412,0.10214729383531108,cnn_deep_reg,gz2,hard,d4,128,full,bce,0,0,False,True
cnn_deep_reg_hard_d4_s128_full_bce_nfull_seed0,2,0.4,0.6,6995,0.14631442436412315,0.2923516797712652,0.7076483202287348,0.2593280914939242,0.07957285566655184,0.966976411722659,0.9578696500456891,0.993174236250031,0.04239974631904075,0.02961721707975526,cnn_deep_reg,gz2,hard,d4,128,full,bce,0,0,False,True
cnn_deep_reg_hard_d4_s128_full_bce_nfull_seed0,3,0.6,0.8,13270,0.2775686077643909,0.16729464958553128,0.8327053504144687,0.16314996232102486,0.018945918015845678,0.9958553127354935,0.9901322816028698,0.9998138885491826,0.013770106342006998,0.004818383194311758,cnn_deep_reg,gz2,hard,d4,128,full,bce,0,0,False,True
cnn_deep_reg_hard_d4_s128_full_bce_nfull_seed0,4,0.8,1.0,16733,0.35000418340026773,0.22769377876053307,0.7723062212394669,0.2271559194406263,0.003100241129865656,0.9994621406800932,0.9988188976377953,0.999998639224496,0.003214714927029458,0.0007413288446989321,cnn_deep_reg,gz2,hard,d4,128,full,bce,0,0,False,True
cnn_deep_reg_hard_d4_s128_full_bce_nfull_seed1,0,0.0,0.2,5107,0.10682312583668005,0.4315645192872528,0.5684354807127472,0.07166634031721164,0.6290212183436003,0.6401018210299588,0.6315921541830749,0.684758023022682,0.12409084548614316,0.24067791366189642,cnn_deep_reg,gz2,hard,d4,128,full,bce,0,1,False,True
cnn_deep_reg_hard_d4_s128_full_bce_nfull_seed1,1,0.2,0.4,5703,0.11928965863453815,0.38523584078555145,0.6147641592144486,0.24811502717867784,0.2676249144421629,0.8628791863931264,0.852704356742236,0.928984151234596,0.030689875239107857,0.10182132217257543,cnn_deep_reg,gz2,hard,d4,128,full,bce,0,1,False,True
cnn_deep_reg_hard_d4_s128_full_bce_nfull_seed1,2,0.4,0.6,6995,0.14631442436412315,0.2923516797712652,0.7076483202287348,0.25889921372408864,0.08008213552361396,0.9665475339528234,0.9538359141537626,0.993373342224198,0.039835217405141746,0.029316316348674834,cnn_deep_reg,gz2,hard,d4,128,full,bce,0,1,False,True
cnn_deep_reg_hard_d4_s128_full_bce_nfull_seed1,3,0.6,0.8,13270,0.2775686077643909,0.16729464958553128,0.8327053504144687,0.16262245666917863,0.021218343600273786,0.9953278070836473,0.9880157759569524,0.9997947902653785,0.013145057126424865,0.004986639275685243,cnn_deep_reg,gz2,hard,d4,128,full,bce,0,1,False,True
cnn_deep_reg_hard_d4_s128_full_bce_nfull_seed1,4,0.8,1.0,16733,0.35000418340026773,0.22769377876053307,0.7723062212394669,0.2273352058805952,0.002053388090349076,0.9996414271200621,0.9992125984251968,0.9999995227130695,0.003403055774385992,0.0007320458658919014,cnn_deep_reg,gz2,hard,d4,128,full,bce,0,1,False,True
cnn_deep_reg_hard_d4_s128_full_bce_nfull_seed2,0,0.0,0.2,5107,0.10682312583668005,0.4315645192872528,0.5684354807127472,0.07793224985314273,0.6292682926829268,0.6463677305658899,0.6378684388701092,0.6863651907751729,0.1277154068267275,0.24020780363999344,cnn_deep_reg,gz2,hard,d4,128,full,bce,0,2,False,True
cnn_deep_reg_hard_d4_s128_full_bce_nfull_seed2,1,0.2,0.4,5703,0.11928965863453815,0.38523584078555145,0.6147641592144486,0.25004383657723994,0.2686411149825784,0.8648079957916885,0.8517239839318305,0.9339512523040677,0.029446233031153003,0.0987865443152156,cnn_deep_reg,gz2,hard,d4,128,full,bce,0,2,False,True
cnn_deep_reg_hard_d4_s128_full_bce_nfull_seed2,2,0.4,0.6,6995,0.14631442436412315,0.2923516797712652,0.7076483202287348,0.26047176554681917,0.07770034843205575,0.968120085775554,0.9560949346768417,0.9939272430910572,0.03941130810704281,0.028197600526824476,cnn_deep_reg,gz2,hard,d4,128,full,bce,0,2,False,True
cnn_deep_reg_hard_d4_s128_full_bce_nfull_seed2,3,0.6,0.8,13270,0.2775686077643909,0.16729464958553128,0.8327053504144687,0.16277317256970614,0.020905923344947737,0.9954785229841748,0.9888261791202968,0.9998538176185234,0.012159646622703623,0.004636795023856437,cnn_deep_reg,gz2,hard,d4,128,full,bce,0,2,False,True
cnn_deep_reg_hard_d4_s128_full_bce_nfull_seed2,4,0.8,1.0,16733,0.35000418340026773,0.22769377876053307,0.7723062212394669,0.22709615729397004,0.003484320557491289,0.9994023785334369,0.9986876640419948,0.9999990454261389,0.002749183212635671,0.0006652879216038826,cnn_deep_reg,gz2,hard,d4,128,full,bce,0,2,False,True
cnn_deep_reg_hard_d4_s128_full_bce_nfull_seed3,0,0.0,0.2,5107,0.10682312583668005,0.4315645192872528,0.5684354807127472,0.08008615625611903,0.6362991846862814,0.6485216369688662,0.6407462741153309,0.6907960380181214,0.11749054796289804,0.23747130937218067,cnn_deep_reg,gz2,hard,d4,128,full,bce,0,3,False,True
cnn_deep_reg_hard_d4_s128_full_bce_nfull_seed3,1,0.2,0.4,5703,0.11928965863453815,0.38523584078555145,0.6147641592144486,0.25355076275644395,0.2662176533144275,0.8683149219708926,0.8570403789225622,0.9372961911188856,0.031210497236096278,0.09593938791142602,cnn_deep_reg,gz2,hard,d4,128,full,bce,0,3,False,True
cnn_deep_reg_hard_d4_s128_full_bce_nfull_seed3,2,0.4,0.6,6995,0.14631442436412315,0.2923516797712652,0.7076483202287348,0.2624731951393853,0.07408720311946118,0.9701215153681201,0.9589439628559433,0.9944327381393396,0.03959134460663438,0.026628708730817213,cnn_deep_reg,gz2,hard,d4,128,full,bce,0,3,False,True
cnn_deep_reg_hard_d4_s128_full_bce_nfull_seed3,3,0.6,0.8,13270,0.2775686077643909,0.16729464958553128,0.8327053504144687,0.16307460437076116,0.019851116625310174,0.9957799547852298,0.9897270800211977,0.9998957645428234,0.011751587575197234,0.004084981800918936,cnn_deep_reg,gz2,hard,d4,128,full,bce,0,3,False,True
cnn_deep_reg_hard_d4_s128_full_bce_nfull_seed3,4,0.8,1.0,16733,0.35000418340026773,0.22769377876053307,0.7723062212394669,0.22709615729397004,0.003544842254519674,0.9994023785334369,0.998780206931303,0.9999990962013444,0.002527652125262076,0.0006043389638032525,cnn_deep_reg,gz2,hard,d4,128,full,bce,0,3,False,True
cnn_deep_reg_hard_d4_s128_full_bce_nfull_seed4,0,0.0,0.2,5107,0.10682312583668005,0.4315645192872528,0.5684354807127472,0.07636577246915999,0.6272475795297372,0.6448012531819072,0.6352341873010772,0.6875813117789782,0.11954547469632289,0.23830000019447153,cnn_deep_reg,gz2,hard,d4,128,full,bce,0,4,False,True
cnn_deep_reg_hard_d4_s128_full_bce_nfull_seed4,1,0.2,0.4,5703,0.11928965863453815,0.38523584078555145,0.6147641592144486,0.24829037348763805,0.27005532503457813,0.8630545327020867,0.8519122949642735,0.931596682817751,0.033601857029113454,0.10016768152013739,cnn_deep_reg,gz2,hard,d4,128,full,bce,0,4,False,True
cnn_deep_reg_hard_d4_s128_full_bce_nfull_seed4,2,0.4,0.6,6995,0.14631442436412315,0.2923516797712652,0.7076483202287348,0.26104360257326664,0.07572614107883817,0.9686919228020014,0.9577903731693462,0.9938944456792868,0.04253303489971795,0.02857016225250303,cnn_deep_reg,gz2,hard,d4,128,full,bce,0,4,False,True
cnn_deep_reg_hard_d4_s128_full_bce_nfull_seed4,3,0.6,0.8,13270,0.2775686077643909,0.16729464958553128,0.8327053504144687,0.1621703089675961,0.02351313969571231,0.9948756593820648,0.9875643063878359,0.9997988667400433,0.012969945463175417,0.004883595517427409,cnn_deep_reg,gz2,hard,d4,128,full,bce,0,4,False,True
cnn_deep_reg_hard_d4_s128_full_bce_nfull_seed4,4,0.8,1.0,16733,0.35000418340026773,0.22769377876053307,0.7723062212394669,0.22709615729397004,0.003457814661134163,0.9994023785334369,0.998780206931303,0.9999985986043318,0.0030266860259446247,0.000748814673163613,cnn_deep_reg,gz2,hard,d4,128,full,bce,0,4,False,True
cnn_deep_reg_soft_d4_s128_full_bce_nfull_seed0,0,0.0,0.2,5107,0.10682312583668005,0.4315645192872528,0.5684354807127472,0.08556882710005875,0.6741701640595192,0.6540043078128059,0.6483547278520937,0.7089454835194583,0.057675498339127065,0.2195839473329121,cnn_deep_reg,gz2,soft,d4,128,full,bce,0,0,False,True
cnn_deep_reg_soft_d4_s128_full_bce_nfull_seed0,1,0.2,0.4,5703,0.11928965863453815,0.38523584078555145,0.6147641592144486,0.2672277748553392,0.25677222434185426,0.8819919340697878,0.8751317398277638,0.9461494061419127,0.22747825441204955,0.14354431481722926,cnn_deep_reg,gz2,soft,d4,128,full,bce,0,0,False,True
cnn_deep_reg_soft_d4_s128_full_bce_nfull_seed0,2,0.4,0.6,6995,0.14631442436412315,0.2923516797712652,0.7076483202287348,0.270192994996426,0.05913773368943152,0.9778413152251608,0.9709989874293052,0.9962715171272628,0.23351245505190732,0.07730957115272183,cnn_deep_reg,gz2,soft,d4,128,full,bce,0,0,False,True
cnn_deep_reg_soft_d4_s128_full_bce_nfull_seed0,3,0.6,0.8,13270,0.2775686077643909,0.16729464958553128,0.8327053504144687,0.1654860587792012,0.009156810377718427,0.9981914091936699,0.9958544290897232,0.9999507154213038,0.14856160950609051,0.028404833923657478,cnn_deep_reg,gz2,soft,d4,128,full,bce,0,0,False,True
cnn_deep_reg_soft_d4_s128_full_bce_nfull_seed0,4,0.8,1.0,16733,0.35000418340026773,0.22769377876053307,0.7723062212394669,0.22757425446722046,0.0007630675314765357,0.9998804757066874,0.9997375328083989,0.9999994719378642,0.09049541681117966,0.010389570735921949,cnn_deep_reg,gz2,soft,d4,128,full,bce,0,0,False,True
cnn_deep_reg_soft_d4_s128_full_bce_nfull_seed1,0,0.0,0.2,5107,0.10682312583668005,0.4315645192872528,0.5684354807127472,0.08870178186802435,0.6719109746738297,0.6571372625807715,0.6539509788047035,0.7057109079849183,0.05473735328053972,0.2205106271594512,cnn_deep_reg,gz2,soft,d4,128,full,bce,0,1,False,True
cnn_deep_reg_soft_d4_s128_full_bce_nfull_seed1,1,0.2,0.4,5703,0.11928965863453815,0.38523584078555145,0.6147641592144486,0.2686305453270208,0.25518035303146586,0.8833947045414694,0.8791616348695168,0.9459437634839396,0.22862573787400164,0.14361169123007553,cnn_deep_reg,gz2,soft,d4,128,full,bce,0,1,False,True
cnn_deep_reg_soft_d4_s128_full_bce_nfull_seed1,2,0.4,0.6,6995,0.14631442436412315,0.2923516797712652,0.7076483202287348,0.26933523945675486,0.06178050652340752,0.9769835596854897,0.9705364154997407,0.9965395273023635,0.23382316698786867,0.07771501926756187,cnn_deep_reg,gz2,soft,d4,128,full,bce,0,1,False,True
cnn_deep_reg_soft_d4_s128_full_bce_nfull_seed1,3,0.6,0.8,13270,0.2775686077643909,0.16729464958553128,0.8327053504144687,0.1654107008289375,0.009593246354566385,0.9981160512434062,0.9961691329338388,0.999938322938323,0.15021593668684083,0.02895455543944608,cnn_deep_reg,gz2,soft,d4,128,full,bce,0,1,False,True
cnn_deep_reg_soft_d4_s128_full_bce_nfull_seed1,4,0.8,1.0,16733,0.35000418340026773,0.22769377876053307,0.7723062212394669,0.22745473017390783,0.0015349194167306216,0.9997609514133747,0.999567608506106,0.999999441472741,0.09187156388028832,0.01070570344087624,cnn_deep_reg,gz2,soft,d4,128,full,bce,0,1,False,True
cnn_deep_reg_soft_d4_s128_full_bce_nfull_seed2,0,0.0,0.2,5107,0.10682312583668005,0.4315645192872528,0.5684354807127472,0.08674368513804587,0.6723940435280642,0.655179165850793,0.6495520154693217,0.7025278312128451,0.052724989396976785,0.22056027137932682,cnn_deep_reg,gz2,soft,d4,128,full,bce,0,2,False,True
cnn_deep_reg_soft_d4_s128_full_bce_nfull_seed2,1,0.2,0.4,5703,0.11928965863453815,0.38523584078555145,0.6147641592144486,0.268805891635981,0.2535318823978618,0.8835700508504296,0.876840105822881,0.9469408187953234,0.22898239123205666,0.14317516152766324,cnn_deep_reg,gz2,soft,d4,128,full,bce,0,2,False,True
cnn_deep_reg_soft_d4_s128_full_bce_nfull_seed2,2,0.4,0.6,6995,0.14631442436412315,0.2923516797712652,0.7076483202287348,0.2689063616869193,0.06261932035127911,0.9765546819156541,0.9692289644612383,0.9963305919834036,0.23180579807691865,0.0771246079387479,cnn_deep_reg,gz2,soft,d4,128,full,bce,0,2,False,True
cnn_deep_reg_soft_d4_s128_full_bce_nfull_seed2,3,0.6,0.8,13270,0.2775686077643909,0.16729464958553128,0.8327053504144687,0.16525998492841,0.010309278350515464,0.9979653353428787,0.9957186824833884,0.9999015735192206,0.14827436330337315,0.028434051182038508,cnn_deep_reg,gz2,soft,d4,128,full,bce,0,2,False,True
cnn_deep_reg_soft_d4_s128_full_bce_nfull_seed2,4,0.8,1.0,16733,0.35000418340026773,0.22769377876053307,0.7723062212394669,0.2275144923205642,0.001145475372279496,0.9998207135600311,0.9996062992125985,0.9999997562790142,0.09048488112384151,0.010417231257476704,cnn_deep_reg,gz2,soft,d4,128,full,bce,0,2,False,True
cnn_deep_reg_soft_d4_s128_full_bce_nfull_seed3,0,0.0,0.2,5107,0.10682312583668005,0.4315645192872528,0.5684354807127472,0.0859604464460545,0.6746941896024465,0.6543959271588017,0.6493000700820791,0.7079835741610312,0.05165444971858255,0.21987804811857062,cnn_deep_reg,gz2,soft,d4,128,full,bce,0,3,False,True
cnn_deep_reg_soft_d4_s128_full_bce_nfull_seed3,1,0.2,0.4,5703,0.11928965863453815,0.38523584078555145,0.6147641592144486,0.26810450640014016,0.25535168195718655,0.8828686656145888,0.8771193592050146,0.9466107389607932,0.2280257522560788,0.14318272740132282,cnn_deep_reg,gz2,soft,d4,128,full,bce,0,3,False,True
cnn_deep_reg_soft_d4_s128_full_bce_nfull_seed3,2,0.4,0.6,6995,0.14631442436412315,0.2923516797712652,0.7076483202287348,0.2703359542530379,0.058868501529051986,0.9779842744817727,0.9718174409127954,0.996588229483095,0.23336897664214132,0.07688116633022539,cnn_deep_reg,gz2,soft,d4,128,full,bce,0,3,False,True
cnn_deep_reg_soft_d4_s128_full_bce_nfull_seed3,3,0.6,0.8,13270,0.2775686077643909,0.16729464958553128,0.8327053504144687,0.16533534287867369,0.009938837920489297,0.9980406932931424,0.9959439077086136,0.9999472708002121,0.14808359850329977,0.028242405917511263,cnn_deep_reg,gz2,soft,d4,128,full,bce,0,3,False,True
cnn_deep_reg_soft_d4_s128_full_bce_nfull_seed3,4,0.8,1.0,16733,0.35000418340026773,0.22769377876053307,0.7723062212394669,0.2275144923205642,0.0011467889908256881,0.9998207135600311,0.9996062992125985,0.999999735968932,0.09026578624009189,0.01034608118067444,cnn_deep_reg,gz2,soft,d4,128,full,bce,0,3,False,True
cnn_deep_reg_soft_d4_s128_full_bce_nfull_seed4,0,0.0,0.2,5107,0.10682312583668005,0.4315645192872528,0.5684354807127472,0.07949872723712559,0.6759398496240602,0.6479342079498728,0.6434524207700527,0.7027441416445719,0.04812136830936006,0.2205894068749312,cnn_deep_reg,gz2,soft,d4,128,full,bce,0,4,False,True
cnn_deep_reg_soft_d4_s128_full_bce_nfull_seed4,1,0.2,0.4,5703,0.11928965863453815,0.38523584078555145,0.6147641592144486,0.267052428546379,0.25338345864661654,0.8818165877608276,0.8763486536248024,0.9464990246254485,0.22742849113244915,0.14342216030421567,cnn_deep_reg,gz2,soft,d4,128,full,bce,0,4,False,True
cnn_deep_reg_soft_d4_s128_full_bce_nfull_seed4,2,0.4,0.6,6995,0.14631442436412315,0.2923516797712652,0.7076483202287348,0.26947819871336665,0.06015037593984962,0.9771265189421015,0.9694895161887827,0.9962249882689981,0.233594968786105,0.07782450561156691,cnn_deep_reg,gz2,soft,d4,128,full,bce,0,4,False,True
cnn_deep_reg_soft_d4_s128_full_bce_nfull_seed4,3,0.6,0.8,13270,0.2775686077643909,0.16729464958553128,0.8327053504144687,0.165561416729465,0.008646616541353383,0.9982667671439337,0.9964396070278423,0.9999161265337736,0.1494262597461167,0.028755541258726106,cnn_deep_reg,gz2,soft,d4,128,full,bce,0,4,False,True
cnn_deep_reg_soft_d4_s128_full_bce_nfull_seed4,4,0.8,1.0,16733,0.35000418340026773,0.22769377876053307,0.7723062212394669,0.22739496802725156,0.0018796992481203006,0.9997011892667185,0.9994363749103056,0.9999998578294249,0.09120391713793609,0.010551129444780816,cnn_deep_reg,gz2,soft,d4,128,full,bce,0,4,False,True
cnn_deep_soft_d4_s128_full_bce_nfull_seed0,0,0.0,0.2,5107,0.10682312583668005,0.4315645192872528,0.5684354807127472,0.08948502056001573,0.6816230979321108,0.6579205012727629,0.6521818126689144,0.7098215095092191,0.055967552811695194,0.21923340016019263,cnn_deep,gz2,soft,d4,128,full,bce,0,0,False,True
cnn_deep_soft_d4_s128_full_bce_nfull_seed0,1,0.2,0.4,5703,0.11928965863453815,0.38523584078555145,0.6147641592144486,0.27143608627038396,0.2532188841201717,0.8862002454848326,0.8794041478020254,0.9512085530728129,0.23112148901161217,0.14182402846328218,cnn_deep,gz2,soft,d4,128,full,bce,0,0,False,True
cnn_deep_soft_d4_s128_full_bce_nfull_seed0,2,0.4,0.6,6995,0.14631442436412315,0.2923516797712652,0.7076483202287348,0.27190850607576844,0.055793991416309016,0.9795568263045032,0.9720676199649305,0.9974185374527673,0.23351498995618025,0.07571471108155822,cnn_deep,gz2,soft,d4,128,full,bce,0,0,False,True
cnn_deep_soft_d4_s128_full_bce_nfull_seed0,3,0.6,0.8,13270,0.2775686077643909,0.16729464958553128,0.8327053504144687,0.165561416729465,0.008973858759266484,0.9982667671439337,0.9962596306713953,0.999963841669724,0.14690347204676857,0.027724777500935244,cnn_deep,gz2,soft,d4,128,full,bce,0,0,False,True
cnn_deep_soft_d4_s128_full_bce_nfull_seed0,4,0.8,1.0,16733,0.35000418340026773,0.22769377876053307,0.7723062212394669,0.22763401661387683,0.0003901677721420211,0.9999402378533437,0.9998687664041994,0.9999999796899178,0.08861184054535368,0.009989061980107627,cnn_deep,gz2,soft,d4,128,full,bce,0,0,False,True
cnn_deep_soft_d4_s128_full_bce_nfull_seed1,0,0.0,0.2,5107,0.10682312583668005,0.4315645192872528,0.5684354807127472,0.08987663990601136,0.6853888452474469,0.6583121206187585,0.6550390171504163,0.7084423742132959,0.05639628563838531,0.2199790026452285,cnn_deep,gz2,soft,d4,128,full,bce,0,1,False,True
cnn_deep_soft_d4_s128_full_bce_nfull_seed1,1,0.2,0.4,5703,0.11928965863453815,0.38523584078555145,0.6147641592144486,0.27494301244958785,0.24705420267085623,0.8897071716640365,0.8842956907736812,0.9531554723406731,0.23304536550265123,0.1406377135451096,cnn_deep,gz2,soft,d4,128,full,bce,0,1,False,True
cnn_deep_soft_d4_s128_full_bce_nfull_seed1,2,0.4,0.6,6995,0.14631442436412315,0.2923516797712652,0.7076483202287348,0.27147962830593286,0.05734485467399843,0.9791279485346677,0.9742038971623324,0.9966071966609864,0.23321558870455042,0.07603937600376748,cnn_deep,gz2,soft,d4,128,full,bce,0,1,False,True
cnn_deep_soft_d4_s128_full_bce_nfull_seed1,3,0.6,0.8,13270,0.2775686077643909,0.16729464958553128,0.8327053504144687,0.165561416729465,0.009033778476040848,0.9982667671439337,0.9966195833842892,0.9999550568668216,0.14769185987759467,0.027907533813694776,cnn_deep,gz2,soft,d4,128,full,bce,0,1,False,True
cnn_deep_soft_d4_s128_full_bce_nfull_seed1,4,0.8,1.0,16733,0.35000418340026773,0.22769377876053307,0.7723062212394669,0.2275144923205642,0.001178318931657502,0.9998207135600311,0.9996988421019066,0.9999994922479463,0.08938971572185309,0.010173133876277596,cnn_deep,gz2,soft,d4,128,full,bce,0,1,False,True
cnn_deep_soft_d4_s128_full_bce_nfull_seed2,0,0.0,0.2,5107,0.10682312583668005,0.4315645192872528,0.5684354807127472,0.08380654004307819,0.6820276497695853,0.6522420207558254,0.6448927450356443,0.7058894734966581,0.05004489404483624,0.21972456130115742,cnn_deep,gz2,soft,d4,128,full,bce,0,2,False,True
cnn_deep_soft_d4_s128_full_bce_nfull_seed2,1,0.2,0.4,5703,0.11928965863453815,0.38523584078555145,0.6147641592144486,0.26985796948974217,0.25268817204301075,0.8846221287041908,0.8781206338259842,0.9513489587133417,0.22839268715929698,0.14101084423499158,cnn_deep,gz2,soft,d4,128,full,bce,0,2,False,True
cnn_deep_soft_d4_s128_full_bce_nfull_seed2,2,0.4,0.6,6995,0.14631442436412315,0.2923516797712652,0.7076483202287348,0.27176554681915654,0.055299539170506916,0.9794138670478914,0.9731145192758885,0.9970045689165494,0.2319466035533497,0.07534625348638753,cnn_deep,gz2,soft,d4,128,full,bce,0,2,False,True
cnn_deep_soft_d4_s128_full_bce_nfull_seed2,3,0.6,0.8,13270,0.2775686077643909,0.16729464958553128,0.8327053504144687,0.16571213262999251,0.008064516129032258,0.9984174830444612,0.9967100811218458,0.9999393012922424,0.1461681286631027,0.02735697328469655,cnn_deep,gz2,soft,d4,128,full,bce,0,2,False,True
cnn_deep_soft_d4_s128_full_bce_nfull_seed2,4,0.8,1.0,16733,0.35000418340026773,0.22769377876053307,0.7723062212394669,0.22739496802725156,0.0019201228878648233,0.9997011892667185,0.9994363749103056,0.9999996953487678,0.08823622019924408,0.009953162490654447,cnn_deep,gz2,soft,d4,128,full,bce,0,2,False,True
cnn_deep_soft_d4_s128_full_bce_nfull_seed3,0,0.0,0.2,5107,0.10682312583668005,0.4315645192872528,0.5684354807127472,0.09163892696299203,0.6797180892717306,0.6600744076757392,0.6544587769208022,0.7080120196079779,0.058715172637190546,0.21984840283778315,cnn_deep,gz2,soft,d4,128,full,bce,0,3,False,True
cnn_deep_soft_d4_s128_full_bce_nfull_seed3,1,0.2,0.4,5703,0.11928965863453815,0.38523584078555145,0.6147641592144486,0.270559354725583,0.25606891151135475,0.8853235139400316,0.8786910844820025,0.9505442390066212,0.22970500721281173,0.14164529600902442,cnn_deep,gz2,soft,d4,128,full,bce,0,3,False,True
cnn_deep_soft_d4_s128_full_bce_nfull_seed3,2,0.4,0.6,6995,0.14631442436412315,0.2923516797712652,0.7076483202287348,0.2731951393852752,0.052466718872357085,0.98084345961401,0.9749855523449655,0.9970010619643871,0.2337837212677084,0.07524400280615144,cnn_deep,gz2,soft,d4,128,full,bce,0,3,False,True
cnn_deep_soft_d4_s128_full_bce_nfull_seed3,3,0.6,0.8,13270,0.2775686077643909,0.16729464958553128,0.8327053504144687,0.16533534287867369,0.010180109631949883,0.9980406932931424,0.9955839549957197,0.9999305572540867,0.1465196086159755,0.02762342399520692,cnn_deep,gz2,soft,d4,128,full,bce,0,3,False,True
cnn_deep_soft_d4_s128_full_bce_nfull_seed3,4,0.8,1.0,16733,0.35000418340026773,0.22769377876053307,0.7723062212394669,0.22745473017390783,0.0015661707126076742,0.9997609514133747,0.9994750656167979,0.9999998984495893,0.08838420686711808,0.009991901143071177,cnn_deep,gz2,soft,d4,128,full,bce,0,3,False,True
cnn_deep_soft_d4_s128_full_bce_nfull_seed4,0,0.0,0.2,5107,0.10682312583668005,0.4315645192872528,0.5684354807127472,0.08831016252202861,0.6858372456964006,0.6567456432347758,0.6510391496874439,0.7037315268703194,0.05545218024546555,0.22066078493780533,cnn_deep,gz2,soft,d4,128,full,bce,0,4,False,True
cnn_deep_soft_d4_s128_full_bce_nfull_seed4,1,0.2,0.4,5703,0.11928965863453815,0.38523584078555145,0.6147641592144486,0.27494301244958785,0.24608763693270735,0.8897071716640365,0.8835309571393444,0.9520583220234199,0.23448903610178315,0.14140496959532972,cnn_deep,gz2,soft,d4,128,full,bce,0,4,False,True
cnn_deep_soft_d4_s128_full_bce_nfull_seed4,2,0.4,0.6,6995,0.14631442436412315,0.2923516797712652,0.7076483202287348,0.27133666904932097,0.057511737089201875,0.9789849892780558,0.9728114889728582,0.9969257859771308,0.23310436083428598,0.07602279141785546,cnn_deep,gz2,soft,d4,128,full,bce,0,4,False,True
cnn_deep_soft_d4_s128_full_bce_nfull_seed4,3,0.6,0.8,13270,0.2775686077643909,0.16729464958553128,0.8327053504144687,0.1654860587792012,0.009389671361502348,0.9981914091936699,0.9958544290897232,0.9999463535934124,0.1464650171140059,0.027686275233265594,cnn_deep,gz2,soft,d4,128,full,bce,0,4,False,True
cnn_deep_soft_d4_s128_full_bce_nfull_seed4,4,0.8,1.0,16733,0.35000418340026773,0.22769377876053307,0.7723062212394669,0.2275144923205642,0.0011737089201877935,0.9998207135600311,0.9996988421019066,0.9999998375193427,0.08869059770902633,0.010000292739635732,cnn_deep,gz2,soft,d4,128,full,bce,0,4,False,True
cnn_small_hard_d4_s128_full_bce_nfull_seed0,0,0.0,0.2,5107,0.10682312583668005,0.4315645192872528,0.5684354807127472,0.0626590953593108,0.5861854387056628,0.631094576072058,0.6241063128261458,0.6719904717130349,0.15127418754741623,0.25282962531668385,cnn_small,gz2,hard,d4,128,full,bce,0,0,False,True
cnn_small_hard_d4_s128_full_bce_nfull_seed0,1,0.2,0.4,5703,0.11928965863453815,0.38523584078555145,0.6147641592144486,0.2314571278274592,0.27286869943995024,0.8462212870419078,0.8350775742786734,0.9139833372324082,0.016099201648926083,0.1117793766560787,cnn_small,gz2,hard,d4,128,full,bce,0,0,False,True
cnn_small_hard_d4_s128_full_bce_nfull_seed0,2,0.4,0.6,6995,0.14631442436412315,0.2923516797712652,0.7076483202287348,0.24832022873481063,0.09583074051026758,0.9559685489635454,0.9411955743251587,0.9888370749055346,0.034417602065838805,0.035909607455253525,cnn_small,gz2,hard,d4,128,full,bce,0,0,False,True
cnn_small_hard_d4_s128_full_bce_nfull_seed0,3,0.6,0.8,13270,0.2775686077643909,0.16729464958553128,0.8327053504144687,0.15802562170308976,0.03827006845052894,0.9907309721175585,0.9773366352778117,0.9994515918633565,0.012572049183610896,0.007548766192487929,cnn_small,gz2,hard,d4,128,full,bce,0,0,False,True
cnn_small_hard_d4_s128_full_bce_nfull_seed0,4,0.8,1.0,16733,0.35000418340026773,0.22769377876053307,0.7723062212394669,0.22637901153409434,0.006845052893590542,0.9986852327735612,0.9973904895603132,0.9999841276708012,0.0042221730851380295,0.0014355746475538654,cnn_small,gz2,hard,d4,128,full,bce,0,0,False,True
cnn_small_hard_d4_s128_full_bce_nfull_seed1,0,0.0,0.2,5107,0.10682312583668005,0.4315645192872528,0.5684354807127472,0.06422557274329355,0.5820663977660565,0.6326610534560407,0.6249925760509343,0.6722901648147952,0.14497947274305356,0.25086401228447297,cnn_small,gz2,hard,d4,128,full,bce,0,1,False,True
cnn_small_hard_d4_s128_full_bce_nfull_seed1,1,0.2,0.4,5703,0.11928965863453815,0.38523584078555145,0.6147641592144486,0.23198316675433972,0.27117592305305616,0.8467473259687883,0.8344007970210896,0.913908038784413,0.012838794164510309,0.11214159815138569,cnn_small,gz2,hard,d4,128,full,bce,0,1,False,True
cnn_small_hard_d4_s128_full_bce_nfull_seed1,2,0.4,0.6,6995,0.14631442436412315,0.2923516797712652,0.7076483202287348,0.24631879914224442,0.099906919019547,0.9539671193709792,0.9384900348225531,0.9869602133807513,0.03530017106163301,0.03790289839682574,cnn_small,gz2,hard,d4,128,full,bce,0,1,False,True
cnn_small_hard_d4_s128_full_bce_nfull_seed1,3,0.6,0.8,13270,0.2775686077643909,0.16729464958553128,0.8327053504144687,0.15825169555388097,0.03723239218119764,0.9909570459683497,0.9778323345970406,0.9993818637642167,0.013412680799670732,0.007866771664851854,cnn_small,gz2,hard,d4,128,full,bce,0,1,False,True
cnn_small_hard_d4_s128_full_bce_nfull_seed1,4,0.8,1.0,16733,0.35000418340026773,0.22769377876053307,0.7723062212394669,0.22584115221418755,0.009618367980142725,0.9981473734536545,0.9960243014194919,0.9999899160442134,0.004299981624320113,0.0015075663194138932,cnn_small,gz2,hard,d4,128,full,bce,0,1,False,True
cnn_small_hard_d4_s128_full_bce_nfull_seed2,0,0.0,0.2,5107,0.10682312583668005,0.4315645192872528,0.5684354807127472,0.0679459565302526,0.5806754221388368,0.6363814372429998,0.6277188064415495,0.6745522811685515,0.14500769169332034,0.24989752019259498,cnn_small,gz2,hard,d4,128,full,bce,0,2,False,True
cnn_small_hard_d4_s128_full_bce_nfull_seed2,1,0.2,0.4,5703,0.11928965863453815,0.38523584078555145,0.6147641592144486,0.2283008942661756,0.27986241400875544,0.8430650534806242,0.8301313750197659,0.9097503311184337,0.021439475635948908,0.1138769008191794,cnn_small,gz2,hard,d4,128,full,bce,0,2,False,True
cnn_small_hard_d4_s128_full_bce_nfull_seed2,2,0.4,0.6,6995,0.14631442436412315,0.2923516797712652,0.7076483202287348,0.24846318799142242,0.09599749843652283,0.9561115082201572,0.9395747203082166,0.9882396581956484,0.0357730950433997,0.03722481410762439,cnn_small,gz2,hard,d4,128,full,bce,0,2,False,True
cnn_small_hard_d4_s128_full_bce_nfull_seed2,3,0.6,0.8,13270,0.2775686077643909,0.16729464958553128,0.8327053504144687,0.15817633760361727,0.037836147592245156,0.990881688018086,0.9776071093718153,0.9992791569850393,0.013859435314963824,0.008026950620560608,cnn_small,gz2,hard,d4,128,full,bce,0,2,False,True
cnn_small_hard_d4_s128_full_bce_nfull_seed2,4,0.8,1.0,16733,0.35000418340026773,0.22769377876053307,0.7723062212394669,0.2266180601207195,0.005628517823639775,0.9989242813601864,0.997822881054207,0.9999950748050791,0.005023953520969158,0.0014089608788810275,cnn_small,gz2,hard,d4,128,full,bce,0,2,False,True
cnn_small_hard_d4_s128_full_bce_nfull_seed3,0,0.0,0.2,5107,0.10682312583668005,0.4315645192872528,0.5684354807127472,0.07049148227922464,0.5760699781318338,0.6389269629919718,0.6300124941155436,0.6762036018812756,0.14448789773431325,0.24932927313113626,cnn_small,gz2,hard,d4,128,full,bce,0,3,False,True
cnn_small_hard_d4_s128_full_bce_nfull_seed3,1,0.2,0.4,5703,0.11928965863453815,0.38523584078555145,0.6147641592144486,0.22724881641241446,0.28147453920649795,0.8420129756268631,0.8285109654014018,0.9144224050791661,0.007028873798679343,0.11202976888320845,cnn_small,gz2,hard,d4,128,full,bce,0,3,False,True
cnn_small_hard_d4_s128_full_bce_nfull_seed3,2,0.4,0.6,6995,0.14631442436412315,0.2923516797712652,0.7076483202287348,0.24603288062902073,0.10121836925960637,0.9536812008577555,0.939148946679509,0.9888730335136203,0.03216621161467763,0.03573601286479132,cnn_small,gz2,hard,d4,128,full,bce,0,3,False,True
cnn_small_hard_d4_s128_full_bce_nfull_seed3,3,0.6,0.8,13270,0.2775686077643909,0.16729464958553128,0.8327053504144687,0.1587038432554635,0.03561387066541706,0.9914091936699322,0.9788237332354979,0.9996052341934695,0.011680039227071632,0.006978353008130409,cnn_small,gz2,hard,d4,128,full,bce,0,3,False,True
cnn_small_hard_d4_s128_full_bce_nfull_seed3,4,0.8,1.0,16733,0.35000418340026773,0.22769377876053307,0.7723062212394669,0.2266180601207195,0.005623242736644799,0.9989242813601864,0.9977303381648988,0.9999944350374914,0.004223242478622985,0.0011992060800624707,cnn_small,gz2,hard,d4,128,full,bce,0,3,False,True
cnn_small_hard_d4_s128_full_bce_nfull_seed4,0,0.0,0.2,5107,0.10682312583668005,0.4315645192872528,0.5684354807127472,0.06755433718425696,0.5853274559193955,0.6359898178970042,0.6277020830194435,0.668998229505368,0.1475685046445293,0.2528284764404633,cnn_small,gz2,hard,d4,128,full,bce,0,4,False,True
cnn_small_hard_d4_s128_full_bce_nfull_seed4,1,0.2,0.4,5703,0.11928965863453815,0.38523584078555145,0.6147641592144486,0.23531474662458352,0.26920654911838793,0.8500789058390321,0.8380451120791433,0.9147390480354765,0.017870575765025046,0.11137806412757247,cnn_small,gz2,hard,d4,128,full,bce,0,4,False,True
cnn_small_hard_d4_s128_full_bce_nfull_seed4,2,0.4,0.6,6995,0.14631442436412315,0.2923516797712652,0.7076483202287348,0.24574696211579705,0.1026448362720403,0.9533952823445319,0.9366511076535526,0.9882375342668741,0.03178524734144625,0.037230690506418175,cnn_small,gz2,hard,d4,128,full,bce,0,4,False,True
cnn_small_hard_d4_s128_full_bce_nfull_seed4,3,0.6,0.8,13270,0.2775686077643909,0.16729464958553128,0.8327053504144687,0.15855312735493599,0.036523929471032744,0.9912584777694047,0.9792731645672822,0.9992727365374423,0.012473366178552985,0.007552964057844979,cnn_small,gz2,hard,d4,128,full,bce,0,4,False,True
cnn_small_hard_d4_s128_full_bce_nfull_seed4,4,0.8,1.0,16733,0.35000418340026773,0.22769377876053307,0.7723062212394669,0.22649853582740698,0.006297229219143577,0.9988047570668739,0.997560413862606,0.999991104184019,0.00427601869668516,0.0013731814408285338,cnn_small,gz2,hard,d4,128,full,bce,0,4,False,True
cnn_small_soft_d4_s128_full_bce_nfull_seed0,0,0.0,0.2,5107,0.10682312583668005,0.4315645192872528,0.5684354807127472,0.07264538868220094,0.6281699794379713,0.6410808693949481,0.6363863060492525,0.6844366051015502,0.030966082982104723,0.22420492740403855,cnn_small,gz2,soft,d4,128,full,bce,0,0,False,True
cnn_small_soft_d4_s128_full_bce_nfull_seed0,1,0.2,0.4,5703,0.11928965863453815,0.38523584078555145,0.6147641592144486,0.24671225670699626,0.2707333790267306,0.8614764159214449,0.8533478339103184,0.9274053504999947,0.20325418872823742,0.14719318118558863,cnn_small,gz2,soft,d4,128,full,bce,0,0,False,True
cnn_small_soft_d4_s128_full_bce_nfull_seed0,2,0.4,0.6,6995,0.14631442436412315,0.2923516797712652,0.7076483202287348,0.26032880629020727,0.07676490747087046,0.9679771265189421,0.9575723000172878,0.992921636906967,0.22633864126934414,0.08131462850763924,cnn_small,gz2,soft,d4,128,full,bce,0,0,False,True
cnn_small_soft_d4_s128_full_bce_nfull_seed0,3,0.6,0.8,13270,0.2775686077643909,0.16729464958553128,0.8327053504144687,0.16284853051996984,0.02021932830705963,0.9955538809344385,0.9892313807019689,0.9998387550446375,0.14970320870141138,0.030872396528792808,cnn_small,gz2,soft,d4,128,full,bce,0,0,False,True
cnn_small_soft_d4_s128_full_bce_nfull_seed0,4,0.8,1.0,16733,0.35000418340026773,0.22769377876053307,0.7723062212394669,0.2269766330006574,0.00411240575736806,0.9992828542401243,0.9985177397397019,0.9999988017051533,0.09335654616448952,0.011573956010032964,cnn_small,gz2,soft,d4,128,full,bce,0,0,False,True
cnn_small_soft_d4_s128_full_bce_nfull_seed1,0,0.0,0.2,5107,0.10682312583668005,0.4315645192872528,0.5684354807127472,0.06442138241629136,0.6204500330906685,0.6328568631290385,0.6286607883577474,0.6786919533144572,0.024210004107882585,0.22553704718263975,cnn_small,gz2,soft,d4,128,full,bce,0,1,False,True
cnn_small_soft_d4_s128_full_bce_nfull_seed1,1,0.2,0.4,5703,0.11928965863453815,0.38523584078555145,0.6147641592144486,0.24127652112923015,0.27167438782263403,0.8560406803436788,0.8496915749605138,0.9234108327463084,0.19913589321671296,0.14896523377126064,cnn_small,gz2,soft,d4,128,full,bce,0,1,False,True
cnn_small_soft_d4_s128_full_bce_nfull_seed1,2,0.4,0.6,6995,0.14631442436412315,0.2923516797712652,0.7076483202287348,0.25661186561829874,0.0827266710787558,0.9642601858470335,0.953798127979057,0.9905499987651578,0.22406478611069375,0.08296670368917496,cnn_small,gz2,soft,d4,128,full,bce,0,1,False,True
cnn_small_soft_d4_s128_full_bce_nfull_seed1,3,0.6,0.8,13270,0.2775686077643909,0.16729464958553128,0.8327053504144687,0.16254709871891493,0.02084712111184646,0.9952524491333836,0.9897702906526435,0.9997731238025357,0.15148427390578373,0.0318259900950825,cnn_small,gz2,soft,d4,128,full,bce,0,1,False,True
cnn_small_soft_d4_s128_full_bce_nfull_seed1,4,0.8,1.0,16733,0.35000418340026773,0.22769377876053307,0.7723062212394669,0.22691687085400114,0.004301786896095301,0.999223092093468,0.9984790490332096,0.9999917337965657,0.09440517974879951,0.012069493784732346,cnn_small,gz2,soft,d4,128,full,bce,0,1,False,True
cnn_small_soft_d4_s128_full_bce_nfull_seed2,0,0.0,0.2,5107,0.10682312583668005,0.4315645192872528,0.5684354807127472,0.07166634031721164,0.6068009243974909,0.6401018210299588,0.6369453684873212,0.6836780338006931,0.029736024737708266,0.2244455543752701,cnn_small,gz2,soft,d4,128,full,bce,0,2,False,True
cnn_small_soft_d4_s128_full_bce_nfull_seed2,1,0.2,0.4,5703,0.11928965863453815,0.38523584078555145,0.6147641592144486,0.23776959495002625,0.2776493892373721,0.8525337541644749,0.8457347064308249,0.9229197051105056,0.19551259415511937,0.14898711188995944,cnn_small,gz2,soft,d4,128,full,bce,0,2,False,True
cnn_small_soft_d4_s128_full_bce_nfull_seed2,2,0.4,0.6,6995,0.14631442436412315,0.2923516797712652,0.7076483202287348,0.2554681915654039,0.08517662594915813,0.9631165117941387,0.9524160924649923,0.9908904694870465,0.22395607189110897,0.08354129558178625,cnn_small,gz2,soft,d4,128,full,bce,0,2,False,True
cnn_small_soft_d4_s128_full_bce_nfull_seed2,3,0.6,0.8,13270,0.2775686077643909,0.16729464958553128,0.8327053504144687,0.16134137151469485,0.026081214922416638,0.9940467219291635,0.9867066161183808,0.9997241857241856,0.1508578782776243,0.03234832355077908,cnn_small,gz2,soft,d4,128,full,bce,0,2,False,True
cnn_small_soft_d4_s128_full_bce_nfull_seed2,4,0.8,1.0,16733,0.35000418340026773,0.22769377876053307,0.7723062212394669,0.22691687085400114,0.004291845493562232,0.999223092093468,0.9984790490332096,0.999994932634504,0.09486868399695902,0.01221217390547133,cnn_small,gz2,soft,d4,128,full,bce,0,2,False,True
cnn_small_soft_d4_s128_full_bce_nfull_seed3,0,0.0,0.2,5107,0.10682312583668005,0.4315645192872528,0.5684354807127472,0.07029567260622682,0.6212121212121212,0.638731153318974,0.6342648539935845,0.6781372670989959,0.030552145510194157,0.22571476750756223,cnn_small,gz2,soft,d4,128,full,bce,0,3,False,True
cnn_small_soft_d4_s128_full_bce_nfull_seed3,1,0.2,0.4,5703,0.11928965863453815,0.38523584078555145,0.6147641592144486,0.24671225670699626,0.265993265993266,0.8614764159214449,0.8538576563332096,0.9282498615417332,0.20504511520723784,0.14775580204417807,cnn_small,gz2,soft,d4,128,full,bce,0,3,False,True
cnn_small_soft_d4_s128_full_bce_nfull_seed3,2,0.4,0.6,6995,0.14631442436412315,0.2923516797712652,0.7076483202287348,0.25632594710507506,0.08484848484848485,0.9639742673338099,0.955174483218493,0.991923390383048,0.22257285537604266,0.08200760532994565,cnn_small,gz2,soft,d4,128,full,bce,0,3,False,True
cnn_small_soft_d4_s128_full_bce_nfull_seed3,3,0.6,0.8,13270,0.2775686077643909,0.16729464958553128,0.8327053504144687,0.1620195930670686,0.02356902356902357,0.9947249434815373,0.9876537850067262,0.999704740940035,0.14956120927905847,0.03144845089983842,cnn_small,gz2,soft,d4,128,full,bce,0,3,False,True
cnn_small_soft_d4_s128_full_bce_nfull_seed3,4,0.8,1.0,16733,0.35000418340026773,0.22769377876053307,0.7723062212394669,0.22691687085400114,0.004377104377104377,0.999223092093468,0.9983865061439015,0.9999971667435402,0.09282804303060907,0.01167581748004057,cnn_small,gz2,soft,d4,128,full,bce,0,3,False,True
cnn_small_soft_d4_s128_full_bce_nfull_seed4,0,0.0,0.2,5107,0.10682312583668005,0.4315645192872528,0.5684354807127472,0.06344233405130217,0.623342175066313,0.6318778147640494,0.6273079885442996,0.6737296294652318,0.019641289535989377,0.22629547115976717,cnn_small,gz2,soft,d4,128,full,bce,0,4,False,True
cnn_small_soft_d4_s128_full_bce_nfull_seed4,1,0.2,0.4,5703,0.11928965863453815,0.38523584078555145,0.6147641592144486,0.24267929160091173,0.26956233421750664,0.8574434508153603,0.8517671507145174,0.9283543056820989,0.20005713174207448,0.14753498653291147,cnn_small,gz2,soft,d4,128,full,bce,0,4,False,True
cnn_small_soft_d4_s128_full_bce_nfull_seed4,2,0.4,0.6,6995,0.14631442436412315,0.2923516797712652,0.7076483202287348,0.25661186561829874,0.08289124668435013,0.9642601858470335,0.9553765034205132,0.9910498135388112,0.22312135750200174,0.08252198737073833,cnn_small,gz2,soft,d4,128,full,bce,0,4,False,True
cnn_small_soft_d4_s128_full_bce_nfull_seed4,3,0.6,0.8,13270,0.2775686077643909,0.16729464958553128,0.8327053504144687,0.16277317256970614,0.01989389920424403,0.9954785229841748,0.9902659899718723,0.9997492968081203,0.15057674426172765,0.03139813880634725,cnn_small,gz2,soft,d4,128,full,bce,0,4,False,True
cnn_small_soft_d4_s128_full_bce_nfull_seed4,4,0.8,1.0,16733,0.35000418340026773,0.22769377876053307,0.7723062212394669,0.22691687085400114,0.004310344827586207,0.999223092093468,0.9986641348118261,0.9999939272854377,0.09369096952413532,0.011764568552581558,cnn_small,gz2,soft,d4,128,full,bce,0,4,False,True
cnn_small_soft_d4_s64_full_bce_nfull_seed0,0,0.0,0.2,5107,0.10682312583668005,0.4315645192872528,0.5684354807127472,0.06226747601331506,0.6135328562134027,0.6307029567260622,0.6279133139070727,0.6757757479745904,0.017564951129066576,0.2261804280693133,cnn_small,gz2,soft,d4,64,full,bce,0,0,False,True
cnn_small_soft_d4_s64_full_bce_nfull_seed0,1,0.2,0.4,5703,0.11928965863453815,0.38523584078555145,0.6147641592144486,0.23584078555146404,0.2771633051398829,0.8506049447659126,0.8430613518771772,0.9200229218861691,0.1934454909086687,0.14990915044455802,cnn_small,gz2,soft,d4,64,full,bce,0,0,False,True
cnn_small_soft_d4_s64_full_bce_nfull_seed0,2,0.4,0.6,6995,0.14631442436412315,0.2923516797712652,0.7076483202287348,0.25618298784846316,0.0823031880286272,0.963831308077198,0.9529211429700427,0.9913398533007335,0.22557064751276293,0.08369936264824282,cnn_small,gz2,soft,d4,64,full,bce,0,0,False,True
cnn_small_soft_d4_s64_full_bce_nfull_seed0,3,0.6,0.8,13270,0.2775686077643909,0.16729464958553128,0.8327053504144687,0.1620195930670686,0.02277163305139883,0.9947249434815373,0.9876537850067262,0.999745933716522,0.15201088835463522,0.032404766180379775,cnn_small,gz2,soft,d4,64,full,bce,0,0,False,True
cnn_small_soft_d4_s64_full_bce_nfull_seed0,4,0.8,1.0,16733,0.35000418340026773,0.22769377876053307,0.7723062212394669,0.22691687085400114,0.004229017566688354,0.999223092093468,0.9985715919225179,0.9999936530993286,0.09476359535048966,0.012241414479208028,cnn_small,gz2,soft,d4,64,full,bce,0,0,False,True
cnn_small_soft_d4_s64_full_bce_nfull_seed1,0,0.0,0.2,5107,0.10682312583668005,0.4315645192872528,0.5684354807127472,0.062071666340317244,0.5902408507976228,0.6305071470530644,0.6261569638517761,0.6708013895131952,0.01803717550108383,0.22757952039644583,cnn_small,gz2,soft,d4,64,full,bce,0,1,False,True
cnn_small_soft_d4_s64_full_bce_nfull_seed1,1,0.2,0.4,5703,0.11928965863453815,0.38523584078555145,0.6147641592144486,0.22567069963177266,0.2846418517360025,0.8404348588462213,0.8338551429229455,0.9094755566957067,0.18194396871313717,0.15283422658178558,cnn_small,gz2,soft,d4,64,full,bce,0,1,False,True
cnn_small_soft_d4_s64_full_bce_nfull_seed1,2,0.4,0.6,6995,0.14631442436412315,0.2923516797712652,0.7076483202287348,0.24960686204431737,0.09352517985611511,0.9572551822730522,0.946265836852634,0.9879893803561285,0.21955704791704359,0.08582725656687226,cnn_small,gz2,soft,d4,64,full,bce,0,1,False,True
cnn_small_soft_d4_s64_full_bce_nfull_seed1,3,0.6,0.8,13270,0.2775686077643909,0.16729464958553128,0.8327053504144687,0.16088922381311233,0.02658742571160463,0.993594574227581,0.9844553829847947,0.9996229872406343,0.15278150767744847,0.033571583544218346,cnn_small,gz2,soft,d4,64,full,bce,0,1,False,True
cnn_small_soft_d4_s64_full_bce_nfull_seed1,4,0.8,1.0,16733,0.35000418340026773,0.22769377876053307,0.7723062212394669,0.22673758441403213,0.005004691898654989,0.999043805653499,0.9980853482458081,0.9999952474407774,0.09709511547806508,0.012976934900489043,cnn_small,gz2,soft,d4,64,full,bce,0,1,False,True
cnn_small_soft_d4_s96_full_bce_nfull_seed0,0,0.0,0.2,5107,0.10682312583668005,0.4315645192872528,0.5684354807127472,0.07186214999020957,0.6176866173503699,0.6402976307029568,0.6357519882117066,0.6835352595381335,0.03165262853513382,0.22442965814439328,cnn_small,gz2,soft,d4,96,full,bce,0,0,False,True
cnn_small_soft_d4_s96_full_bce_nfull_seed0,1,0.2,0.4,5703,0.11928965863453815,0.38523584078555145,0.6147641592144486,0.2440820620725933,0.2706792199058507,0.8588462212870419,0.8512936143540653,0.9283827373374626,0.20297048679599838,0.1480320270837101,cnn_small,gz2,soft,d4,96,full,bce,0,0,False,True
cnn_small_soft_d4_s96_full_bce_nfull_seed0,2,0.4,0.6,6995,0.14631442436412315,0.2923516797712652,0.7076483202287348,0.2548963545389564,0.08809683927370544,0.9625446747676912,0.9520120520609519,0.9915079894297497,0.22288982804606347,0.08305312833988518,cnn_small,gz2,soft,d4,96,full,bce,0,0,False,True
cnn_small_soft_d4_s96_full_bce_nfull_seed0,3,0.6,0.8,13270,0.2775686077643909,0.16729464958553128,0.8327053504144687,0.16307460437076116,0.01882985877605918,0.9957799547852298,0.9902670090905386,0.9996956300191594,0.15131567778106506,0.031433185328708396,cnn_small,gz2,soft,d4,96,full,bce,0,0,False,True
cnn_small_soft_d4_s96_full_bce_nfull_seed0,4,0.8,1.0,16733,0.35000418340026773,0.22769377876053307,0.7723062212394669,0.22685710870734477,0.004707464694014795,0.9991633299468117,0.9984403583267174,0.9999987103097835,0.09435209565197245,0.011865204295981509,cnn_small,gz2,soft,d4,96,full,bce,0,0,False,True
cnn_small_soft_d4_s96_full_bce_nfull_seed1,0,0.0,0.2,5107,0.10682312583668005,0.4315645192872528,0.5684354807127472,0.06775014685725478,0.6334810773951586,0.636185627570002,0.6318072924123177,0.6810168215745274,0.025270984736596707,0.2245956016332394,cnn_small,gz2,soft,d4,96,full,bce,0,1,False,True
cnn_small_soft_d4_s96_full_bce_nfull_seed1,1,0.2,0.4,5703,0.11928965863453815,0.38523584078555145,0.6147641592144486,0.2512712607399613,0.26048414592567337,0.8660354199544099,0.8606245201346752,0.9288914562486157,0.2094413777837811,0.1476705146796194,cnn_small,gz2,soft,d4,96,full,bce,0,1,False,True
cnn_small_soft_d4_s96_full_bce_nfull_seed1,2,0.4,0.6,6995,0.14631442436412315,0.2923516797712652,0.7076483202287348,0.25904217298070054,0.07944084555063076,0.9666904932094353,0.9569501864611889,0.9922398557704181,0.22716932452847652,0.08260504732636681,cnn_small,gz2,soft,d4,96,full,bce,0,1,False,True
cnn_small_soft_d4_s96_full_bce_nfull_seed1,3,0.6,0.8,13270,0.2775686077643909,0.16729464958553128,0.8327053504144687,0.16239638281838742,0.02216160927378111,0.9951017332328561,0.9882399820635115,0.9998165178753414,0.15026114358375103,0.031323119774153724,cnn_small,gz2,soft,d4,96,full,bce,0,1,False,True
cnn_small_soft_d4_s96_full_bce_nfull_seed1,4,0.8,1.0,16733,0.35000418340026773,0.22769377876053307,0.7723062212394669,0.22691687085400114,0.004432321854756222,0.999223092093468,0.9985715919225179,0.9999975831002244,0.09357730531394355,0.011777497909609101,cnn_small,gz2,soft,d4,96,full,bce,0,1,False,True
convnext_tiny_hard_conf_d4_s224_full_bce_nfull_seed0,0,0.0,0.2,5107,0.10682312583668005,0.4315645192872528,0.5684354807127472,0.0808693949481104,0.6901734104046243,0.6493048756608576,0.6553644987068262,0.7104240997328628,0.30788740842384194,0.32330100958937774,convnext_tiny,gz2,hard_conf,d4,224,full,bce,0,0,False,True
convnext_tiny_hard_conf_d4_s224_full_bce_nfull_seed0,1,0.2,0.4,5703,0.11928965863453815,0.38523584078555145,0.6147641592144486,0.270559354725583,0.2520231213872832,0.8853235139400316,0.8890574737474557,0.9549524438370949,0.09426953217854055,0.10258711101044318,convnext_tiny,gz2,hard_conf,d4,224,full,bce,0,0,False,True
convnext_tiny_hard_conf_d4_s224_full_bce_nfull_seed0,2,0.4,0.6,6995,0.14631442436412315,0.2923516797712652,0.7076483202287348,0.2731951393852752,0.05163776493256262,0.98084345961401,0.979720678669334,0.9981922896446124,0.014352481096807172,0.01616899277108762,convnext_tiny,gz2,hard_conf,d4,224,full,bce,0,0,False,True
convnext_tiny_hard_conf_d4_s224_full_bce_nfull_seed0,3,0.6,0.8,13270,0.2775686077643909,0.16729464958553128,0.8327053504144687,0.16616428033157504,0.005780346820809248,0.9988696307460437,0.9980614324731971,0.9999883005177123,0.0009116772603954782,0.0009450720681909016,convnext_tiny,gz2,hard_conf,d4,224,full,bce,0,0,False,True
convnext_tiny_hard_conf_d4_s224_full_bce_nfull_seed0,4,0.8,1.0,16733,0.35000418340026773,0.22769377876053307,0.7723062212394669,0.22763401661387683,0.0003853564547206166,0.9999402378533437,0.9998687664041994,0.9999999390697535,5.399002660433361e-05,5.988696465445075e-05,convnext_tiny,gz2,hard_conf,d4,224,full,bce,0,0,False,True
convnext_tiny_hard_conf_d4_s224_full_bce_nfull_seed1,0,0.0,0.2,5107,0.10682312583668005,0.4315645192872528,0.5684354807127472,0.096729978460936,0.6962540716612378,0.6651654591736832,0.6604117681627304,0.713378987754704,0.2875689456179492,0.3030014966812639,convnext_tiny,gz2,hard_conf,d4,224,full,bce,0,1,False,True
convnext_tiny_hard_conf_d4_s224_full_bce_nfull_seed1,1,0.2,0.4,5703,0.11928965863453815,0.38523584078555145,0.6147641592144486,0.2770471681571103,0.2512214983713355,0.8918113273715589,0.8864318947608119,0.9553674940754402,0.0851292825885219,0.09357947157654622,convnext_tiny,gz2,hard_conf,d4,224,full,bce,0,1,False,True
convnext_tiny_hard_conf_d4_s224_full_bce_nfull_seed1,2,0.4,0.6,6995,0.14631442436412315,0.2923516797712652,0.7076483202287348,0.27634024303073623,0.04560260586319218,0.983988563259471,0.979360104714628,0.9982074041144946,0.011055967072477635,0.013208204745037158,convnext_tiny,gz2,hard_conf,d4,224,full,bce,0,1,False,True
convnext_tiny_hard_conf_d4_s224_full_bce_nfull_seed1,3,0.6,0.8,13270,0.2775686077643909,0.16729464958553128,0.8327053504144687,0.16608892238131123,0.006514657980456026,0.9987942727957799,0.9969363254657372,0.9999891973421386,0.0010032807422728747,0.0010153667533062997,convnext_tiny,gz2,hard_conf,d4,224,full,bce,0,1,False,True
convnext_tiny_hard_conf_d4_s224_full_bce_nfull_seed1,4,0.8,1.0,16733,0.35000418340026773,0.22769377876053307,0.7723062212394669,0.22763401661387683,0.00040716612377850165,0.9999402378533437,0.9998687664041994,0.9999998375193427,7.557669338974494e-05,6.597077604524921e-05,convnext_tiny,gz2,hard_conf,d4,224,full,bce,0,1,False,True
convnext_tiny_hard_conf_d4_s224_full_bce_nfull_seed2,0,0.0,0.2,5107,0.10682312583668005,0.4315645192872528,0.5684354807127472,0.07616996279616217,0.674219910846954,0.6446054435089094,0.645768380291244,0.699453691124958,0.27603699840957285,0.30251702565702115,convnext_tiny,gz2,hard_conf,d4,224,full,bce,0,2,False,True
convnext_tiny_hard_conf_d4_s224_full_bce_nfull_seed2,1,0.2,0.4,5703,0.11928965863453815,0.38523584078555145,0.6147641592144486,0.2619673855865333,0.2611441307578009,0.8767315448009819,0.8759515841365384,0.945039273333626,0.07992971013765877,0.1010826221899207,convnext_tiny,gz2,hard_conf,d4,224,full,bce,0,2,False,True
convnext_tiny_hard_conf_d4_s224_full_bce_nfull_seed2,2,0.4,0.6,6995,0.14631442436412315,0.2923516797712652,0.7076483202287348,0.2700500357398141,0.05794947994056464,0.9776983559685489,0.9736242621817194,0.9964845027290016,0.010165778195141757,0.01767853452125973,convnext_tiny,gz2,hard_conf,d4,224,full,bce,0,2,False,True
convnext_tiny_hard_conf_d4_s224_full_bce_nfull_seed2,3,0.6,0.8,13270,0.2775686077643909,0.16729464958553128,0.8327053504144687,0.16608892238131123,0.005943536404160475,0.9987942727957799,0.9976562308915251,0.9999772736537443,0.0010894722415291146,0.0011895541200001788,convnext_tiny,gz2,hard_conf,d4,224,full,bce,0,2,False,True
convnext_tiny_hard_conf_d4_s224_full_bce_nfull_seed2,4,0.8,1.0,16733,0.35000418340026773,0.22769377876053307,0.7723062212394669,0.22757425446722046,0.0007429420505200594,0.9998804757066874,0.9997375328083989,0.9999989641858105,0.00010784543713163838,9.24722441517592e-05,convnext_tiny,gz2,hard_conf,d4,224,full,bce,0,2,False,True
convnext_tiny_hard_d4_s224_full_bce_nfull_seed0,0,0.0,0.2,5107,0.10682312583668005,0.4315645192872528,0.5684354807127472,0.07989034658312122,0.7135478744537147,0.6483258272958684,0.651935962734589,0.7135419238999896,0.164693545125767,0.2476821533689635,convnext_tiny,gz2,hard,d4,224,full,bce,0,0,False,True
convnext_tiny_hard_d4_s224_full_bce_nfull_seed0,1,0.2,0.4,5703,0.11928965863453815,0.38523584078555145,0.6147641592144486,0.279502016482553,0.2395709177592372,0.8942661756970016,0.8971804236498404,0.9635236142424157,0.008588710192565208,0.07573156696203154,convnext_tiny,gz2,hard,d4,224,full,bce,0,0,False,True
convnext_tiny_hard_d4_s224_full_bce_nfull_seed0,2,0.4,0.6,6995,0.14631442436412315,0.2923516797712652,0.7076483202287348,0.27862759113652613,0.03814064362336114,0.9862759113652609,0.986428836037638,0.9987828900249438,0.019621855762365213,0.012694790040117662,convnext_tiny,gz2,hard,d4,224,full,bce,0,0,False,True
convnext_tiny_hard_d4_s224_full_bce_nfull_seed0,3,0.6,0.8,13270,0.2775686077643909,0.16729464958553128,0.8327053504144687,0.16586284853052002,0.007548669050456893,0.9985681989449887,0.998060413354531,0.9999619664913784,0.0030732513582375142,0.001167191647560507,convnext_tiny,gz2,hard,d4,224,full,bce,0,0,False,True
convnext_tiny_hard_d4_s224_full_bce_nfull_seed0,4,0.8,1.0,16733,0.35000418340026773,0.22769377876053307,0.7723062212394669,0.2275144923205642,0.0011918951132300357,0.9998207135600311,0.9997913849912149,0.9999993094572069,0.00033688955309682544,0.00012385498934129344,convnext_tiny,gz2,hard,d4,224,full,bce,0,0,False,True
convnext_tiny_hard_d4_s224_full_bce_nfull_seed1,0,0.0,0.2,5107,0.10682312583668005,0.4315645192872528,0.5684354807127472,0.08615625611905231,0.7271228359439407,0.6545917368317995,0.6484344376210104,0.7052162385366412,0.1277421219087837,0.23436657434395183,convnext_tiny,gz2,hard,d4,224,full,bce,0,1,False,True
convnext_tiny_hard_d4_s224_full_bce_nfull_seed1,1,0.2,0.4,5703,0.11928965863453815,0.38523584078555145,0.6147641592144486,0.2882693319305628,0.2279472382522671,0.9030334911450114,0.8971735429295926,0.9613695593301139,0.03864340896523501,0.07544910289529683,convnext_tiny,gz2,hard,d4,224,full,bce,0,1,False,True
convnext_tiny_hard_d4_s224_full_bce_nfull_seed1,2,0.4,0.6,6995,0.14631442436412315,0.2923516797712652,0.7076483202287348,0.27791279485346676,0.0416323165704864,0.9855611150822016,0.9819061025906992,0.998691659875034,0.031563215780916164,0.013839613489380568,convnext_tiny,gz2,hard,d4,224,full,bce,0,1,False,True
convnext_tiny_hard_d4_s224_full_bce_nfull_seed1,3,0.6,0.8,13270,0.2775686077643909,0.16729464958553128,0.8327053504144687,0.16676714393368508,0.0028854080791426216,0.9994724943481538,0.9986033997798704,0.9999939260527496,0.006405501499224553,0.0011822922720058676,convnext_tiny,gz2,hard,d4,224,full,bce,0,1,False,True
convnext_tiny_hard_d4_s224_full_bce_nfull_seed1,4,0.8,1.0,16733,0.35000418340026773,0.22769377876053307,0.7723062212394669,0.22763401661387683,0.00041220115416323167,0.9999402378533437,0.9998687664041994,1.0,0.0007501105312830664,6.606153649608859e-05,convnext_tiny,gz2,hard,d4,224,full,bce,0,1,False,True
convnext_tiny_hard_d4_s224_full_bce_nfull_seed2,0,0.0,0.2,5107,0.10682312583668005,0.4315645192872528,0.5684354807127472,0.10612884276483259,0.6939457202505219,0.6745643234775798,0.6598845114853963,0.7226659573018211,0.1355965606494918,0.2305931507852195,convnext_tiny,gz2,hard,d4,224,full,bce,0,2,False,True
convnext_tiny_hard_d4_s224_full_bce_nfull_seed2,1,0.2,0.4,5703,0.11928965863453815,0.38523584078555145,0.6147641592144486,0.28371032789759765,0.24175365344467642,0.8984744871120462,0.8867529517640739,0.9634384491012351,0.011559246871293342,0.0728401143323485,convnext_tiny,gz2,hard,d4,224,full,bce,0,2,False,True
convnext_tiny_hard_d4_s224_full_bce_nfull_seed2,2,0.4,0.6,6995,0.14631442436412315,0.2923516797712652,0.7076483202287348,0.27362401715511075,0.054697286012526096,0.9812723373838456,0.9735667185300436,0.9983193796152231,0.016873820924159663,0.014552277023965481,convnext_tiny,gz2,hard,d4,224,full,bce,0,2,False,True
convnext_tiny_hard_d4_s224_full_bce_nfull_seed2,3,0.6,0.8,13270,0.2775686077643909,0.16729464958553128,0.8327053504144687,0.1657874905802562,0.008350730688935281,0.9984928409947249,0.9958554482083894,0.9999897272838449,0.0035835923777117005,0.0012859776858632254,convnext_tiny,gz2,hard,d4,224,full,bce,0,2,False,True
convnext_tiny_hard_d4_s224_full_bce_nfull_seed2,4,0.8,1.0,16733,0.35000418340026773,0.22769377876053307,0.7723062212394669,0.2275144923205642,0.0012526096033402922,0.9998207135600311,0.9996988421019066,0.9999999187596714,0.0004395545704682992,0.00013284137609511032,convnext_tiny,gz2,hard,d4,224,full,bce,0,2,False,True
convnext_tiny_hard_d4_s224_full_bce_nfull_seed3,0,0.0,0.2,5107,0.10682312583668005,0.4315645192872528,0.5684354807127472,0.07851967887213629,0.7129300118623962,0.6469551595848835,0.6474528352608511,0.7111745437631638,0.1605788311755515,0.2437607338414025,convnext_tiny,gz2,hard,d4,224,full,bce,0,3,False,True
convnext_tiny_hard_d4_s224_full_bce_nfull_seed3,1,0.2,0.4,5703,0.11928965863453815,0.38523584078555145,0.6147641592144486,0.2826582500438365,0.2313167259786477,0.8974224092582851,0.8984728955446948,0.9630572831644875,0.01131009168434222,0.07449392455161949,convnext_tiny,gz2,hard,d4,224,full,bce,0,3,False,True
convnext_tiny_hard_d4_s224_full_bce_nfull_seed3,2,0.4,0.6,6995,0.14631442436412315,0.2923516797712652,0.7076483202287348,0.2746247319513938,0.049031237643337285,0.9822730521801286,0.9781479835025068,0.9983449655478995,0.017486975264760105,0.014101817132219353,convnext_tiny,gz2,hard,d4,224,full,bce,0,3,False,True
convnext_tiny_hard_d4_s224_full_bce_nfull_seed3,3,0.6,0.8,13270,0.2775686077643909,0.16729464958553128,0.8327053504144687,0.16608892238131123,0.006326611308817715,0.9987942727957799,0.9974762545350782,0.9999505523623171,0.0035847542247999086,0.0010692202202285024,convnext_tiny,gz2,hard,d4,224,full,bce,0,3,False,True
convnext_tiny_hard_d4_s224_full_bce_nfull_seed3,4,0.8,1.0,16733,0.35000418340026773,0.22769377876053307,0.7723062212394669,0.22763401661387683,0.00039541320680110717,0.9999402378533437,0.9998687664041994,0.9999999187596714,0.0003831261192785454,7.691927054046873e-05,convnext_tiny,gz2,hard,d4,224,full,bce,0,3,False,True
convnext_tiny_hard_d4_s224_full_bce_nfull_seed4,0,0.0,0.2,5107,0.10682312583668005,0.4315645192872528,0.5684354807127472,0.09203054630898766,0.6897374701670644,0.6604660270217348,0.6436051978271429,0.7115809854378067,0.14412653899572908,0.2352432122825048,convnext_tiny,gz2,hard,d4,224,full,bce,0,4,False,True
convnext_tiny_hard_d4_s224_full_bce_nfull_seed4,1,0.2,0.4,5703,0.11928965863453815,0.38523584078555145,0.6147641592144486,0.2770471681571103,0.2454256165473349,0.8918113273715589,0.8764903575144346,0.9604154760640515,0.013961087623841413,0.07878792821111046,convnext_tiny,gz2,hard,d4,224,full,bce,0,4,False,True
convnext_tiny_hard_d4_s224_full_bce_nfull_seed4,2,0.4,0.6,6995,0.14631442436412315,0.2923516797712652,0.7076483202287348,0.27348105789849897,0.05250596658711217,0.9811293781272338,0.9707394235756094,0.998453088340619,0.021215130419973676,0.016037938359118438,convnext_tiny,gz2,hard,d4,224,full,bce,0,4,False,True
convnext_tiny_hard_d4_s224_full_bce_nfull_seed4,3,0.6,0.8,13270,0.2775686077643909,0.16729464958553128,0.8327053504144687,0.16510926902788248,0.011535401750198886,0.9978146194423512,0.9940083975378093,0.9999863234274998,0.004949989824245398,0.0017870969452924573,convnext_tiny,gz2,hard,d4,224,full,bce,0,4,False,True
convnext_tiny_hard_d4_s224_full_bce_nfull_seed4,4,0.8,1.0,16733,0.35000418340026773,0.22769377876053307,0.7723062212394669,0.22757425446722046,0.0007955449482895784,0.9998804757066874,0.9998300756977072,0.999999857829425,0.0007154601766421161,0.00011799414803462039,convnext_tiny,gz2,hard,d4,224,full,bce,0,4,False,True
convnext_tiny_hard_debiased_d4_s224_full_bce_nfull_seed0,0,0.0,0.2,5107,0.10682312583668005,0.4315645192872528,0.5684354807127472,-0.10377912668885841,0.18530567981564322,0.4646563540238888,0.5238092298285834,0.6111844215227629,0.43280596193001386,0.4481127744593834,convnext_tiny,gz2,hard_debiased,d4,224,full,bce,0,0,False,True
convnext_tiny_hard_debiased_d4_s224_full_bce_nfull_seed0,1,0.2,0.4,5703,0.11928965863453815,0.38523584078555145,0.6147641592144486,-0.1430825881115203,0.20421580588315033,0.4716815711029283,0.5672491088169029,0.8057224094153179,0.41056410133720334,0.4106719427099573,convnext_tiny,gz2,hard_debiased,d4,224,full,bce,0,0,False,True
convnext_tiny_hard_debiased_d4_s224_full_bce_nfull_seed0,2,0.4,0.6,6995,0.14631442436412315,0.2923516797712652,0.7076483202287348,-0.20486061472480344,0.23573268266232886,0.5027877055039314,0.6471084932454125,0.9449276135437505,0.3386822684988958,0.34324310480722936,convnext_tiny,gz2,hard_debiased,d4,224,full,bce,0,0,False,True
convnext_tiny_hard_debiased_d4_s224_full_bce_nfull_seed0,3,0.6,0.8,13270,0.2775686077643909,0.16729464958553128,0.8327053504144687,-0.12645064054257715,0.2641995391080385,0.7062547098718915,0.8225400513635808,0.9942364762952998,0.09724290082817187,0.19077381964914852,convnext_tiny,gz2,hard_debiased,d4,224,full,bce,0,0,False,True
convnext_tiny_hard_debiased_d4_s224_full_bce_nfull_seed0,4,0.8,1.0,16733,0.35000418340026773,0.22769377876053307,0.7723062212394669,0.13022171756409495,0.1105462925308391,0.9025279388035619,0.9368954577110578,0.999862125007337,0.05678428426071198,0.07683879553605098,convnext_tiny,gz2,hard_debiased,d4,224,full,bce,0,0,False,True
convnext_tiny_hard_debiased_d4_s224_full_bce_nfull_seed1,0,0.0,0.2,5107,0.10682312583668005,0.4315645192872528,0.5684354807127472,-0.11435284903074211,0.18106247564618783,0.4540826316820051,0.5167481165050486,0.6107901707539544,0.4714381532739561,0.480315211749137,convnext_tiny,gz2,hard_debiased,d4,224,full,bce,0,1,False,True
convnext_tiny_hard_debiased_d4_s224_full_bce_nfull_seed1,1,0.2,0.4,5703,0.11928965863453815,0.38523584078555145,0.6147641592144486,-0.15605821497457484,0.20048058189375242,0.45870594423987376,0.5580552981416084,0.8066712996849669,0.4512699604856333,0.4511439674487705,convnext_tiny,gz2,hard_debiased,d4,224,full,bce,0,1,False,True
convnext_tiny_hard_debiased_d4_s224_full_bce_nfull_seed1,2,0.4,0.6,6995,0.14631442436412315,0.2923516797712652,0.7076483202287348,-0.22444603288062903,0.23477074944798026,0.4832022873481058,0.6341310414660049,0.9494196735076932,0.3835824147687281,0.3917339357797799,convnext_tiny,gz2,hard_debiased,d4,224,full,bce,0,1,False,True
convnext_tiny_hard_debiased_d4_s224_full_bce_nfull_seed1,3,0.6,0.8,13270,0.2775686077643909,0.16729464958553128,0.8327053504144687,-0.14431047475508663,0.2685413690089622,0.6883948756593821,0.8123559985324691,0.994947963800905,0.13030269952971152,0.2140332675273545,convnext_tiny,gz2,hard_debiased,d4,224,full,bce,0,1,False,True
convnext_tiny_hard_debiased_d4_s224_full_bce_nfull_seed1,4,0.8,1.0,16733,0.35000418340026773,0.22769377876053307,0.7723062212394669,0.12173549273889916,0.11514482400311729,0.8940417139783661,0.9313088344998429,0.9998416118243673,0.03609823808741891,0.08013052572354518,convnext_tiny,gz2,hard_debiased,d4,224,full,bce,0,1,False,True
convnext_tiny_hard_debiased_d4_s224_full_bce_nfull_seed2,0,0.0,0.2,5107,0.10682312583668005,0.4315645192872528,0.5684354807127472,-0.113177990992755,0.17957655564162148,0.4552574897199922,0.5177269055792462,0.6170280853463437,0.462149949816012,0.47129841895706703,convnext_tiny,gz2,hard_debiased,d4,224,full,bce,0,2,False,True
convnext_tiny_hard_debiased_d4_s224_full_bce_nfull_seed2,1,0.2,0.4,5703,0.11928965863453815,0.38523584078555145,0.6147641592144486,-0.17113799754515174,0.20481538858765816,0.44362616166929686,0.5457906090372159,0.8037405023341221,0.45554373144656646,0.4471203214020629,convnext_tiny,gz2,hard_debiased,d4,224,full,bce,0,2,False,True
convnext_tiny_hard_debiased_d4_s224_full_bce_nfull_seed2,2,0.4,0.6,6995,0.14631442436412315,0.2923516797712652,0.7076483202287348,-0.240457469621158,0.24057578104828298,0.4671908506075768,0.6231048875058655,0.9454957397940282,0.3797233819541487,0.38331827021310183,convnext_tiny,gz2,hard_debiased,d4,224,full,bce,0,2,False,True
convnext_tiny_hard_debiased_d4_s224_full_bce_nfull_seed2,3,0.6,0.8,13270,0.2775686077643909,0.16729464958553128,0.8327053504144687,-0.1437076111529766,0.2663955589981926,0.6889977392614921,0.8128979658391423,0.9948050425991601,0.1073548844350837,0.20380691177481075,convnext_tiny,gz2,hard_debiased,d4,224,full,bce,0,2,False,True
convnext_tiny_hard_debiased_d4_s224_full_bce_nfull_seed2,4,0.8,1.0,16733,0.35000418340026773,0.22769377876053307,0.7723062212394669,0.12711408593796691,0.10863671572424477,0.8994203071774338,0.9348835409734582,0.9999370590554227,0.05766031433410907,0.07698407056407494,convnext_tiny,gz2,hard_debiased,d4,224,full,bce,0,2,False,True
convnext_tiny_soft_d4_photo_s224_full_bce_nfull_seed0,0,0.0,0.2,5107,0.10682312583668005,0.4315645192872528,0.5684354807127472,0.1063246524378304,0.7779859484777517,0.6747601331505776,0.6677041961097883,0.7335843982662656,0.08313990030412176,0.21597500311756562,convnext_tiny,gz2,soft,d4_photo,224,full,bce,0,0,False,True
convnext_tiny_soft_d4_photo_s224_full_bce_nfull_seed0,1,0.2,0.4,5703,0.11928965863453815,0.38523584078555145,0.6147641592144486,0.3129931614939505,0.19297423887587822,0.9277573207083991,0.923059916013669,0.9771023910892338,0.27242215154370814,0.13373214782681414,convnext_tiny,gz2,soft,d4_photo,224,full,bce,0,0,False,True
convnext_tiny_soft_d4_photo_s224_full_bce_nfull_seed0,2,0.4,0.6,6995,0.14631442436412315,0.2923516797712652,0.7076483202287348,0.28477483917083635,0.024824355971896955,0.9924231593995712,0.9901983156750882,0.9995051739892815,0.23931598053916253,0.06922398970100503,convnext_tiny,gz2,soft,d4_photo,224,full,bce,0,0,False,True
convnext_tiny_soft_d4_photo_s224_full_bce_nfull_seed0,3,0.6,0.8,13270,0.2775686077643909,0.16729464958553128,0.8327053504144687,0.16669178598342127,0.003747072599531616,0.99939713639789,0.9987381272675391,0.999983306836248,0.1411891047989482,0.02447342797609311,convnext_tiny,gz2,soft,d4_photo,224,full,bce,0,0,False,True
convnext_tiny_soft_d4_photo_s224_full_bce_nfull_seed0,4,0.8,1.0,16733,0.35000418340026773,0.22769377876053307,0.7723062212394669,0.22763401661387683,0.000468384074941452,0.9999402378533437,0.9998687664041994,1.0,0.08285790347836312,0.008479622147968234,convnext_tiny,gz2,soft,d4_photo,224,full,bce,0,0,False,True
convnext_tiny_soft_d4_photo_s224_full_bce_nfull_seed1,0,0.0,0.2,5107,0.10682312583668005,0.4315645192872528,0.5684354807127472,0.10495398472684547,0.761296211775445,0.6733894654395927,0.672179508900299,0.7317359912425534,0.08292174152993442,0.21776179931503287,convnext_tiny,gz2,soft,d4_photo,224,full,bce,0,1,False,True
convnext_tiny_soft_d4_photo_s224_full_bce_nfull_seed1,1,0.2,0.4,5703,0.11928965863453815,0.38523584078555145,0.6147641592144486,0.3061546554445028,0.20584208124144227,0.9209188146589514,0.9196222822128708,0.9749823503034397,0.27092178064010947,0.13759449519224273,convnext_tiny,gz2,soft,d4_photo,224,full,bce,0,1,False,True
convnext_tiny_soft_d4_photo_s224_full_bce_nfull_seed1,2,0.4,0.6,6995,0.14631442436412315,0.2923516797712652,0.7076483202287348,0.2832022873481058,0.02921040620721132,0.9908506075768406,0.9886567385344891,0.9993528438418413,0.24716367944542472,0.07377590101740672,convnext_tiny,gz2,soft,d4_photo,224,full,bce,0,1,False,True
convnext_tiny_soft_d4_photo_s224_full_bce_nfull_seed1,3,0.6,0.8,13270,0.2775686077643909,0.16729464958553128,0.8327053504144687,0.16676714393368508,0.003194888178913738,0.9994724943481538,0.9989633524927642,0.9999932534344299,0.1505207204532942,0.02742917166482039,convnext_tiny,gz2,soft,d4_photo,224,full,bce,0,1,False,True
convnext_tiny_soft_d4_photo_s224_full_bce_nfull_seed1,4,0.8,1.0,16733,0.35000418340026773,0.22769377876053307,0.7723062212394669,0.22763401661387683,0.00045641259698767686,0.9999402378533437,0.9998687664041994,1.0,0.08894115729362208,0.009690959436392017,convnext_tiny,gz2,soft,d4_photo,224,full,bce,0,1,False,True
convnext_tiny_soft_d4_photo_s224_full_bce_nfull_seed2,0,0.0,0.2,5107,0.10682312583668005,0.4315645192872528,0.5684354807127472,0.10142941061288435,0.7769585253456222,0.6698648913256315,0.6655286664461884,0.7318389887674869,0.07906654848991969,0.21693630312393306,convnext_tiny,gz2,soft,d4_photo,224,full,bce,0,2,False,True
convnext_tiny_soft_d4_photo_s224_full_bce_nfull_seed2,1,0.2,0.4,5703,0.11928965863453815,0.38523584078555145,0.6147641592144486,0.3112396984043485,0.19447004608294932,0.9260038576187971,0.9238430198728184,0.9783974594822947,0.2713035660724503,0.13381563221870987,convnext_tiny,gz2,soft,d4_photo,224,full,bce,0,2,False,True
convnext_tiny_soft_d4_photo_s224_full_bce_nfull_seed2,2,0.4,0.6,6995,0.14631442436412315,0.2923516797712652,0.7076483202287348,0.28434596140100077,0.025806451612903226,0.9919942816297356,0.989751796695562,0.9994039663135018,0.23861078034348793,0.06910873692471174,convnext_tiny,gz2,soft,d4_photo,224,full,bce,0,2,False,True
convnext_tiny_soft_d4_photo_s224_full_bce_nfull_seed2,3,0.6,0.8,13270,0.2775686077643909,0.16729464958553128,0.8327053504144687,0.16684250188394878,0.0027649769585253456,0.9995478522984175,0.9990086013615426,0.9999966776731481,0.1414614800467649,0.02452485399078582,convnext_tiny,gz2,soft,d4_photo,224,full,bce,0,2,False,True
convnext_tiny_soft_d4_photo_s224_full_bce_nfull_seed2,4,0.8,1.0,16733,0.35000418340026773,0.22769377876053307,0.7723062212394669,0.2276937787605331,0.0,1.0,1.0,1.0,0.08273813236358527,0.008435992020636964,convnext_tiny,gz2,soft,d4_photo,224,full,bce,0,2,False,True
convnext_tiny_soft_d4_s112_full_bce_nfull_seed0,0,0.0,0.2,5107,0.10682312583668005,0.4315645192872528,0.5684354807127472,0.10554141374583903,0.748314606741573,0.6739768944585862,0.6712759752255786,0.729707533917288,0.07876262351628363,0.21668552354244594,convnext_tiny,gz2,soft,d4,112,full,bce,0,0,False,True
convnext_tiny_soft_d4_s112_full_bce_nfull_seed0,1,0.2,0.4,5703,0.11928965863453815,0.38523584078555145,0.6147641592144486,0.2989654567771348,0.22112359550561797,0.9137296159915834,0.911650902893304,0.9722262972819078,0.2564737704046386,0.13459609755063273,convnext_tiny,gz2,soft,d4,112,full,bce,0,0,False,True
convnext_tiny_soft_d4_s112_full_bce_nfull_seed0,2,0.4,0.6,6995,0.14631442436412315,0.2923516797712652,0.7076483202287348,0.2837741243745533,0.02696629213483146,0.9914224446032881,0.9892042676150256,0.9994021387468821,0.2361174073957008,0.06875355293986564,convnext_tiny,gz2,soft,d4,112,full,bce,0,0,False,True
convnext_tiny_soft_d4_s112_full_bce_nfull_seed0,3,0.6,0.8,13270,0.2775686077643909,0.16729464958553128,0.8327053504144687,0.16676714393368508,0.003146067415730337,0.9994724943481538,0.9993233052056582,0.9999885247238189,0.1386696222824267,0.023994497374287407,convnext_tiny,gz2,soft,d4,112,full,bce,0,0,False,True
convnext_tiny_soft_d4_s112_full_bce_nfull_seed0,4,0.8,1.0,16733,0.35000418340026773,0.22769377876053307,0.7723062212394669,0.22763401661387683,0.00044943820224719103,0.9999402378533437,0.9998687664041994,1.0,0.08116676343045787,0.008124387409826479,convnext_tiny,gz2,soft,d4,112,full,bce,0,0,False,True
convnext_tiny_soft_d4_s112_full_bce_nfull_seed1,0,0.0,0.2,5107,0.10682312583668005,0.4315645192872528,0.5684354807127472,0.10142941061288435,0.7567324955116697,0.6698648913256315,0.6658017896249765,0.7276115577289406,0.0730509168382888,0.2163880682460865,convnext_tiny,gz2,soft,d4,112,full,bce,0,1,False,True
convnext_tiny_soft_d4_s112_full_bce_nfull_seed1,1,0.2,0.4,5703,0.11928965863453815,0.38523584078555145,0.6147641592144486,0.3001928809398562,0.21768402154398564,0.9149570401543048,0.9113746354841079,0.972028768680831,0.25710600742447404,0.13404959096827984,convnext_tiny,gz2,soft,d4,112,full,bce,0,1,False,True
convnext_tiny_soft_d4_s112_full_bce_nfull_seed1,2,0.4,0.6,6995,0.14631442436412315,0.2923516797712652,0.7076483202287348,0.28491779842744813,0.02333931777378815,0.9925661186561829,0.9894383937171223,0.9993864315526906,0.23687107144635947,0.06815053281444619,convnext_tiny,gz2,soft,d4,112,full,bce,0,1,False,True
convnext_tiny_soft_d4_s112_full_bce_nfull_seed1,3,0.6,0.8,13270,0.2775686077643909,0.16729464958553128,0.8327053504144687,0.1669178598342126,0.002244165170556553,0.9996232102486813,0.9994138029432147,0.9999987566752273,0.14095419775792864,0.02434022054439349,convnext_tiny,gz2,soft,d4,112,full,bce,0,1,False,True
convnext_tiny_soft_d4_s112_full_bce_nfull_seed1,4,0.8,1.0,16733,0.35000418340026773,0.22769377876053307,0.7723062212394669,0.2276937787605331,0.0,1.0,1.0,1.0,0.08351626374746482,0.008574154978569557,convnext_tiny,gz2,soft,d4,112,full,bce,0,1,False,True
convnext_tiny_soft_d4_s160_full_bce_nfull_seed0,0,0.0,0.2,5107,0.10682312583668005,0.4315645192872528,0.5684354807127472,0.10358331701586065,0.7641423357664233,0.6720187977286078,0.6700998653998962,0.7288382285551026,0.07944233707072612,0.21745109762418222,convnext_tiny,gz2,soft,d4,160,full,bce,0,0,False,True
convnext_tiny_soft_d4_s160_full_bce_nfull_seed0,1,0.2,0.4,5703,0.11928965863453815,0.38523584078555145,0.6147641592144486,0.30492723128178145,0.20894160583941607,0.91969139049623,0.9177742895266869,0.9744333856700822,0.26497909192968505,0.1353340198183046,convnext_tiny,gz2,soft,d4,160,full,bce,0,0,False,True
convnext_tiny_soft_d4_s160_full_bce_nfull_seed0,2,0.4,0.6,6995,0.14631442436412315,0.2923516797712652,0.7076483202287348,0.28477483917083635,0.024178832116788323,0.9924231593995712,0.9906287817045762,0.9995483934701539,0.23888783338476366,0.06934765807514585,convnext_tiny,gz2,soft,d4,160,full,bce,0,0,False,True
convnext_tiny_soft_d4_s160_full_bce_nfull_seed0,3,0.6,0.8,13270,0.2775686077643909,0.16729464958553128,0.8327053504144687,0.1669178598342126,0.002281021897810219,0.9996232102486813,0.9992338265867677,0.9999958012310954,0.14012800299316175,0.02417120188242005,convnext_tiny,gz2,soft,d4,160,full,bce,0,0,False,True
convnext_tiny_soft_d4_s160_full_bce_nfull_seed0,4,0.8,1.0,16733,0.35000418340026773,0.22769377876053307,0.7723062212394669,0.22763401661387683,0.0004562043795620438,0.9999402378533437,0.9998687664041994,1.0,0.08215397379137851,0.00830339290095315,convnext_tiny,gz2,soft,d4,160,full,bce,0,0,False,True
convnext_tiny_soft_d4_s160_full_bce_nfull_seed1,0,0.0,0.2,5107,0.10682312583668005,0.4315645192872528,0.5684354807127472,0.09868807519091449,0.7589285714285714,0.6671235559036617,0.6655208517629614,0.7338040690117802,0.08429831417544796,0.2173469148419419,convnext_tiny,gz2,soft,d4,160,full,bce,0,1,False,True
convnext_tiny_soft_d4_s160_full_bce_nfull_seed1,1,0.2,0.4,5703,0.11928965863453815,0.38523584078555145,0.6147641592144486,0.30177099772049787,0.2125,0.9165351569349465,0.9158870248051263,0.9742418290148809,0.2641792070396884,0.13682704046154362,convnext_tiny,gz2,soft,d4,160,full,bce,0,1,False,True
convnext_tiny_soft_d4_s160_full_bce_nfull_seed1,2,0.4,0.6,6995,0.14631442436412315,0.2923516797712652,0.7076483202287348,0.2837741243745533,0.026785714285714284,0.9914224446032881,0.9894912449680175,0.9991842631695932,0.24251756391956006,0.07178731205024404,convnext_tiny,gz2,soft,d4,160,full,bce,0,1,False,True
convnext_tiny_soft_d4_s160_full_bce_nfull_seed1,3,0.6,0.8,13270,0.2775686077643909,0.16729464958553128,0.8327053504144687,0.1669932177844763,0.0017857142857142857,0.999698568198945,0.999459051811993,0.9999946598181892,0.14218268305169923,0.025135629773919536,convnext_tiny,gz2,soft,d4,160,full,bce,0,1,False,True
convnext_tiny_soft_d4_s160_full_bce_nfull_seed1,4,0.8,1.0,16733,0.35000418340026773,0.22769377876053307,0.7723062212394669,0.2276937787605331,0.0,1.0,1.0,1.0,0.08120902423698297,0.008321512781095164,convnext_tiny,gz2,soft,d4,160,full,bce,0,1,False,True
convnext_tiny_soft_d4_s224_frozen_bce_nfull_seed0,0,0.0,0.2,5107,0.10682312583668005,0.4315645192872528,0.5684354807127472,0.022713922067750136,0.4472049689440994,0.5911494027804973,0.5749317152979614,0.6162417719200302,0.04251251560830081,0.2384483098650065,convnext_tiny,gz2,soft,d4,224,frozen,bce,0,0,False,True
convnext_tiny_soft_d4_s224_frozen_bce_nfull_seed0,1,0.2,0.4,5703,0.11928965863453815,0.38523584078555145,0.6147641592144486,0.14641416798176388,0.29171128721353606,0.7611783271962125,0.7360858204973281,0.823600143430561,0.10066157208068759,0.17538707937933293,convnext_tiny,gz2,soft,d4,224,frozen,bce,0,0,False,True
convnext_tiny_soft_d4_s224_frozen_bce_nfull_seed0,2,0.4,0.6,6995,0.14631442436412315,0.2923516797712652,0.7076483202287348,0.18970693352394563,0.15378025273077747,0.8973552537526804,0.8590306487861501,0.9496479217603913,0.18188567755955554,0.1111394629100473,convnext_tiny,gz2,soft,d4,224,frozen,bce,0,0,False,True
convnext_tiny_soft_d4_s224_frozen_bce_nfull_seed0,3,0.6,0.8,13270,0.2775686077643909,0.16729464958553128,0.8327053504144687,0.13911077618688772,0.08010280573998715,0.9718161266013564,0.9290840161428398,0.9928965186906362,0.15792447769847376,0.05084942228812275,convnext_tiny,gz2,soft,d4,224,frozen,bce,0,0,False,True
convnext_tiny_soft_d4_s224_frozen_bce_nfull_seed0,4,0.8,1.0,16733,0.35000418340026773,0.22769377876053307,0.7723062212394669,0.220103986135182,0.027200685371599913,0.9924102073746489,0.9842587622264156,0.9997011371411895,0.11773208669526898,0.02384992403427542,convnext_tiny,gz2,soft,d4,224,frozen,bce,0,0,False,True
convnext_tiny_soft_d4_s224_frozen_bce_nfull_seed1,0,0.0,0.2,5107,0.10682312583668005,0.4315645192872528,0.5684354807127472,0.019189347953788904,0.4535860435063537,0.5876248286665361,0.5749450784062797,0.6157504627855407,0.04502970287702148,0.23921093450300895,convnext_tiny,gz2,soft,d4,224,frozen,bce,0,1,False,True
convnext_tiny_soft_d4_s224_frozen_bce_nfull_seed1,1,0.2,0.4,5703,0.11928965863453815,0.38523584078555145,0.6147641592144486,0.14746624583552514,0.29205255222916215,0.7622304050499737,0.7415298982873757,0.82394515312978,0.10268304137081592,0.1757755523975132,convnext_tiny,gz2,soft,d4,224,frozen,bce,0,1,False,True
convnext_tiny_soft_d4_s224_frozen_bce_nfull_seed1,2,0.4,0.6,6995,0.14631442436412315,0.2923516797712652,0.7076483202287348,0.1922802001429592,0.15076459185871205,0.899928520371694,0.8671623323701563,0.9501667037119359,0.1831136407475756,0.111338327118937,convnext_tiny,gz2,soft,d4,224,frozen,bce,0,1,False,True
convnext_tiny_soft_d4_s224_frozen_bce_nfull_seed1,3,0.6,0.8,13270,0.2775686077643909,0.16729464958553128,0.8327053504144687,0.13993971363978908,0.07818220977816068,0.9726450640542578,0.9342611389670213,0.9929349394643511,0.1596895376706009,0.05091809739846998,convnext_tiny,gz2,soft,d4,224,frozen,bce,0,1,False,True
convnext_tiny_soft_d4_s224_frozen_bce_nfull_seed1,4,0.8,1.0,16733,0.35000418340026773,0.22769377876053307,0.7723062212394669,0.2206418454550888,0.025414602627611457,0.9929480666945557,0.9854398645886203,0.9996929826432068,0.11821668513959879,0.023680269788169096,convnext_tiny,gz2,soft,d4,224,frozen,bce,0,1,False,True
convnext_tiny_soft_d4_s224_full_bce_nfull_seed0,0,0.0,0.2,5107,0.10682312583668005,0.4315645192872528,0.5684354807127472,0.10319169766986491,0.771744132535665,0.6716271783826121,0.666969537739606,0.7335724418009282,0.07812289697697469,0.21558574388041554,convnext_tiny,gz2,soft,d4,224,full,bce,0,0,False,True
convnext_tiny_soft_d4_s224_full_bce_nfull_seed0,1,0.2,0.4,5703,0.11928965863453815,0.38523584078555145,0.6147641592144486,0.3091355426968262,0.19972388403129315,0.9238997019112748,0.9206871710399054,0.9749761187077436,0.26650405098775093,0.13343895563505076,convnext_tiny,gz2,soft,d4,224,full,bce,0,0,False,True
convnext_tiny_soft_d4_s224_full_bce_nfull_seed0,2,0.4,0.6,6995,0.14631442436412315,0.2923516797712652,0.7076483202287348,0.28491779842744813,0.02393005062126093,0.9925661186561829,0.9907297918055864,0.999364303178484,0.23546482973636862,0.06773579344620075,convnext_tiny,gz2,soft,d4,224,full,bce,0,0,False,True
convnext_tiny_soft_d4_s224_full_bce_nfull_seed0,3,0.6,0.8,13270,0.2775686077643909,0.16729464958553128,0.8327053504144687,0.16661642803315757,0.0041417395306028535,0.9993217784476263,0.9985129020423138,0.999990868696751,0.13630297807464267,0.023160904458224038,convnext_tiny,gz2,soft,d4,224,full,bce,0,0,False,True
convnext_tiny_soft_d4_s224_full_bce_nfull_seed0,4,0.8,1.0,16733,0.35000418340026773,0.22769377876053307,0.7723062212394669,0.22763401661387683,0.0004601932811780948,0.9999402378533437,0.9998687664041994,1.0,0.07949813992407974,0.007837108915796453,convnext_tiny,gz2,soft,d4,224,full,bce,0,0,False,True
convnext_tiny_soft_d4_s224_full_bce_nfull_seed0_scratch,0,0.0,0.2,5107,0.10682312583668005,0.4315645192872528,0.5684354807127472,0.09065987859800273,0.6832810047095761,0.6590953593107499,0.6553455871734166,0.7086743921583092,0.05581163842867846,0.21980071930008735,convnext_tiny,gz2,soft,d4,224,full,bce,0,0,False,False
convnext_tiny_soft_d4_s224_full_bce_nfull_seed0_scratch,1,0.2,0.4,5703,0.11928965863453815,0.38523584078555145,0.6147641592144486,0.2735402419779063,0.25,0.8883044011923549,0.8842594047112421,0.9508795767500203,0.2307306866875327,0.14073709464675327,convnext_tiny,gz2,soft,d4,224,full,bce,0,0,False,False
convnext_tiny_soft_d4_s224_full_bce_nfull_seed0_scratch,2,0.4,0.6,6995,0.14631442436412315,0.2923516797712652,0.7076483202287348,0.27133666904932097,0.057692307692307696,0.9789849892780558,0.9725245116198662,0.9971771998715764,0.23321226213268503,0.07609703038043841,convnext_tiny,gz2,soft,d4,224,full,bce,0,0,False,False
convnext_tiny_soft_d4_s224_full_bce_nfull_seed0_scratch,3,0.6,0.8,13270,0.2775686077643909,0.16729464958553128,0.8327053504144687,0.1656367746797287,0.008634222919937205,0.9983421250941974,0.9964848558966206,0.9999065468183116,0.14573735338414665,0.027432328582149182,convnext_tiny,gz2,soft,d4,224,full,bce,0,0,False,False
convnext_tiny_soft_d4_s224_full_bce_nfull_seed0_scratch,4,0.8,1.0,16733,0.35000418340026773,0.22769377876053307,0.7723062212394669,0.22763401661387683,0.0003924646781789639,0.9999402378533437,0.9999613092935077,0.9999999796899177,0.08794629895657893,0.009735730378570588,convnext_tiny,gz2,soft,d4,224,full,bce,0,0,False,False
convnext_tiny_soft_d4_s224_full_bce_nfull_seed1,0,0.0,0.2,5107,0.10682312583668005,0.4315645192872528,0.5684354807127472,0.10926179753279819,0.7613320999074931,0.6776972782455454,0.6766788127683172,0.7367042542510314,0.08246419406203297,0.21584355930908514,convnext_tiny,gz2,soft,d4,224,full,bce,0,1,False,True
convnext_tiny_soft_d4_s224_full_bce_nfull_seed1,1,0.2,0.4,5703,0.11928965863453815,0.38523584078555145,0.6147641592144486,0.307206733298264,0.20582793709528216,0.9219708925127126,0.9220074254655717,0.9751007506216666,0.2635808102701623,0.13294660794881413,convnext_tiny,gz2,soft,d4,224,full,bce,0,1,False,True
convnext_tiny_soft_d4_s224_full_bce_nfull_seed1,2,0.4,0.6,6995,0.14631442436412315,0.2923516797712652,0.7076483202287348,0.2830593280914939,0.030064754856614247,0.9907076483202287,0.9882687510804871,0.9992109851571954,0.23490219231191667,0.06809611232240187,convnext_tiny,gz2,soft,d4,224,full,bce,0,1,False,True
convnext_tiny_soft_d4_s224_full_bce_nfull_seed1,3,0.6,0.8,13270,0.2775686077643909,0.16729464958553128,0.8327053504144687,0.1669178598342126,0.002312673450508788,0.9996232102486813,0.9994138029432147,0.9999972076148546,0.14052097546112158,0.02419260616175493,convnext_tiny,gz2,soft,d4,224,full,bce,0,1,False,True
convnext_tiny_soft_d4_s224_full_bce_nfull_seed1,4,0.8,1.0,16733,0.35000418340026773,0.22769377876053307,0.7723062212394669,0.22763401661387683,0.00046253469010175765,0.9999402378533437,0.9998687664041994,0.9999999999999999,0.08192549332057317,0.008302925668691102,convnext_tiny,gz2,soft,d4,224,full,bce,0,1,False,True
convnext_tiny_soft_d4_s224_full_bce_nfull_seed1_scratch,0,0.0,0.2,5107,0.10682312583668005,0.4315645192872528,0.5684354807127472,0.09105149794399847,0.7020589422688737,0.6594869786567457,0.6549799381452193,0.711177747783287,0.05922299026363351,0.21956915605768407,convnext_tiny,gz2,soft,d4,224,full,bce,0,1,False,False
convnext_tiny_soft_d4_s224_full_bce_nfull_seed1_scratch,1,0.2,0.4,5703,0.11928965863453815,0.38523584078555145,0.6147641592144486,0.2805540943363142,0.2410173597093258,0.8953182535507628,0.8908985857133918,0.9576615651535401,0.2402450691816494,0.14009922658131352,convnext_tiny,gz2,soft,d4,224,full,bce,0,1,False,False
convnext_tiny_soft_d4_s224_full_bce_nfull_seed1_scratch,2,0.4,0.6,6995,0.14631442436412315,0.2923516797712652,0.7076483202287348,0.2751965689778413,0.04844570044408559,0.9828448892065761,0.9778345805240671,0.9979247734064359,0.23713626149479955,0.07534368017840662,convnext_tiny,gz2,soft,d4,224,full,bce,0,1,False,False
convnext_tiny_soft_d4_s224_full_bce_nfull_seed1_scratch,3,0.6,0.8,13270,0.2775686077643909,0.16729464958553128,0.8327053504144687,0.1657874905802562,0.008074283407347598,0.9984928409947249,0.9969353063470711,0.9999482491541315,0.14585206420683694,0.027172614388935545,convnext_tiny,gz2,soft,d4,224,full,bce,0,1,False,False
convnext_tiny_soft_d4_s224_full_bce_nfull_seed1_scratch,4,0.8,1.0,16733,0.35000418340026773,0.22769377876053307,0.7723062212394669,0.22763401661387683,0.0004037141703673799,0.9999402378533437,0.9999613092935077,0.9999999796899178,0.08755358102875734,0.009596341028777336,convnext_tiny,gz2,soft,d4,224,full,bce,0,1,False,False
convnext_tiny_soft_d4_s224_full_bce_nfull_seed2,0,0.0,0.2,5107,0.10682312583668005,0.4315645192872528,0.5684354807127472,0.1168983747797141,0.758376592732421,0.6853338554924613,0.6731811949963522,0.7360631376390779,0.09383719982858364,0.2151977155821653,convnext_tiny,gz2,soft,d4,224,full,bce,0,2,False,True
convnext_tiny_soft_d4_s224_full_bce_nfull_seed2,1,0.2,0.4,5703,0.11928965863453815,0.38523584078555145,0.6147641592144486,0.30843415746098535,0.20670127418593676,0.923198316675434,0.9143387329244541,0.9773108898952337,0.2691241230057265,0.13472496086247815,convnext_tiny,gz2,soft,d4,224,full,bce,0,2,False,True
convnext_tiny_soft_d4_s224_full_bce_nfull_seed2,2,0.4,0.6,6995,0.14631442436412315,0.2923516797712652,0.7076483202287348,0.28277340957827024,0.03161868806040585,0.990421729807005,0.9866318441135067,0.9991845595317477,0.2373604427999134,0.06976925508382191,convnext_tiny,gz2,soft,d4,224,full,bce,0,2,False,True
convnext_tiny_soft_d4_s224_full_bce_nfull_seed2,3,0.6,0.8,13270,0.2775686077643909,0.16729464958553128,0.8327053504144687,0.16684250188394878,0.002831524303916942,0.9995478522984175,0.9986486486486487,0.9999981452040275,0.1403233229473918,0.024346265180167543,convnext_tiny,gz2,soft,d4,224,full,bce,0,2,False,True
convnext_tiny_soft_d4_s224_full_bce_nfull_seed2,4,0.8,1.0,16733,0.35000418340026773,0.22769377876053307,0.7723062212394669,0.22763401661387683,0.00047192071731949034,0.9999402378533437,0.9998687664041994,1.0,0.0820312143107483,0.008309388788500136,convnext_tiny,gz2,soft,d4,224,full,bce,0,2,False,True
convnext_tiny_soft_d4_s224_full_bce_nfull_seed2_scratch,0,0.0,0.2,5107,0.10682312583668005,0.4315645192872528,0.5684354807127472,0.08635206579205013,0.6747034060466897,0.6547875465047973,0.6490436703253972,0.7032064583042889,0.0517974876820026,0.22041219881098864,convnext_tiny,gz2,soft,d4,224,full,bce,0,2,False,False
convnext_tiny_soft_d4_s224_full_bce_nfull_seed2_scratch,1,0.2,0.4,5703,0.11928965863453815,0.38523584078555145,0.6147641592144486,0.2684551990180606,0.25487944890929964,0.8832193582325092,0.8777444661482845,0.9507032745217835,0.22776567140718562,0.14190408965093218,convnext_tiny,gz2,soft,d4,224,full,bce,0,2,False,False
convnext_tiny_soft_d4_s224_full_bce_nfull_seed2_scratch,2,0.4,0.6,6995,0.14631442436412315,0.2923516797712652,0.7076483202287348,0.27119370979270907,0.056639877535399924,0.9788420300214439,0.97156256945988,0.9968865673853449,0.23353204262616636,0.07647276861697833,convnext_tiny,gz2,soft,d4,224,full,bce,0,2,False,False
convnext_tiny_soft_d4_s224_full_bce_nfull_seed2_scratch,3,0.6,0.8,13270,0.2775686077643909,0.16729464958553128,0.8327053504144687,0.16488319517709127,0.012246460007654038,0.99758854559156,0.9945925563572622,0.9998677795442501,0.14586036096817584,0.027828829422693668,convnext_tiny,gz2,soft,d4,224,full,bce,0,2,False,False
convnext_tiny_soft_d4_s224_full_bce_nfull_seed2_scratch,4,0.8,1.0,16733,0.35000418340026773,0.22769377876053307,0.7723062212394669,0.22745473017390783,0.0015308075009567547,0.9997609514133747,0.999567608506106,0.9999998375193427,0.08840018716641165,0.009921670200066504,convnext_tiny,gz2,soft,d4,224,full,bce,0,2,False,False
convnext_tiny_soft_d4_s224_full_bce_nfull_seed3,0,0.0,0.2,5107,0.10682312583668005,0.4315645192872528,0.5684354807127472,0.10377912668885847,0.7664835164835165,0.6722146074016057,0.6692342329388272,0.7294901294299095,0.08318852035965915,0.21767881905058048,convnext_tiny,gz2,soft,d4,224,full,bce,0,3,False,True
convnext_tiny_soft_d4_s224_full_bce_nfull_seed3,1,0.2,0.4,5703,0.11928965863453815,0.38523584078555145,0.6147641592144486,0.3079081185341048,0.20192307692307693,0.9226722777485534,0.9198588231995037,0.9765364193926218,0.2734598625237726,0.13763650707701128,convnext_tiny,gz2,soft,d4,224,full,bce,0,3,False,True
convnext_tiny_soft_d4_s224_full_bce_nfull_seed3,2,0.4,0.6,6995,0.14631442436412315,0.2923516797712652,0.7076483202287348,0.2836311651179414,0.027930402930402932,0.9912794853466762,0.9892467461905115,0.9992220493442988,0.24481091996584303,0.07276387904270681,convnext_tiny,gz2,soft,d4,224,full,bce,0,3,False,True
convnext_tiny_soft_d4_s224_full_bce_nfull_seed3,3,0.6,0.8,13270,0.2775686077643909,0.16729464958553128,0.8327053504144687,0.16669178598342127,0.003663003663003663,0.99939713639789,0.9987381272675391,0.999997350291468,0.1453543553506421,0.026079665633976293,convnext_tiny,gz2,soft,d4,224,full,bce,0,3,False,True
convnext_tiny_soft_d4_s224_full_bce_nfull_seed3,4,0.8,1.0,16733,0.35000418340026773,0.22769377876053307,0.7723062212394669,0.2276937787605331,0.0,1.0,1.0,1.0,0.08401123648810493,0.0088226714378598,convnext_tiny,gz2,soft,d4,224,full,bce,0,3,False,True
convnext_tiny_soft_d4_s224_full_bce_nfull_seed4,0,0.0,0.2,5107,0.10682312583668005,0.4315645192872528,0.5684354807127472,0.10397493636185628,0.7738205365402405,0.6724104170746035,0.6714822047159426,0.7336850513862311,0.08203539070211004,0.21727436294625632,convnext_tiny,gz2,soft,d4,224,full,bce,0,4,False,True
convnext_tiny_soft_d4_s224_full_bce_nfull_seed4,1,0.2,0.4,5703,0.11928965863453815,0.38523584078555145,0.6147641592144486,0.31194108364018935,0.1933395004625347,0.926705242854638,0.9257729969898796,0.9760573005610254,0.2749544449644394,0.13651212858404685,convnext_tiny,gz2,soft,d4,224,full,bce,0,4,False,True
convnext_tiny_soft_d4_s224_full_bce_nfull_seed4,2,0.4,0.6,6995,0.14631442436412315,0.2923516797712652,0.7076483202287348,0.2832022873481058,0.02960222016651249,0.9908506075768406,0.9893741819169692,0.9993338272702575,0.24288907653736677,0.07217764640174405,convnext_tiny,gz2,soft,d4,224,full,bce,0,4,False,True
convnext_tiny_soft_d4_s224_full_bce_nfull_seed4,3,0.6,0.8,13270,0.2775686077643909,0.16729464958553128,0.8327053504144687,0.16684250188394878,0.0027752081406105457,0.9995478522984175,0.9991885777179894,0.9999961681138152,0.14432570349450344,0.025823897945435492,convnext_tiny,gz2,soft,d4,224,full,bce,0,4,False,True
convnext_tiny_soft_d4_s224_full_bce_nfull_seed4,4,0.8,1.0,16733,0.35000418340026773,0.22769377876053307,0.7723062212394669,0.22763401661387683,0.00046253469010175765,0.9999402378533437,0.9999613092935077,1.0,0.08310767405825087,0.008722652235953438,convnext_tiny,gz2,soft,d4,224,full,bce,0,4,False,True
convnext_tiny_soft_d4_s224_full_focal_nfull_seed0,0,0.0,0.2,5107,0.10682312583668005,0.4315645192872528,0.5684354807127472,0.10280007832386917,0.7580135440180586,0.6712355590366164,0.6713227851781092,0.7356577900200869,0.013301851533153459,0.2087938265582549,convnext_tiny,gz2,soft,d4,224,full,focal,0,0,False,True
convnext_tiny_soft_d4_s224_full_focal_nfull_seed0,1,0.2,0.4,5703,0.11928965863453815,0.38523584078555145,0.6147641592144486,0.30457653866386103,0.2076749435665914,0.9193406978783096,0.919358413082612,0.9749293817400224,0.1481259677274335,0.08495493853511989,convnext_tiny,gz2,soft,d4,224,full,focal,0,0,False,True
convnext_tiny_soft_d4_s224_full_focal_nfull_seed0,2,0.4,0.6,6995,0.14631442436412315,0.2923516797712652,0.7076483202287348,0.28277340957827024,0.030248306997742665,0.990421729807005,0.9886406855844508,0.9993344693882592,0.11118878028831518,0.024273517802672753,convnext_tiny,gz2,soft,d4,224,full,focal,0,0,False,True
convnext_tiny_soft_d4_s224_full_focal_nfull_seed0,3,0.6,0.8,13270,0.2775686077643909,0.16729464958553128,0.8327053504144687,0.16661642803315757,0.004063205417607223,0.9993217784476263,0.9988728547552077,0.99999288655171,0.0460247220838556,0.004079445910771067,convnext_tiny,gz2,soft,d4,224,full,focal,0,0,False,True
convnext_tiny_soft_d4_s224_full_focal_nfull_seed0,4,0.8,1.0,16733,0.35000418340026773,0.22769377876053307,0.7723062212394669,0.2276937787605331,0.0,1.0,1.0,1.0,0.021657840873466547,0.0006979134479839028,convnext_tiny,gz2,soft,d4,224,full,focal,0,0,False,True
convnext_tiny_soft_d4_s224_full_focal_nfull_seed1,0,0.0,0.2,5107,0.10682312583668005,0.4315645192872528,0.5684354807127472,0.109457607205796,0.7514846962083143,0.6778930879185432,0.6717709572611849,0.7321767393765634,0.011426881456826776,0.20750725434018036,convnext_tiny,gz2,soft,d4,224,full,focal,0,1,False,True
convnext_tiny_soft_d4_s224_full_focal_nfull_seed1,1,0.2,0.4,5703,0.11928965863453815,0.38523584078555145,0.6147641592144486,0.30334911450113966,0.21333942439470077,0.9181132737155883,0.9130069889942231,0.9743854802781681,0.15510242510219222,0.08714831435199472,convnext_tiny,gz2,soft,d4,224,full,focal,0,1,False,True
convnext_tiny_soft_d4_s224_full_focal_nfull_seed1,2,0.4,0.6,6995,0.14631442436412315,0.2923516797712652,0.7076483202287348,0.28277340957827024,0.03060758337140247,0.990421729807005,0.9867753327900026,0.9992565755353042,0.1174181793863653,0.026521290021616146,convnext_tiny,gz2,soft,d4,224,full,focal,0,1,False,True
convnext_tiny_soft_d4_s224_full_focal_nfull_seed1,3,0.6,0.8,13270,0.2775686077643909,0.16729464958553128,0.8327053504144687,0.16661642803315757,0.004111466423024212,0.9993217784476263,0.9983329256858668,0.9999963107904285,0.04836577195842616,0.0045988285945575726,convnext_tiny,gz2,soft,d4,224,full,focal,0,1,False,True
convnext_tiny_soft_d4_s224_full_focal_nfull_seed1,4,0.8,1.0,16733,0.35000418340026773,0.22769377876053307,0.7723062212394669,0.22763401661387683,0.00045682960255824577,0.9999402378533437,0.9998687664041994,1.0,0.022693056641258452,0.000781038177955778,convnext_tiny,gz2,soft,d4,224,full,focal,0,1,False,True
convnext_tiny_soft_d4_s224_full_smooth_nfull_seed0,0,0.0,0.2,5107,0.10682312583668005,0.4315645192872528,0.5684354807127472,0.09692578813393382,0.7656810035842294,0.665361268846681,0.6694878194095475,0.7331970244186969,0.0802795445940045,0.2202261495646641,convnext_tiny,gz2,soft,d4,224,full,smooth,0,0,False,True
convnext_tiny_soft_d4_s224_full_smooth_nfull_seed0,1,0.2,0.4,5703,0.11928965863453815,0.38523584078555145,0.6147641592144486,0.30457653866386103,0.2060931899641577,0.9193406978783096,0.9227572292352196,0.9748621324364682,0.2805072441344384,0.1447516382982146,convnext_tiny,gz2,soft,d4,224,full,smooth,0,0,False,True
convnext_tiny_soft_d4_s224_full_smooth_nfull_seed0,2,0.4,0.6,6995,0.14631442436412315,0.2923516797712652,0.7076483202287348,0.28434596140100077,0.025089605734767026,0.9919942816297356,0.9916171494900101,0.9993535847472278,0.26709901089324023,0.08269852297888881,convnext_tiny,gz2,soft,d4,224,full,smooth,0,0,False,True
convnext_tiny_soft_d4_s224_full_smooth_nfull_seed0,3,0.6,0.8,13270,0.2775686077643909,0.16729464958553128,0.8327053504144687,0.16676714393368508,0.0031362007168458782,0.9994724943481538,0.9991433288492112,0.9999922954628836,0.18083685534053845,0.03659302729735924,convnext_tiny,gz2,soft,d4,224,full,smooth,0,0,False,True
convnext_tiny_soft_d4_s224_full_smooth_nfull_seed0,4,0.8,1.0,16733,0.35000418340026773,0.22769377876053307,0.7723062212394669,0.2276937787605331,0.0,1.0,1.0,1.0,0.12636274372919373,0.017446601011528815,convnext_tiny,gz2,soft,d4,224,full,smooth,0,0,False,True
convnext_tiny_soft_d4_s224_full_smooth_nfull_seed1,0,0.0,0.2,5107,0.10682312583668005,0.4315645192872528,0.5684354807127472,0.11298218131975724,0.7609915809167446,0.6814176620325044,0.6802244126952968,0.737287776647601,0.09577374216019581,0.21786006161481097,convnext_tiny,gz2,soft,d4,224,full,smooth,0,1,False,True
convnext_tiny_soft_d4_s224_full_smooth_nfull_seed1,1,0.2,0.4,5703,0.11928965863453815,0.38523584078555145,0.6147641592144486,0.3075574259161844,0.20720299345182414,0.922321585130633,0.921103065140168,0.9751361928221883,0.28031562499188545,0.1419463534007854,convnext_tiny,gz2,soft,d4,224,full,smooth,0,1,False,True
convnext_tiny_soft_d4_s224_full_smooth_nfull_seed1,2,0.4,0.6,6995,0.14631442436412315,0.2923516797712652,0.7076483202287348,0.2833452466047176,0.029466791393826006,0.9909935668334524,0.9884707712825072,0.999200266725939,0.2620705915347349,0.08033832404407745,convnext_tiny,gz2,soft,d4,224,full,smooth,0,1,False,True
convnext_tiny_soft_d4_s224_full_smooth_nfull_seed1,3,0.6,0.8,13270,0.2775686077643909,0.16729464958553128,0.8327053504144687,0.1669932177844763,0.0018709073900841909,0.999698568198945,0.999459051811993,0.9999958012310954,0.17844757786036075,0.03545095630755773,convnext_tiny,gz2,soft,d4,224,full,smooth,0,1,False,True
convnext_tiny_soft_d4_s224_full_smooth_nfull_seed1,4,0.8,1.0,16733,0.35000418340026773,0.22769377876053307,0.7723062212394669,0.22763401661387683,0.0004677268475210477,0.9999402378533437,0.9998687664041994,1.0,0.12545517491147667,0.017060996703968555,convnext_tiny,gz2,soft,d4,224,full,smooth,0,1,False,True
convnext_tiny_soft_d4_s224_partial_bce_nfull_seed0,0,0.0,0.2,5107,0.10682312583668005,0.4315645192872528,0.5684354807127472,0.057959663207362455,0.6045627376425855,0.6263951439201096,0.6282209779857247,0.6747915667689661,0.012682974255374416,0.22828273964307566,convnext_tiny,gz2,soft,d4,224,partial,bce,0,0,False,True
convnext_tiny_soft_d4_s224_partial_bce_nfull_seed0,1,0.2,0.4,5703,0.11928965863453815,0.38523584078555145,0.6147641592144486,0.2261967385586533,0.28738910012674274,0.8409608977731019,0.8428649917002935,0.9143889751647544,0.17652225516071537,0.15061267806687095,convnext_tiny,gz2,soft,d4,224,partial,bce,0,0,False,True
convnext_tiny_soft_d4_s224_partial_bce_nfull_seed0,2,0.4,0.6,6995,0.14631442436412315,0.2923516797712652,0.7076483202287348,0.25475339528234453,0.08333333333333333,0.9624017155110793,0.9583680324022623,0.990560371440567,0.21846098194991884,0.08201310548017418,convnext_tiny,gz2,soft,d4,224,partial,bce,0,0,False,True
convnext_tiny_soft_d4_s224_partial_bce_nfull_seed0,3,0.6,0.8,13270,0.2775686077643909,0.16729464958553128,0.8327053504144687,0.1620195930670686,0.022179974651457542,0.9947249434815373,0.9890935958583018,0.9997877175818353,0.14702185060949638,0.03064942475668236,convnext_tiny,gz2,soft,d4,224,partial,bce,0,0,False,True
convnext_tiny_soft_d4_s224_partial_bce_nfull_seed0,4,0.8,1.0,16733,0.35000418340026773,0.22769377876053307,0.7723062212394669,0.22721568158728267,0.0025348542458808617,0.9995219028267496,0.9990426741229039,0.9999978979064976,0.09002693467063025,0.010802039556437246,convnext_tiny,gz2,soft,d4,224,partial,bce,0,0,False,True
convnext_tiny_soft_d4_s224_partial_bce_nfull_seed1,0,0.0,0.2,5107,0.10682312583668005,0.4315645192872528,0.5684354807127472,0.05776385353436464,0.6132348217153871,0.6261993342471118,0.6268470003807314,0.6713742057937437,0.019007233508545426,0.22916154559485158,convnext_tiny,gz2,soft,d4,224,partial,bce,0,1,False,True
convnext_tiny_soft_d4_s224_partial_bce_nfull_seed1,1,0.2,0.4,5703,0.11928965863453815,0.38523584078555145,0.6147641592144486,0.23128178151849899,0.2820430452939287,0.8460459407329476,0.8454712916877524,0.9151346894497268,0.18734061628235196,0.15191738378927885,convnext_tiny,gz2,soft,d4,224,partial,bce,0,1,False,True
convnext_tiny_soft_d4_s224_partial_bce_nfull_seed1,2,0.4,0.6,6995,0.14631442436412315,0.2923516797712652,0.7076483202287348,0.25475339528234453,0.08448442017346611,0.9624017155110793,0.9550677928428539,0.9910212145908966,0.2240218660458017,0.08401092826650641,convnext_tiny,gz2,soft,d4,224,partial,bce,0,1,False,True
convnext_tiny_soft_d4_s224_partial_bce_nfull_seed1,3,0.6,0.8,13270,0.2775686077643909,0.16729464958553128,0.8327053504144687,0.16299924642049735,0.01831031159653068,0.995704596834966,0.990941665647548,0.9997495413966002,0.15306567462552803,0.03207464649513249,convnext_tiny,gz2,soft,d4,224,partial,bce,0,1,False,True
convnext_tiny_soft_d4_s224_partial_bce_nfull_seed1,4,0.8,1.0,16733,0.35000418340026773,0.22769377876053307,0.7723062212394669,0.2273352058805952,0.0019274012206874397,0.9996414271200621,0.9992125984251968,0.9999990555811801,0.09473612762721345,0.011733253860648843,convnext_tiny,gz2,soft,d4,224,partial,bce,0,1,False,True
convnext_tiny_soft_debiased_d4_s224_full_bce_nfull_seed0,0,0.0,0.2,5107,0.10682312583668005,0.4315645192872528,0.5684354807127472,-0.09535931074995102,0.22023078811686717,0.47307616996279617,0.5297404962511402,0.5924006581838801,0.35151751321199376,0.39072220659917983,convnext_tiny,gz2,soft_debiased,d4,224,full,bce,0,0,False,True
convnext_tiny_soft_debiased_d4_s224_full_bce_nfull_seed0,1,0.2,0.4,5703,0.11928965863453815,0.38523584078555145,0.6147641592144486,-0.1236191478169385,0.23749897700302808,0.4911450113975101,0.581464676848921,0.7560747022920069,0.31267106898851443,0.3506574211595206,convnext_tiny,gz2,soft_debiased,d4,224,full,bce,0,0,False,True
convnext_tiny_soft_debiased_d4_s224_full_bce_nfull_seed0,2,0.4,0.6,6995,0.14631442436412315,0.2923516797712652,0.7076483202287348,-0.15425303788420297,0.25566740322448644,0.5533952823445318,0.6821486256205083,0.9127949420858956,0.21230610485712575,0.2824825898503517,convnext_tiny,gz2,soft_debiased,d4,224,full,bce,0,0,False,True
convnext_tiny_soft_debiased_d4_s224_full_bce_nfull_seed0,3,0.6,0.8,13270,0.2775686077643909,0.16729464958553128,0.8327053504144687,-0.037829691032403856,0.222767820607251,0.7948756593820648,0.8757527210468388,0.9892478700419876,0.05716435407213279,0.1524998675951918,convnext_tiny,gz2,soft_debiased,d4,224,full,bce,0,0,False,True
convnext_tiny_soft_debiased_d4_s224_full_bce_nfull_seed0,4,0.8,1.0,16733,0.35000418340026773,0.22769377876053307,0.7723062212394669,0.18107930436861297,0.0638350110483673,0.9533855256080799,0.9697287060466974,0.9998038046064486,0.14994980281966153,0.06730617619743376,convnext_tiny,gz2,soft_debiased,d4,224,full,bce,0,0,False,True
convnext_tiny_soft_debiased_d4_s224_full_bce_nfull_seed1,0,0.0,0.2,5107,0.10682312583668005,0.4315645192872528,0.5684354807127472,-0.09888388486391225,0.19507453013609852,0.46955159584883494,0.5285521173727911,0.5883756274409163,0.3719617072729908,0.40645124325676296,convnext_tiny,gz2,soft_debiased,d4,224,full,bce,0,1,False,True
convnext_tiny_soft_debiased_d4_s224_full_bce_nfull_seed1,1,0.2,0.4,5703,0.11928965863453815,0.38523584078555145,0.6147641592144486,-0.13659477467999304,0.21430114495571398,0.47816938453445557,0.5726107477888871,0.7469828041713263,0.3431584660121271,0.37530178178124474,convnext_tiny,gz2,soft_debiased,d4,224,full,bce,0,1,False,True
convnext_tiny_soft_debiased_d4_s224_full_bce_nfull_seed1,2,0.4,0.6,6995,0.14631442436412315,0.2923516797712652,0.7076483202287348,-0.1922802001429592,0.24411319939511775,0.5153681200857756,0.6568583141932776,0.8979518905435775,0.2654299424429976,0.31866985038433593,convnext_tiny,gz2,soft_debiased,d4,224,full,bce,0,1,False,True
convnext_tiny_soft_debiased_d4_s224_full_bce_nfull_seed1,3,0.6,0.8,13270,0.2775686077643909,0.16729464958553128,0.8327053504144687,-0.09819140919366987,0.25369050190825954,0.7345139412207988,0.8398683298683298,0.9868117687823572,0.03942082335143586,0.1837897768394869,convnext_tiny,gz2,soft_debiased,d4,224,full,bce,0,1,False,True
convnext_tiny_soft_debiased_d4_s224_full_bce_nfull_seed1,4,0.8,1.0,16733,0.35000418340026773,0.22769377876053307,0.7723062212394669,0.15066037172055224,0.09282062360481025,0.9229665929600191,0.9501276793314246,0.9997421431970466,0.13499141067421414,0.08358195122414729,convnext_tiny,gz2,soft_debiased,d4,224,full,bce,0,1,False,True
convnext_tiny_soft_debiased_d4_s224_full_bce_nfull_seed2,0,0.0,0.2,5107,0.10682312583668005,0.4315645192872528,0.5684354807127472,-0.113177990992755,0.17624326892619577,0.4552574897199922,0.5170167853143972,0.5942997825017364,0.4024696825201646,0.42345052941010775,convnext_tiny,gz2,soft_debiased,d4,224,full,bce,0,2,False,True
convnext_tiny_soft_debiased_d4_s224_full_bce_nfull_seed2,1,0.2,0.4,5703,0.11928965863453815,0.38523584078555145,0.6147641592144486,-0.16465018411362448,0.19866962305986696,0.4501139751008241,0.5502175735672328,0.7489034988072986,0.3886900919243137,0.39996533042228105,convnext_tiny,gz2,soft_debiased,d4,224,full,bce,0,2,False,True
convnext_tiny_soft_debiased_d4_s224_full_bce_nfull_seed2,2,0.4,0.6,6995,0.14631442436412315,0.2923516797712652,0.7076483202287348,-0.24460328806290205,0.23794741843522332,0.46304503216583276,0.6191711738411005,0.8986876589859475,0.3274781133550844,0.3483392218925921,convnext_tiny,gz2,soft_debiased,d4,224,full,bce,0,2,False,True
convnext_tiny_soft_debiased_d4_s224_full_bce_nfull_seed2,3,0.6,0.8,13270,0.2775686077643909,0.16729464958553128,0.8327053504144687,-0.15629238884702334,0.2720304086157745,0.6764129615674453,0.8048014756838286,0.9856805266805266,0.053882825766502676,0.21146687296237865,convnext_tiny,gz2,soft_debiased,d4,224,full,bce,0,2,False,True
convnext_tiny_soft_debiased_d4_s224_full_bce_nfull_seed2,4,0.8,1.0,16733,0.35000418340026773,0.22769377876053307,0.7723062212394669,0.11910595828602166,0.1151092809629395,0.8914121795254886,0.9296989863034899,0.9996260913876519,0.12667182353764608,0.1027372445901037,convnext_tiny,gz2,soft_debiased,d4,224,full,bce,0,2,False,True
convnext_tiny_soft_flip_s224_full_bce_nfull_seed0,0,0.0,0.2,5107,0.10682312583668005,0.4315645192872528,0.5684354807127472,0.10828274916780889,0.7514792899408284,0.6767182298805561,0.6720485348094124,0.7266282361384712,0.0838696372273829,0.21749854488567524,convnext_tiny,gz2,soft,flip,224,full,bce,0,0,False,True
convnext_tiny_soft_flip_s224_full_bce_nfull_seed0,1,0.2,0.4,5703,0.11928965863453815,0.38523584078555145,0.6147641592144486,0.30282307557425914,0.21392808375056896,0.9175872347887077,0.913343884636546,0.9720115668802113,0.2625222904717067,0.13581629258254588,convnext_tiny,gz2,soft,flip,224,full,bce,0,0,False,True
convnext_tiny_soft_flip_s224_full_bce_nfull_seed0,2,0.4,0.6,6995,0.14631442436412315,0.2923516797712652,0.7076483202287348,0.282916368834882,0.030040964952207556,0.9905646890636168,0.9874502975969969,0.9990101504037934,0.23665074435694464,0.07014940630250897,convnext_tiny,gz2,soft,flip,224,full,bce,0,0,False,True
convnext_tiny_soft_flip_s224_full_bce_nfull_seed0,3,0.6,0.8,13270,0.2775686077643909,0.16729464958553128,0.8327053504144687,0.16661642803315757,0.004096495220755576,0.9993217784476263,0.9986928783987608,0.9999877094288857,0.138120454269761,0.02408991191768289,convnext_tiny,gz2,soft,flip,224,full,bce,0,0,False,True
convnext_tiny_soft_flip_s224_full_bce_nfull_seed0,4,0.8,1.0,16733,0.35000418340026773,0.22769377876053307,0.7723062212394669,0.22763401661387683,0.0004551661356395084,0.9999402378533437,0.9998687664041994,1.0,0.08030422446675016,0.008165424827160322,convnext_tiny,gz2,soft,flip,224,full,bce,0,0,False,True
convnext_tiny_soft_flip_s224_full_bce_nfull_seed1,0,0.0,0.2,5107,0.10682312583668005,0.4315645192872528,0.5684354807127472,0.10495398472684547,0.7715078630897317,0.6733894654395927,0.6683011597615084,0.7312113134106842,0.08614775948831893,0.21784858337606672,convnext_tiny,gz2,soft,flip,224,full,bce,0,1,False,True
convnext_tiny_soft_flip_s224_full_bce_nfull_seed1,1,0.2,0.4,5703,0.11928965863453815,0.38523584078555145,0.6147641592144486,0.3094862353147465,0.1998149861239593,0.9242503945291951,0.9208874259640992,0.9764495016151518,0.2773562155895206,0.13888657771721377,convnext_tiny,gz2,soft,flip,224,full,bce,0,1,False,True
convnext_tiny_soft_flip_s224_full_bce_nfull_seed1,2,0.4,0.6,6995,0.14631442436412315,0.2923516797712652,0.7076483202287348,0.28463187991422445,0.02497687326549491,0.9922802001429593,0.9902407942505742,0.9992931762613915,0.25023198170671296,0.07512454662614122,convnext_tiny,gz2,soft,flip,224,full,bce,0,1,False,True
convnext_tiny_soft_flip_s224_full_bce_nfull_seed1,3,0.6,0.8,13270,0.2775686077643909,0.16729464958553128,0.8327053504144687,0.16676714393368508,0.0032377428307123032,0.9994724943481538,0.9987833761363174,0.999989482695365,0.15065952882861272,0.027605445758031144,convnext_tiny,gz2,soft,flip,224,full,bce,0,1,False,True
convnext_tiny_soft_flip_s224_full_bce_nfull_seed1,4,0.8,1.0,16733,0.35000418340026773,0.22769377876053307,0.7723062212394669,0.22763401661387683,0.00046253469010175765,0.9999402378533437,0.9998687664041994,1.0,0.09126997910591805,0.010047753628049974,convnext_tiny,gz2,soft,flip,224,full,bce,0,1,False,True
convnext_tiny_soft_flip_s224_full_bce_nfull_seed2,0,0.0,0.2,5107,0.10682312583668005,0.4315645192872528,0.5684354807127472,0.10612884276483259,0.7510167193854496,0.6745643234775798,0.6637628606241869,0.7252576188472655,0.07683709847068096,0.21545179811549867,convnext_tiny,gz2,soft,flip,224,full,bce,0,2,False,True
convnext_tiny_soft_flip_s224_full_bce_nfull_seed2,1,0.2,0.4,5703,0.11928965863453815,0.38523584078555145,0.6147641592144486,0.30106961248465713,0.21690013556258472,0.9158337716991057,0.9073293561904802,0.9738470963750029,0.25461779265953083,0.1318032197107426,convnext_tiny,gz2,soft,flip,224,full,bce,0,2,False,True
convnext_tiny_soft_flip_s224_full_bce_nfull_seed2,2,0.4,0.6,6995,0.14631442436412315,0.2923516797712652,0.7076483202287348,0.2836311651179414,0.027564392227745142,0.9912794853466762,0.9879553481020473,0.9992792472401273,0.2310637034523734,0.06673860160016716,convnext_tiny,gz2,soft,flip,224,full,bce,0,2,False,True
convnext_tiny_soft_flip_s224_full_bce_nfull_seed2,3,0.6,0.8,13270,0.2775686077643909,0.16729464958553128,0.8327053504144687,0.16661642803315757,0.004066877541798464,0.9993217784476263,0.9981529493294199,0.999989604989605,0.13533150620348666,0.02309220313668525,convnext_tiny,gz2,soft,flip,224,full,bce,0,2,False,True
convnext_tiny_soft_flip_s224_full_bce_nfull_seed2,4,0.8,1.0,16733,0.35000418340026773,0.22769377876053307,0.7723062212394669,0.22763401661387683,0.00045187528242205153,0.9999402378533437,0.9998687664041994,1.0,0.07874829567016431,0.0078049888414523216,convnext_tiny,gz2,soft,flip,224,full,bce,0,2,False,True
convnext_tiny_soft_none_s224_full_bce_nfull_seed0,0,0.0,0.2,5107,0.10682312583668005,0.4315645192872528,0.5684354807127472,0.09966712355590368,0.7463672391017173,0.6681026042686509,0.6645794168745893,0.7292450609639067,0.07558056918292544,0.21689897284014378,convnext_tiny,gz2,soft,none,224,full,bce,0,0,False,True
convnext_tiny_soft_none_s224_full_bce_nfull_seed0,1,0.2,0.4,5703,0.11928965863453815,0.38523584078555145,0.6147641592144486,0.2984394178502542,0.21796565389696168,0.9132035770647028,0.9099485088440624,0.9695250303725378,0.26008753296541126,0.13750384296143206,convnext_tiny,gz2,soft,none,224,full,bce,0,0,False,True
convnext_tiny_soft_none_s224_full_bce_nfull_seed0,2,0.4,0.6,6995,0.14631442436412315,0.2923516797712652,0.7076483202287348,0.28220157255182277,0.03126376045794804,0.9898498927805576,0.9879496678274184,0.9987388308513003,0.23998957128451073,0.07200909253962122,convnext_tiny,gz2,soft,none,224,full,bce,0,0,False,True
convnext_tiny_soft_none_s224_full_bce_nfull_seed0,3,0.6,0.8,13270,0.2775686077643909,0.16729464958553128,0.8327053504144687,0.16661642803315757,0.003963011889035667,0.9993217784476263,0.9985129020423138,0.9999866495454732,0.1419767255867644,0.025799383872069787,convnext_tiny,gz2,soft,none,224,full,bce,0,0,False,True
convnext_tiny_soft_none_s224_full_bce_nfull_seed0,4,0.8,1.0,16733,0.35000418340026773,0.22769377876053307,0.7723062212394669,0.22763401661387683,0.00044033465433729633,0.9999402378533437,0.9998687664041994,1.0,0.07945194594925195,0.008490392402873446,convnext_tiny,gz2,soft,none,224,full,bce,0,0,False,True
convnext_tiny_soft_none_s224_full_bce_nfull_seed0_op,0,0.0,0.2,5107,0.10682312583668005,0.4315645192872528,0.5684354807127472,0.10534560407284121,0.7610781178620375,0.6737810847855884,0.6694650005345244,0.7344186938475937,0.08099191369744509,0.2159437526051745,convnext_tiny,gz2,soft,none,224,full,bce,0,0,True,True
convnext_tiny_soft_none_s224_full_bce_nfull_seed0_op,1,0.2,0.4,5703,0.11928965863453815,0.38523584078555145,0.6147641592144486,0.30510257759074166,0.20877112836911832,0.9198667368051903,0.9161325237105724,0.9750633610474897,0.26438416302329554,0.13442706028108614,convnext_tiny,gz2,soft,none,224,full,bce,0,0,True,True
convnext_tiny_soft_none_s224_full_bce_nfull_seed0_op,2,0.4,0.6,6995,0.14631442436412315,0.2923516797712652,0.7076483202287348,0.2837741243745533,0.027409776153494745,0.9914224446032881,0.9889172902620336,0.9992667012422514,0.23805291496371694,0.06970991712151732,convnext_tiny,gz2,soft,none,224,full,bce,0,0,True,True
convnext_tiny_soft_none_s224_full_bce_nfull_seed0_op,3,0.6,0.8,13270,0.2775686077643909,0.16729464958553128,0.8327053504144687,0.1669178598342126,0.0022841480127912287,0.9996232102486813,0.9992338265867677,0.9999891158126452,0.13932449591613477,0.02448800972110303,convnext_tiny,gz2,soft,none,224,full,bce,0,0,True,True
convnext_tiny_soft_none_s224_full_bce_nfull_seed0_op,4,0.8,1.0,16733,0.35000418340026773,0.22769377876053307,0.7723062212394669,0.22763401661387683,0.00045682960255824577,0.9999402378533437,0.9998687664041994,0.9999999593798355,0.07712871501402474,0.007941963018512256,convnext_tiny,gz2,soft,none,224,full,bce,0,0,True,True
convnext_tiny_soft_none_s224_full_bce_nfull_seed1,0,0.0,0.2,5107,0.10682312583668005,0.4315645192872528,0.5684354807127472,0.06461719208928929,0.7055722891566265,0.6330526728020365,0.6495903855639669,0.7212910419348405,0.04035548801457835,0.22494722695537495,convnext_tiny,gz2,soft,none,224,full,bce,0,1,False,True
convnext_tiny_soft_none_s224_full_bce_nfull_seed1,1,0.2,0.4,5703,0.11928965863453815,0.38523584078555145,0.6147641592144486,0.27143608627038396,0.24435240963855423,0.8862002454848326,0.8972479326032153,0.9659608821966166,0.24383508749260477,0.14859566786607925,convnext_tiny,gz2,soft,none,224,full,bce,0,1,False,True
convnext_tiny_soft_none_s224_full_bce_nfull_seed1,2,0.4,0.6,6995,0.14631442436412315,0.2923516797712652,0.7076483202287348,0.2754824874910651,0.04442771084337349,0.9831308077197999,0.9859284779333679,0.9987323602775925,0.2494971002581888,0.08160317820906765,convnext_tiny,gz2,soft,none,224,full,bce,0,1,False,True
convnext_tiny_soft_none_s224_full_bce_nfull_seed1,3,0.6,0.8,13270,0.2775686077643909,0.16729464958553128,0.8327053504144687,0.16623963828183874,0.005271084337349397,0.9989449886963074,0.9990065631242102,0.9999884635766989,0.15199488000417888,0.029098541445578153,convnext_tiny,gz2,soft,none,224,full,bce,0,1,False,True
convnext_tiny_soft_none_s224_full_bce_nfull_seed1,4,0.8,1.0,16733,0.35000418340026773,0.22769377876053307,0.7723062212394669,0.22763401661387683,0.00037650602409638556,0.9999402378533437,0.9998687664041994,1.0,0.08801143301882088,0.009715156373728584,convnext_tiny,gz2,soft,none,224,full,bce,0,1,False,True
convnext_tiny_soft_none_s224_full_bce_nfull_seed1_op,0,0.0,0.2,5107,0.10682312583668005,0.4315645192872528,0.5684354807127472,0.096729978460936,0.7692307692307693,0.6651654591736832,0.6601932696196999,0.7319789497440847,0.08160979630156039,0.2158732154809744,convnext_tiny,gz2,soft,none,224,full,bce,0,1,True,True
convnext_tiny_soft_none_s224_full_bce_nfull_seed1_op,1,0.2,0.4,5703,0.11928965863453815,0.38523584078555145,0.6147641592144486,0.3054532702086621,0.2046783625730994,0.9202174294231107,0.9157379858080601,0.9746548669671163,0.2660307360872791,0.13529065883784444,convnext_tiny,gz2,soft,none,224,full,bce,0,1,True,True
convnext_tiny_soft_none_s224_full_bce_nfull_seed1_op,2,0.4,0.6,6995,0.14631442436412315,0.2923516797712652,0.7076483202287348,0.28491779842744813,0.023391812865497075,0.9925661186561829,0.9905863031290905,0.9993592650218567,0.2399308583410916,0.0700371534597227,convnext_tiny,gz2,soft,none,224,full,bce,0,1,True,True
convnext_tiny_soft_none_s224_full_bce_nfull_seed1_op,3,0.6,0.8,13270,0.2775686077643909,0.16729464958553128,0.8327053504144687,0.1669178598342126,0.002249212775528565,0.9996232102486813,0.9992338265867677,0.9999919897272839,0.13962883013844515,0.02473796223011693,convnext_tiny,gz2,soft,none,224,full,bce,0,1,True,True
convnext_tiny_soft_none_s224_full_bce_nfull_seed1_op,4,0.8,1.0,16733,0.35000418340026773,0.22769377876053307,0.7723062212394669,0.22763401661387683,0.000449842555105713,0.9999402378533437,0.9998687664041994,0.9999999796899179,0.07640797596837576,0.00790580932861138,convnext_tiny,gz2,soft,none,224,full,bce,0,1,True,True
convnext_tiny_soft_none_s224_full_bce_nfull_seed2,0,0.0,0.2,5107,0.10682312583668005,0.4315645192872528,0.5684354807127472,0.10475817505384766,0.7447568049977689,0.6731936557665948,0.6692760414940924,0.7309606183727578,0.08094217191593087,0.21651256673422176,convnext_tiny,gz2,soft,none,224,full,bce,0,2,False,True
convnext_tiny_soft_none_s224_full_bce_nfull_seed2,1,0.2,0.4,5703,0.11928965863453815,0.38523584078555145,0.6147641592144486,0.297387339996493,0.22356091030789826,0.9121514992109416,0.90688360236084,0.9700403054416631,0.2610141738123085,0.13839054286003435,convnext_tiny,gz2,soft,none,224,full,bce,0,2,False,True
convnext_tiny_soft_none_s224_full_bce_nfull_seed2,2,0.4,0.6,6995,0.14631442436412315,0.2923516797712652,0.7076483202287348,0.2834882058613295,0.027666220437304774,0.9911365260900643,0.9892892247659973,0.9990817712578104,0.24368389701714382,0.07302788735043231,convnext_tiny,gz2,soft,none,224,full,bce,0,2,False,True
convnext_tiny_soft_none_s224_full_bce_nfull_seed2,3,0.6,0.8,13270,0.2775686077643909,0.16729464958553128,0.8327053504144687,0.16669178598342127,0.0035698348951361,0.99939713639789,0.998918103623986,0.9999720761485468,0.1440160137769635,0.02629781220629192,convnext_tiny,gz2,soft,none,224,full,bce,0,2,False,True
convnext_tiny_soft_none_s224_full_bce_nfull_seed2,4,0.8,1.0,16733,0.35000418340026773,0.22769377876053307,0.7723062212394669,0.22763401661387683,0.0004462293618920125,0.9999402378533437,0.9998687664041994,1.0,0.08113984914251865,0.008788855313391868,convnext_tiny,gz2,soft,none,224,full,bce,0,2,False,True
convnext_tiny_soft_none_s224_full_bce_nfull_seed2_op,0,0.0,0.2,5107,0.10682312583668005,0.4315645192872528,0.5684354807127472,0.10906598785980026,0.7352678571428571,0.6775014685725474,0.6617579254954353,0.7342578676667795,0.08657824819816731,0.215310322151983,convnext_tiny,gz2,soft,none,224,full,bce,0,2,True,True
convnext_tiny_soft_none_s224_full_bce_nfull_seed2_op,1,0.2,0.4,5703,0.11928965863453815,0.38523584078555145,0.6147641592144486,0.29615991583377166,0.22678571428571428,0.9109240750482203,0.8975582141389193,0.9728829516783895,0.2612659023944357,0.13883351122482107,convnext_tiny,gz2,soft,none,224,full,bce,0,2,True,True
convnext_tiny_soft_none_s224_full_bce_nfull_seed2_op,2,0.4,0.6,6995,0.14631442436412315,0.2923516797712652,0.7076483202287348,0.2816297355253753,0.033482142857142856,0.9892780557541101,0.9838149218344817,0.9987851621347955,0.24576370430001193,0.07484220641515964,convnext_tiny,gz2,soft,none,224,full,bce,0,2,True,True
convnext_tiny_soft_none_s224_full_bce_nfull_seed2_op,3,0.6,0.8,13270,0.2775686077643909,0.16729464958553128,0.8327053504144687,0.16661642803315757,0.0040178571428571425,0.9993217784476263,0.9985129020423138,0.9999922343157638,0.15070768769187592,0.027825781193055628,convnext_tiny,gz2,soft,none,224,full,bce,0,2,True,True
convnext_tiny_soft_none_s224_full_bce_nfull_seed2_op,4,0.8,1.0,16733,0.35000418340026773,0.22769377876053307,0.7723062212394669,0.22763401661387683,0.0004464285714285714,0.9999402378533437,0.9998687664041994,0.9999999796899178,0.09371001765787382,0.010532846744989199,convnext_tiny,gz2,soft,none,224,full,bce,0,2,True,True
convnext_tiny_soft_w_d4_s224_full_bce_nfull_seed0,0,0.0,0.2,5107,0.10682312583668005,0.4315645192872528,0.5684354807127472,0.10652046211082833,0.7607699358386801,0.6749559428235755,0.6712631591450862,0.737003478471798,0.08131750386674413,0.21535007847880133,convnext_tiny,gz2,soft_w,d4,224,full,bce,0,0,False,True
convnext_tiny_soft_w_d4_s224_full_bce_nfull_seed0,1,0.2,0.4,5703,0.11928965863453815,0.38523584078555145,0.6147641592144486,0.30475188497282124,0.21035747021081577,0.9195160441872698,0.9178016176703128,0.9750455750347735,0.26240363517587023,0.13361170894619095,convnext_tiny,gz2,soft_w,d4,224,full,bce,0,0,False,True
convnext_tiny_soft_w_d4_s224_full_bce_nfull_seed0,2,0.4,0.6,6995,0.14631442436412315,0.2923516797712652,0.7076483202287348,0.28434596140100077,0.025664527956003668,0.9919942816297356,0.9904692400780419,0.9993236027759255,0.23537009678104673,0.0679392259759017,convnext_tiny,gz2,soft_w,d4,224,full,bce,0,0,False,True
convnext_tiny_soft_w_d4_s224_full_bce_nfull_seed0,3,0.6,0.8,13270,0.2775686077643909,0.16729464958553128,0.8327053504144687,0.16684250188394878,0.002749770852428964,0.9995478522984175,0.9990086013615426,0.9999895234601117,0.1372629962367453,0.02336517539424976,convnext_tiny,gz2,soft_w,d4,224,full,bce,0,0,False,True
convnext_tiny_soft_w_d4_s224_full_bce_nfull_seed0,4,0.8,1.0,16733,0.35000418340026773,0.22769377876053307,0.7723062212394669,0.22763401661387683,0.00045829514207149406,0.9999402378533437,0.9998687664041994,1.0,0.07993704806860769,0.007929709984004005,convnext_tiny,gz2,soft_w,d4,224,full,bce,0,0,False,True
convnext_tiny_soft_w_d4_s224_full_bce_nfull_seed1,0,0.0,0.2,5107,0.10682312583668005,0.4315645192872528,0.5684354807127472,0.10965341687879382,0.7625231910946196,0.678088897591541,0.6767501608261808,0.7360918956733536,0.08319328356675025,0.21585873009040618,convnext_tiny,gz2,soft_w,d4,224,full,bce,0,1,False,True
convnext_tiny_soft_w_d4_s224_full_bce_nfull_seed1,1,0.2,0.4,5703,0.11928965863453815,0.38523584078555145,0.6147641592144486,0.30650534806242324,0.2082560296846011,0.9212695072768718,0.9205872707714013,0.9756494556052033,0.26308747746119593,0.13285573566401723,convnext_tiny,gz2,soft_w,d4,224,full,bce,0,1,False,True
convnext_tiny_soft_w_d4_s224_full_bce_nfull_seed1,2,0.4,0.6,6995,0.14631442436412315,0.2923516797712652,0.7076483202287348,0.28420300214438887,0.026437847866419294,0.9918513223731237,0.9895072979180559,0.9993073028574251,0.23627122467313175,0.06806854697589057,convnext_tiny,gz2,soft_w,d4,224,full,bce,0,1,False,True
convnext_tiny_soft_w_d4_s224_full_bce_nfull_seed1,3,0.6,0.8,13270,0.2775686077643909,0.16729464958553128,0.8327053504144687,0.16684250188394878,0.0027829313543599257,0.9995478522984175,0.9993685540744364,0.9999942929354694,0.14084503963061895,0.024267938912026343,convnext_tiny,gz2,soft_w,d4,224,full,bce,0,1,False,True
convnext_tiny_soft_w_d4_s224_full_bce_nfull_seed1,4,0.8,1.0,16733,0.35000418340026773,0.22769377876053307,0.7723062212394669,0.2276937787605331,0.0,1.0,1.0,1.0,0.08262483820609487,0.008385577404872521,convnext_tiny,gz2,soft_w,d4,224,full,bce,0,1,False,True
convnext_tiny_soft_w_d4_s224_full_bce_nfull_seed2,0,0.0,0.2,5107,0.10682312583668005,0.4315645192872528,0.5684354807127472,0.11043665557078519,0.7714016933207902,0.6788721362835324,0.6710480209158434,0.7306808527132268,0.0837053798076363,0.2154374842991283,convnext_tiny,gz2,soft_w,d4,224,full,bce,0,2,False,True
convnext_tiny_soft_w_d4_s224_full_bce_nfull_seed2,1,0.2,0.4,5703,0.11928965863453815,0.38523584078555145,0.6147641592144486,0.3112396984043485,0.1984948259642521,0.9260038576187971,0.9204442037202107,0.9786691181071735,0.26780456932160007,0.13162592816102883,convnext_tiny,gz2,soft_w,d4,224,full,bce,0,2,False,True
convnext_tiny_soft_w_d4_s224_full_bce_nfull_seed2,2,0.4,0.6,6995,0.14631442436412315,0.2923516797712652,0.7076483202287348,0.2836311651179414,0.028692380056444027,0.9912794853466762,0.9888162801610234,0.9993982366451805,0.23503870967884757,0.06774671271702515,convnext_tiny,gz2,soft_w,d4,224,full,bce,0,2,False,True
convnext_tiny_soft_w_d4_s224_full_bce_nfull_seed2,3,0.6,0.8,13270,0.2775686077643909,0.16729464958553128,0.8327053504144687,0.1670685757347401,0.0014111006585136407,0.9997739261492088,0.9993243243243244,0.9999995108230403,0.1407091900958949,0.024163344889213036,convnext_tiny,gz2,soft_w,d4,224,full,bce,0,2,False,True
convnext_tiny_soft_w_d4_s224_full_bce_nfull_seed2,4,0.8,1.0,16733,0.35000418340026773,0.22769377876053307,0.7723062212394669,0.2276937787605331,0.0,1.0,1.0,1.0,0.08242899510511428,0.008364701147309857,convnext_tiny,gz2,soft_w,d4,224,full,bce,0,2,False,True
deit3_small_hard_d4_s224_full_bce_nfull_seed0,0,0.0,0.2,5107,0.10682312583668005,0.4315645192872528,0.5684354807127472,0.08772273350303506,0.6948951325682627,0.6561582142157822,0.6460432227003419,0.705428797920419,0.1827803987864118,0.251697133095124,deit3_small,gz2,hard,d4,224,full,bce,0,0,False,True
deit3_small_hard_d4_s224_full_bce_nfull_seed0,1,0.2,0.4,5703,0.11928965863453815,0.38523584078555145,0.6147641592144486,0.27669647553918986,0.2449544914918876,0.8914606347536385,0.8821530604534888,0.9552316972192283,0.01954838999101261,0.08032316634884798,deit3_small,gz2,hard,d4,224,full,bce,0,0,False,True
deit3_small_hard_d4_s224_full_bce_nfull_seed0,2,0.4,0.6,6995,0.14631442436412315,0.2923516797712652,0.7076483202287348,0.27419585418155823,0.050257222002374355,0.981844174410293,0.9745447136400681,0.9979022004889976,0.010205872025064778,0.014485034826220005,deit3_small,gz2,hard,d4,224,full,bce,0,0,False,True
deit3_small_hard_d4_s224_full_bce_nfull_seed0,3,0.6,0.8,13270,0.2775686077643909,0.16729464958553128,0.8327053504144687,0.1654860587792012,0.009497427779976256,0.9981914091936699,0.9958544290897232,0.9999354490236843,0.002185950357816269,0.0014029199376757952,deit3_small,gz2,hard,d4,224,full,bce,0,0,False,True
deit3_small_hard_d4_s224_full_bce_nfull_seed0,4,0.8,1.0,16733,0.35000418340026773,0.22769377876053307,0.7723062212394669,0.22763401661387683,0.0003957261574990107,0.9999402378533437,0.9998687664041994,0.9999999796899179,0.00028984322805480884,6.218048828611782e-05,deit3_small,gz2,hard,d4,224,full,bce,0,0,False,True
deit3_small_hard_d4_s224_full_bce_nfull_seed1,0,0.0,0.2,5107,0.10682312583668005,0.4315645192872528,0.5684354807127472,0.08537301742706094,0.7001980198019802,0.6538084981398081,0.6449050140883109,0.7034802066577349,0.1717563507239701,0.24997694853020996,deit3_small,gz2,hard,d4,224,full,bce,0,1,False,True
deit3_small_hard_d4_s224_full_bce_nfull_seed1,1,0.2,0.4,5703,0.11928965863453815,0.38523584078555145,0.6147641592144486,0.2791513238646326,0.2396039603960396,0.8939154830790812,0.8861039570373022,0.9580129362733656,0.007599015989657418,0.07635338408759068,deit3_small,gz2,hard,d4,224,full,bce,0,1,False,True
deit3_small_hard_d4_s224_full_bce_nfull_seed1,2,0.4,0.6,6995,0.14631442436412315,0.2923516797712652,0.7076483202287348,0.2727662616154396,0.05425742574257426,0.9804145818441744,0.9733911239534712,0.9975497764935419,0.01328497963245782,0.015835387439817855,deit3_small,gz2,hard,d4,224,full,bce,0,1,False,True
deit3_small_hard_d4_s224_full_bce_nfull_seed1,3,0.6,0.8,13270,0.2775686077643909,0.16729464958553128,0.8327053504144687,0.16616428033157504,0.005940594059405941,0.9988696307460437,0.9982414088296441,0.9999747054747056,0.003143312643985571,0.0012861728625314709,deit3_small,gz2,hard,d4,224,full,bce,0,1,False,True
deit3_small_hard_d4_s224_full_bce_nfull_seed1,4,0.8,1.0,16733,0.35000418340026773,0.22769377876053307,0.7723062212394669,0.2276937787605331,0.0,1.0,1.0,1.0,0.0003690119174007612,4.8332654028473385e-05,deit3_small,gz2,hard,d4,224,full,bce,0,1,False,True
deit3_small_hard_d4_s224_full_bce_nfull_seed2,0,0.0,0.2,5107,0.10682312583668005,0.4315645192872528,0.5684354807127472,0.08380654004307819,0.7014218009478673,0.6522420207558254,0.6466953580156456,0.7100457909178376,0.1803354180951799,0.24981329196015054,deit3_small,gz2,hard,d4,224,full,bce,0,2,False,True
deit3_small_hard_d4_s224_full_bce_nfull_seed2,1,0.2,0.4,5703,0.11928965863453815,0.38523584078555145,0.6147641592144486,0.27634578292126943,0.245260663507109,0.891109942135718,0.8852666512780873,0.9563622774508931,0.01386046005435249,0.07902276500620659,deit3_small,gz2,hard,d4,224,full,bce,0,2,False,True
deit3_small_hard_d4_s224_full_bce_nfull_seed2,2,0.4,0.6,6995,0.14631442436412315,0.2923516797712652,0.7076483202287348,0.2754824874910651,0.04660347551342812,0.9831308077197999,0.9780366007260872,0.9979275888469042,0.011110274579357277,0.014044341119020518,deit3_small,gz2,hard,d4,224,full,bce,0,2,False,True
deit3_small_hard_d4_s224_full_bce_nfull_seed2,3,0.6,0.8,13270,0.2775686077643909,0.16729464958553128,0.8327053504144687,0.16608892238131123,0.00631911532385466,0.9987942727957799,0.9971163018221842,0.999978455831397,0.0025144426705918043,0.00102106454383891,deit3_small,gz2,hard,d4,224,full,bce,0,2,False,True
deit3_small_hard_d4_s224_full_bce_nfull_seed2,4,0.8,1.0,16733,0.35000418340026773,0.22769377876053307,0.7723062212394669,0.22763401661387683,0.00039494470774091627,0.9999402378533437,0.9998687664041994,0.9999999796899177,0.0002446923712141384,6.292214791586114e-05,deit3_small,gz2,hard,d4,224,full,bce,0,2,False,True
deit3_small_hard_d4_s224_full_bce_nfull_seed3,0,0.0,0.2,5107,0.10682312583668005,0.4315645192872528,0.5684354807127472,0.08126101429410615,0.6942180830422973,0.6496964950068533,0.6423259341828624,0.7051795876723059,0.20315831136495893,0.26033179197626194,deit3_small,gz2,hard,d4,224,full,bce,0,3,False,True
deit3_small_hard_d4_s224_full_bce_nfull_seed3,1,0.2,0.4,5703,0.11928965863453815,0.38523584078555145,0.6147641592144486,0.2770471681571103,0.2394256887854094,0.8918113273715589,0.8858371019341056,0.9557045844551286,0.02794736445863833,0.07969449272089868,deit3_small,gz2,hard,d4,224,full,bce,0,3,False,True
deit3_small_hard_d4_s224_full_bce_nfull_seed3,2,0.4,0.6,6995,0.14631442436412315,0.2923516797712652,0.7076483202287348,0.2710507505360972,0.057819169577027554,0.978699070764832,0.9707441159763899,0.9979260082487468,0.008030815009818422,0.014485302253358272,deit3_small,gz2,hard,d4,224,full,bce,0,3,False,True
deit3_small_hard_d4_s224_full_bce_nfull_seed3,3,0.6,0.8,13270,0.2775686077643909,0.16729464958553128,0.8327053504144687,0.16586284853052002,0.007372914241365929,0.9985681989449887,0.9977004606416371,0.999977701683584,0.0013819167631259066,0.001048858340140192,deit3_small,gz2,hard,d4,224,full,bce,0,3,False,True
deit3_small_hard_d4_s224_full_bce_nfull_seed3,4,0.8,1.0,16733,0.35000418340026773,0.22769377876053307,0.7723062212394669,0.2275144923205642,0.0011641443538998836,0.9998207135600311,0.9997913849912149,0.9999999390697536,0.0002548953261511514,9.621251532713087e-05,deit3_small,gz2,hard,d4,224,full,bce,0,3,False,True
deit3_small_hard_d4_s224_full_bce_nfull_seed4,0,0.0,0.2,5107,0.10682312583668005,0.4315645192872528,0.5684354807127472,0.08987663990601136,0.7047657512116317,0.6583121206187585,0.6520892868195052,0.7062015919447495,0.17107891905690514,0.24897782462893447,deit3_small,gz2,hard,d4,224,full,bce,0,4,False,True
deit3_small_hard_d4_s224_full_bce_nfull_seed4,1,0.2,0.4,5703,0.11928965863453815,0.38523584078555145,0.6147641592144486,0.28388567420655786,0.2334410339256866,0.8986498334210065,0.8927585222913266,0.9575854877560829,0.010943310147117045,0.07639374598017196,deit3_small,gz2,hard,d4,224,full,bce,0,4,False,True
deit3_small_hard_d4_s224_full_bce_nfull_seed4,2,0.4,0.6,6995,0.14631442436412315,0.2923516797712652,0.7076483202287348,0.2726233023588277,0.05573505654281099,0.9802716225875625,0.9747250006174212,0.9977054160183744,0.01061724382085894,0.015069909668274055,deit3_small,gz2,hard,d4,224,full,bce,0,4,False,True
deit3_small_hard_d4_s224_full_bce_nfull_seed4,3,0.6,0.8,13270,0.2775686077643909,0.16729464958553128,0.8327053504144687,0.16616428033157504,0.006058158319870759,0.9988696307460437,0.9978814561167503,0.9999658391423097,0.0024000211587546544,0.0012068278246364094,deit3_small,gz2,hard,d4,224,full,bce,0,4,False,True
deit3_small_hard_d4_s224_full_bce_nfull_seed4,4,0.8,1.0,16733,0.35000418340026773,0.22769377876053307,0.7723062212394669,0.2276937787605331,0.0,1.0,1.0,1.0,0.000334040452954066,4.5786870721904515e-05,deit3_small,gz2,hard,d4,224,full,bce,0,4,False,True
deit3_small_soft_d4_s224_full_bce_nfull_seed0,0,0.0,0.2,5107,0.10682312583668005,0.4315645192872528,0.5684354807127472,0.10495398472684547,0.7568058076225045,0.6733894654395927,0.671906385721511,0.7280211252768742,0.07694824488546508,0.21702888680207144,deit3_small,gz2,soft,d4,224,full,bce,0,0,False,True
deit3_small_soft_d4_s224_full_bce_nfull_seed0,1,0.2,0.4,5703,0.11928965863453815,0.38523584078555145,0.6147641592144486,0.30334911450113966,0.2118874773139746,0.9181132737155883,0.9162358643392003,0.9726371282106675,0.2614447155553542,0.13461880270793528,deit3_small,gz2,soft,d4,224,full,bce,0,0,False,True
deit3_small_soft_d4_s224_full_bce_nfull_seed0,2,0.4,0.6,6995,0.14631442436412315,0.2923516797712652,0.7076483202287348,0.2830593280914939,0.029491833030852996,0.9907076483202287,0.988125262403991,0.9991944876639253,0.2383510573404316,0.07008112536310714,deit3_small,gz2,soft,d4,224,full,bce,0,0,False,True
deit3_small_soft_d4_s224_full_bce_nfull_seed0,3,0.6,0.8,13270,0.2775686077643909,0.16729464958553128,0.8327053504144687,0.1670685757347401,0.0013611615245009074,0.9997739261492088,0.9996842770372183,0.9999936814642698,0.14334215287795704,0.02504480124673455,deit3_small,gz2,soft,d4,224,full,bce,0,0,False,True
deit3_small_soft_d4_s224_full_bce_nfull_seed0,4,0.8,1.0,16733,0.35000418340026773,0.22769377876053307,0.7723062212394669,0.22763401661387683,0.00045372050816696913,0.9999402378533437,0.9998687664041994,0.9999999593798357,0.08392658958759544,0.008763454903099873,deit3_small,gz2,soft,d4,224,full,bce,0,0,False,True
deit3_small_soft_d4_s224_full_bce_nfull_seed1,0,0.0,0.2,5107,0.10682312583668005,0.4315645192872528,0.5684354807127472,0.09633835911494026,0.7622439893143366,0.6647738398276875,0.6619791591775952,0.724002580720989,0.07135161092942159,0.21815597372073828,deit3_small,gz2,soft,d4,224,full,bce,0,1,False,True
deit3_small_soft_d4_s224_full_bce_nfull_seed1,1,0.2,0.4,5703,0.11928965863453815,0.38523584078555145,0.6147641592144486,0.30317376819217945,0.20837043633125557,0.917937927406628,0.9156683996561198,0.9726529668497285,0.263808670774293,0.13602192975717656,deit3_small,gz2,soft,d4,224,full,bce,0,1,False,True
deit3_small_soft_d4_s224_full_bce_nfull_seed1,2,0.4,0.6,6995,0.14631442436412315,0.2923516797712652,0.7076483202287348,0.2839170836311651,0.02626892252894034,0.9915654038598999,0.9891617890395397,0.9990339581635425,0.24152746374923217,0.07123212074762346,deit3_small,gz2,soft,d4,224,full,bce,0,1,False,True
deit3_small_soft_d4_s224_full_bce_nfull_seed1,3,0.6,0.8,13270,0.2775686077643909,0.16729464958553128,0.8327053504144687,0.16684250188394878,0.0026714158504007124,0.9995478522984175,0.9991885777179894,0.9999937426113896,0.14261718413567262,0.02512893917934632,deit3_small,gz2,soft,d4,224,full,bce,0,1,False,True
deit3_small_soft_d4_s224_full_bce_nfull_seed1,4,0.8,1.0,16733,0.35000418340026773,0.22769377876053307,0.7723062212394669,0.22763401661387683,0.0004452359750667854,0.9999402378533437,0.9999613092935077,1.0,0.08314667226808897,0.008564776021324418,deit3_small,gz2,soft,d4,224,full,bce,0,1,False,True
deit3_small_soft_d4_s224_full_bce_nfull_seed2,0,0.0,0.2,5107,0.10682312583668005,0.4315645192872528,0.5684354807127472,0.10162522028588217,0.759009009009009,0.6700607009986294,0.6655370281572415,0.727047337599942,0.07486782809316427,0.2168408996923261,deit3_small,gz2,soft,d4,224,full,bce,0,2,False,True
deit3_small_soft_d4_s224_full_bce_nfull_seed2,1,0.2,0.4,5703,0.11928965863453815,0.38523584078555145,0.6147641592144486,0.3052779238997019,0.20540540540540542,0.9200420831141505,0.9162751363745771,0.9742605887144244,0.26384963511939885,0.13419613073217682,deit3_small,gz2,soft,d4,224,full,bce,0,2,False,True
deit3_small_soft_d4_s224_full_bce_nfull_seed2,2,0.4,0.6,6995,0.14631442436412315,0.2923516797712652,0.7076483202287348,0.28205861329521087,0.032432432432432434,0.9897069335239457,0.9858398162554642,0.999208515472574,0.23798619548312847,0.07054158932664045,deit3_small,gz2,soft,d4,224,full,bce,0,2,False,True
deit3_small_soft_d4_s224_full_bce_nfull_seed2,3,0.6,0.8,13270,0.2775686077643909,0.16729464958553128,0.8327053504144687,0.16676714393368508,0.003153153153153153,0.9994724943481538,0.9989633524927642,0.9999836941013412,0.14301110722023516,0.02517952704424329,deit3_small,gz2,soft,d4,224,full,bce,0,2,False,True
deit3_small_soft_d4_s224_full_bce_nfull_seed2,4,0.8,1.0,16733,0.35000418340026773,0.22769377876053307,0.7723062212394669,0.2276937787605331,0.0,1.0,1.0,1.0,0.08408957427944291,0.008775824136650179,deit3_small,gz2,soft,d4,224,full,bce,0,2,False,True
deit3_small_soft_d4_s224_full_bce_nfull_seed3,0,0.0,0.2,5107,0.10682312583668005,0.4315645192872528,0.5684354807127472,0.10534560407284121,0.7440821795444394,0.6737810847855884,0.672633229408466,0.7294870817034509,0.08080927932363963,0.21766885540073513,deit3_small,gz2,soft,d4,224,full,bce,0,3,False,True
deit3_small_soft_d4_s224_full_bce_nfull_seed3,1,0.2,0.4,5703,0.11928965863453815,0.38523584078555145,0.6147641592144486,0.29808872523233376,0.2219740955783832,0.9128528844467824,0.9125522772457697,0.9725232717643024,0.25884145073685416,0.13630272911358604,deit3_small,gz2,soft,d4,224,full,bce,0,3,False,True
deit3_small_soft_d4_s224_full_bce_nfull_seed3,2,0.4,0.6,6995,0.14631442436412315,0.2923516797712652,0.7076483202287348,0.28263045032165834,0.030370701205895488,0.9902787705503932,0.9881092094539528,0.9993819861203724,0.24246464240084464,0.0722265329524298,deit3_small,gz2,soft,d4,224,full,bce,0,3,False,True
deit3_small_soft_d4_s224_full_bce_nfull_seed3,3,0.6,0.8,13270,0.2775686077643909,0.16729464958553128,0.8327053504144687,0.16676714393368508,0.0031263957123715946,0.9994724943481538,0.9991433288492112,0.9999814520402756,0.14606981881063913,0.026181682383283215,deit3_small,gz2,soft,d4,224,full,bce,0,3,False,True
deit3_small_soft_d4_s224_full_bce_nfull_seed3,4,0.8,1.0,16733,0.35000418340026773,0.22769377876053307,0.7723062212394669,0.22763401661387683,0.00044662795891022776,0.9999402378533437,0.9999613092935077,1.0,0.08581404512835948,0.009149636582540718,deit3_small,gz2,soft,d4,224,full,bce,0,3,False,True
deit3_small_soft_d4_s224_full_bce_nfull_seed4,0,0.0,0.2,5107,0.10682312583668005,0.4315645192872528,0.5684354807127472,0.09340121401997259,0.7508695652173913,0.6618366947327198,0.6649127131142263,0.7258226204445866,0.06544712667295281,0.21857414815621004,deit3_small,gz2,soft,d4,224,full,bce,0,4,False,True
deit3_small_soft_d4_s224_full_bce_nfull_seed4,1,0.2,0.4,5703,0.11928965863453815,0.38523584078555145,0.6147641592144486,0.298264071541294,0.21565217391304348,0.9130282307557426,0.9155838836394907,0.9741009040747106,0.2562402937311092,0.13493831147352733,deit3_small,gz2,soft,d4,224,full,bce,0,4,False,True
deit3_small_soft_d4_s224_full_bce_nfull_seed4,2,0.4,0.6,6995,0.14631442436412315,0.2923516797712652,0.7076483202287348,0.28248749106504645,0.03,0.9901358112937813,0.9890126200884146,0.999090909090909,0.23684248042807485,0.07016767491013684,deit3_small,gz2,soft,d4,224,full,bce,0,4,False,True
deit3_small_soft_d4_s224_full_bce_nfull_seed4,3,0.6,0.8,13270,0.2775686077643909,0.16729464958553128,0.8327053504144687,0.16676714393368508,0.003043478260869565,0.9994724943481538,0.9991433288492112,0.9999951286127756,0.13919089465179588,0.0242517551682177,deit3_small,gz2,soft,d4,224,full,bce,0,4,False,True
deit3_small_soft_d4_s224_full_bce_nfull_seed4,4,0.8,1.0,16733,0.35000418340026773,0.22769377876053307,0.7723062212394669,0.22763401661387683,0.0004347826086956522,0.9999402378533437,0.9999613092935077,0.9999999796899179,0.07920297734679368,0.007962731846926988,deit3_small,gz2,soft,d4,224,full,bce,0,4,False,True
densenet121_hard_d4_s224_full_bce_nfull_seed0,0,0.0,0.2,5107,0.10682312583668005,0.4315645192872528,0.5684354807127472,0.08948502056001573,0.7084347120843472,0.6579205012727629,0.6505430735961859,0.7119702348093497,0.16342997108718443,0.2434973922013758,densenet121,gz2,hard,d4,224,full,bce,0,0,False,True
densenet121_hard_d4_s224_full_bce_nfull_seed0,1,0.2,0.4,5703,0.11928965863453815,0.38523584078555145,0.6147641592144486,0.2809047869542346,0.24128142741281428,0.8956689461686832,0.8882948173116845,0.9589311878641751,0.008288203272465435,0.07586974270944416,densenet121,gz2,hard,d4,224,full,bce,0,0,False,True
densenet121_hard_d4_s224_full_bce_nfull_seed0,2,0.4,0.6,6995,0.14631442436412315,0.2923516797712652,0.7076483202287348,0.2773409578270193,0.04257907542579075,0.9849892780557541,0.9803541527746906,0.997859178582895,0.014513241418912779,0.013236319749703965,densenet121,gz2,hard,d4,224,full,bce,0,0,False,True
densenet121_hard_d4_s224_full_bce_nfull_seed0,3,0.6,0.8,13270,0.2775686077643909,0.16729464958553128,0.8327053504144687,0.16593820648078372,0.0072992700729927005,0.9986435568952524,0.9966658513717337,0.9999803921568627,0.002269184029777197,0.001193289615927116,densenet121,gz2,hard,d4,224,full,bce,0,0,False,True
densenet121_hard_d4_s224_full_bce_nfull_seed0,4,0.8,1.0,16733,0.35000418340026773,0.22769377876053307,0.7723062212394669,0.22763401661387683,0.00040551500405515005,0.9999402378533437,0.9998687664041994,0.9999987407749069,0.00024818720366778335,0.00010807938410153448,densenet121,gz2,hard,d4,224,full,bce,0,0,False,True
densenet121_hard_d4_s224_full_bce_nfull_seed1,0,0.0,0.2,5107,0.10682312583668005,0.4315645192872528,0.5684354807127472,0.09046406892500491,0.6956869009584664,0.6588995496377521,0.6459417881120538,0.7085093460485523,0.15271922114145464,0.24031939328530125,densenet121,gz2,hard,d4,224,full,bce,0,1,False,True
densenet121_hard_d4_s224_full_bce_nfull_seed1,1,0.2,0.4,5703,0.11928965863453815,0.38523584078555145,0.6147641592144486,0.277748553392951,0.24480830670926518,0.8925127126073996,0.8814792691688428,0.9595731071333335,0.013237119015231013,0.07581910673202606,densenet121,gz2,hard,d4,224,full,bce,0,1,False,True
densenet121_hard_d4_s224_full_bce_nfull_seed1,2,0.4,0.6,6995,0.14631442436412315,0.2923516797712652,0.7076483202287348,0.27419585418155823,0.05071884984025559,0.981844174410293,0.9742577362870761,0.9978958287026747,0.01673997077685836,0.0154599307146112,densenet121,gz2,hard,d4,224,full,bce,0,1,False,True
densenet121_hard_d4_s224_full_bce_nfull_seed1,3,0.6,0.8,13270,0.2775686077643909,0.16729464958553128,0.8327053504144687,0.16571213262999251,0.008386581469648562,0.9984174830444612,0.996350128408952,0.9999838979250745,0.003301742123966378,0.0014326361881057017,densenet121,gz2,hard,d4,224,full,bce,0,1,False,True
densenet121_hard_d4_s224_full_bce_nfull_seed1,4,0.8,1.0,16733,0.35000418340026773,0.22769377876053307,0.7723062212394669,0.22763401661387683,0.00039936102236421724,0.9999402378533437,0.9998687664041994,0.9999999796899178,0.0005484139571610775,7.940231255453307e-05,densenet121,gz2,hard,d4,224,full,bce,0,1,False,True
densenet121_hard_d4_s224_full_bce_nfull_seed2,0,0.0,0.2,5107,0.10682312583668005,0.4315645192872528,0.5684354807127472,0.08458977873506957,0.7238562091503268,0.6530252594478168,0.6461825585022816,0.7073293288812561,0.16289157856002676,0.24570947399687543,densenet121,gz2,hard,d4,224,full,bce,0,2,False,True
densenet121_hard_d4_s224_full_bce_nfull_seed2,1,0.2,0.4,5703,0.11928965863453815,0.38523584078555145,0.6147641592144486,0.2882693319305628,0.22589869281045752,0.9030334911450114,0.8964088092952558,0.9596182212896754,0.013877040028306442,0.07424315236984805,densenet121,gz2,hard,d4,224,full,bce,0,2,False,True
densenet121_hard_d4_s224_full_bce_nfull_seed2,2,0.4,0.6,6995,0.14631442436412315,0.2923516797712652,0.7076483202287348,0.2767691208005718,0.044526143790849675,0.9844174410293066,0.9783717369291941,0.9981540095329826,0.014483133678261857,0.013206856818749996,densenet121,gz2,hard,d4,224,full,bce,0,2,False,True
densenet121_hard_d4_s224_full_bce_nfull_seed2,3,0.6,0.8,13270,0.2775686077643909,0.16729464958553128,0.8327053504144687,0.16631499623210255,0.0053104575163398695,0.9990203466465712,0.9979719538543068,0.9999863845746199,0.0029574366536310095,0.0010091718806991062,densenet121,gz2,hard,d4,224,full,bce,0,2,False,True
densenet121_hard_d4_s224_full_bce_nfull_seed2,4,0.8,1.0,16733,0.35000418340026773,0.22769377876053307,0.7723062212394669,0.22763401661387683,0.0004084967320261438,0.9999402378533437,0.9998687664041994,0.9999998984495893,0.0002506773827614994,7.830591720422729e-05,densenet121,gz2,hard,d4,224,full,bce,0,2,False,True
densenet121_hard_d4_s224_full_bce_nfull_seed3,0,0.0,0.2,5107,0.10682312583668005,0.4315645192872528,0.5684354807127472,0.10103779126688861,0.7098402018502944,0.6694732719796358,0.6606503504416545,0.7169480317313649,0.14161862026177957,0.23625870009101477,densenet121,gz2,hard,d4,224,full,bce,0,3,False,True
densenet121_hard_d4_s224_full_bce_nfull_seed3,1,0.2,0.4,5703,0.11928965863453815,0.38523584078555145,0.6147641592144486,0.2865158688409608,0.23675357443229605,0.9012800280554094,0.8931983041750913,0.9617578656369301,0.011291792428948701,0.07299838340170627,densenet121,gz2,hard,d4,224,full,bce,0,3,False,True
densenet121_hard_d4_s224_full_bce_nfull_seed3,2,0.4,0.6,6995,0.14631442436412315,0.2923516797712652,0.7076483202287348,0.27619728377412434,0.04751892346509672,0.9838456040028591,0.9781111852016497,0.9981386480946383,0.016406377223622405,0.013534144631073742,densenet121,gz2,hard,d4,224,full,bce,0,3,False,True
densenet121_hard_d4_s224_full_bce_nfull_seed3,3,0.6,0.8,13270,0.2775686077643909,0.16729464958553128,0.8327053504144687,0.16646571213263006,0.004625735912531539,0.9991710625470988,0.9986023806612042,0.999967184378949,0.0032103510768536274,0.0009920863041746344,densenet121,gz2,hard,d4,224,full,bce,0,3,False,True
densenet121_hard_d4_s224_full_bce_nfull_seed3,4,0.8,1.0,16733,0.35000418340026773,0.22769377876053307,0.7723062212394669,0.2275144923205642,0.001261564339781329,0.9998207135600311,0.9996062992125985,0.9999994719378641,0.00030982405115189977,0.0001193723429708046,densenet121,gz2,hard,d4,224,full,bce,0,3,False,True
densenet121_hard_d4_s224_full_bce_nfull_seed4,0,0.0,0.2,5107,0.10682312583668005,0.4315645192872528,0.5684354807127472,0.09124730761699629,0.7019386106623586,0.6596827883297435,0.6501267072738446,0.7097859527005357,0.15852345610037366,0.2428881958647826,densenet121,gz2,hard,d4,224,full,bce,0,4,False,True
densenet121_hard_d4_s224_full_bce_nfull_seed4,1,0.2,0.4,5703,0.11928965863453815,0.38523584078555145,0.6147641592144486,0.28002805540943354,0.24232633279483037,0.8947922146238821,0.8862222275306185,0.9591535779355815,0.010315904457959303,0.07629607270190067,densenet121,gz2,hard,d4,224,full,bce,0,4,False,True
densenet121_hard_d4_s224_full_bce_nfull_seed4,2,0.4,0.6,6995,0.14631442436412315,0.2923516797712652,0.7076483202287348,0.2754824874910651,0.04765751211631664,0.9831308077197999,0.9768886913141192,0.9981107406584179,0.014980880642159647,0.014194163346123907,densenet121,gz2,hard,d4,224,full,bce,0,4,False,True
densenet121_hard_d4_s224_full_bce_nfull_seed4,3,0.6,0.8,13270,0.2775686077643909,0.16729464958553128,0.8327053504144687,0.16586284853052002,0.007673667205169628,0.9985681989449887,0.9968005788594023,0.9999659614365496,0.0029337096535872386,0.0010990822119492053,densenet121,gz2,hard,d4,224,full,bce,0,4,False,True
densenet121_hard_d4_s224_full_bce_nfull_seed4,4,0.8,1.0,16733,0.35000418340026773,0.22769377876053307,0.7723062212394669,0.22763401661387683,0.0004038772213247173,0.9999402378533437,0.9998687664041994,0.9999997968991785,0.0003509764565348182,8.978754012118526e-05,densenet121,gz2,hard,d4,224,full,bce,0,4,False,True
densenet121_soft_d4_s224_full_bce_nfull_seed0,0,0.0,0.2,5107,0.10682312583668005,0.4315645192872528,0.5684354807127472,0.09849226551791657,0.7693351424694709,0.6669277462306638,0.6620711379991786,0.7266564471449211,0.07353766891169457,0.21713929692044157,densenet121,gz2,soft,d4,224,full,bce,0,0,False,True
densenet121_soft_d4_s224_full_bce_nfull_seed0,1,0.2,0.4,5703,0.11928965863453815,0.38523584078555145,0.6147641592144486,0.3061546554445028,0.20398009950248755,0.9209188146589514,0.9180078445403821,0.9754070724976053,0.2645846887575092,0.13393525273849508,densenet121,gz2,soft,d4,224,full,bce,0,0,False,True
densenet121_soft_d4_s224_full_bce_nfull_seed0,2,0.4,0.6,6995,0.14631442436412315,0.2923516797712652,0.7076483202287348,0.28463187991422445,0.024423337856173677,0.9922802001429593,0.9905277716035662,0.9993773431132844,0.2383508250793659,0.06911185816052469,densenet121,gz2,soft,d4,224,full,bce,0,0,False,True
densenet121_soft_d4_s224_full_bce_nfull_seed0,3,0.6,0.8,13270,0.2775686077643909,0.16729464958553128,0.8327053504144687,0.1669178598342126,0.002261420171867933,0.9996232102486813,0.9990538502303208,0.9999910317557377,0.14052494812024072,0.024382526082278238,densenet121,gz2,soft,d4,224,full,bce,0,0,False,True
densenet121_soft_d4_s224_full_bce_nfull_seed0,4,0.8,1.0,16733,0.35000418340026773,0.22769377876053307,0.7723062212394669,0.2276937787605331,0.0,1.0,1.0,1.0,0.08225004953967131,0.00837942075618807,densenet121,gz2,soft,d4,224,full,bce,0,0,False,True
densenet121_soft_d4_s224_full_bce_nfull_seed1,0,0.0,0.2,5107,0.10682312583668005,0.4315645192872528,0.5684354807127472,0.096729978460936,0.7533039647577092,0.6651654591736832,0.6649456129306125,0.7258838875610875,0.06639675212327757,0.21706856090234153,densenet121,gz2,soft,d4,224,full,bce,0,1,False,True
densenet121_soft_d4_s224_full_bce_nfull_seed1,1,0.2,0.4,5703,0.11928965863453815,0.38523584078555145,0.6147641592144486,0.3008942661756969,0.2118942731277533,0.9156584253901455,0.9147491094660276,0.9733080633472861,0.25588099641374973,0.1328628359961324,densenet121,gz2,soft,d4,224,full,bce,0,1,False,True
densenet121_soft_d4_s224_full_bce_nfull_seed1,2,0.4,0.6,6995,0.14631442436412315,0.2923516797712652,0.7076483202287348,0.28205861329521087,0.03171806167400881,0.9897069335239457,0.9869877256674322,0.9991177298658962,0.2305670698181998,0.06715805230708213,densenet121,gz2,soft,d4,224,full,bce,0,1,False,True
densenet121_soft_d4_s224_full_bce_nfull_seed1,3,0.6,0.8,13270,0.2775686077643909,0.16729464958553128,0.8327053504144687,0.16684250188394878,0.0026431718061674008,0.9995478522984175,0.9991885777179894,0.9999580123109535,0.1367923017042411,0.023251459159365852,densenet121,gz2,soft,d4,224,full,bce,0,1,False,True
densenet121_soft_d4_s224_full_bce_nfull_seed1,4,0.8,1.0,16733,0.35000418340026773,0.22769377876053307,0.7723062212394669,0.22763401661387683,0.0004405286343612335,0.9999402378533437,0.9998687664041994,0.9999999593798357,0.07931824595467221,0.007853581604961737,densenet121,gz2,soft,d4,224,full,bce,0,1,False,True
densenet121_soft_d4_s224_full_bce_nfull_seed2,0,0.0,0.2,5107,0.10682312583668005,0.4315645192872528,0.5684354807127472,0.11082827491678093,0.7531034482758621,0.6792637556295281,0.669699128444009,0.7329074904051319,0.08217407021009926,0.21465541418214332,densenet121,gz2,soft,d4,224,full,bce,0,2,False,True
densenet121_soft_d4_s224_full_bce_nfull_seed2,1,0.2,0.4,5703,0.11928965863453815,0.38523584078555145,0.6147641592144486,0.3042258460459407,0.21241379310344827,0.9189900052603893,0.9122755554493877,0.974227613187199,0.2586440813529916,0.1318995649669122,densenet121,gz2,soft,d4,224,full,bce,0,2,False,True
densenet121_soft_d4_s224_full_bce_nfull_seed2,2,0.4,0.6,6995,0.14631442436412315,0.2923516797712652,0.7076483202287348,0.28277340957827024,0.030804597701149426,0.990421729807005,0.9866318441135067,0.999551999209701,0.2321463691210474,0.06706940359517832,densenet121,gz2,soft,d4,224,full,bce,0,2,False,True
densenet121_soft_d4_s224_full_bce_nfull_seed2,3,0.6,0.8,13270,0.2775686077643909,0.16729464958553128,0.8327053504144687,0.16669178598342127,0.0036781609195402297,0.99939713639789,0.9987381272675391,0.9999823692470751,0.1379508534969921,0.023753968272684528,densenet121,gz2,soft,d4,224,full,bce,0,2,False,True
densenet121_soft_d4_s224_full_bce_nfull_seed2,4,0.8,1.0,16733,0.35000418340026773,0.22769377876053307,0.7723062212394669,0.2276937787605331,0.0,1.0,1.0,1.0,0.08090359647868228,0.008147061106169782,densenet121,gz2,soft,d4,224,full,bce,0,2,False,True
densenet121_soft_d4_s224_full_bce_nfull_seed3,0,0.0,0.2,5107,0.10682312583668005,0.4315645192872528,0.5684354807127472,0.10397493636185628,0.7587301587301587,0.6724104170746035,0.6694610931929108,0.7277190877701458,0.07934648392016998,0.21749524247750937,densenet121,gz2,soft,d4,224,full,bce,0,3,False,True
densenet121_soft_d4_s224_full_bce_nfull_seed3,1,0.2,0.4,5703,0.11928965863453815,0.38523584078555145,0.6147641592144486,0.3058039628265824,0.2054421768707483,0.920568122041031,0.9190821456734162,0.9741255708076746,0.26600942277260864,0.13536734980831655,densenet121,gz2,soft,d4,224,full,bce,0,3,False,True
densenet121_soft_d4_s224_full_bce_nfull_seed3,2,0.4,0.6,6995,0.14631442436412315,0.2923516797712652,0.7076483202287348,0.28234453180843455,0.031746031746031744,0.9899928520371694,0.9881941666049245,0.9992591934010027,0.23824748220594547,0.07034905007146508,densenet121,gz2,soft,d4,224,full,bce,0,3,False,True
densenet121_soft_d4_s224_full_bce_nfull_seed3,3,0.6,0.8,13270,0.2775686077643909,0.16729464958553128,0.8327053504144687,0.16669178598342127,0.0036281179138321997,0.99939713639789,0.998918103623986,0.9999928254045901,0.14210774207525606,0.02508184640761497,densenet121,gz2,soft,d4,224,full,bce,0,3,False,True
densenet121_soft_d4_s224_full_bce_nfull_seed3,4,0.8,1.0,16733,0.35000418340026773,0.22769377876053307,0.7723062212394669,0.22763401661387683,0.00045351473922902497,0.9999402378533437,0.9998687664041994,0.9999999187596713,0.08198044814851992,0.008441464001412565,densenet121,gz2,soft,d4,224,full,bce,0,3,False,True
densenet121_soft_d4_s224_full_bce_nfull_seed4,0,0.0,0.2,5107,0.10682312583668005,0.4315645192872528,0.5684354807127472,0.1051497943998434,0.7594533029612757,0.6735852751125906,0.6692381402804408,0.7293331324438765,0.08028543843071309,0.21701339375552142,densenet121,gz2,soft,d4,224,full,bce,0,4,False,True
densenet121_soft_d4_s224_full_bce_nfull_seed4,1,0.2,0.4,5703,0.11928965863453815,0.38523584078555145,0.6147641592144486,0.3059793091355426,0.2059225512528474,0.9207434683499912,0.9186299655107143,0.9751556016462836,0.26435502618681894,0.13390645571720786,densenet121,gz2,soft,d4,224,full,bce,0,4,False,True
densenet121_soft_d4_s224_full_bce_nfull_seed4,2,0.4,0.6,6995,0.14631442436412315,0.2923516797712652,0.7076483202287348,0.282916368834882,0.030068337129840545,0.9905646890636168,0.9891721617149489,0.9991887579956039,0.23718641413491567,0.06957619056838307,densenet121,gz2,soft,d4,224,full,bce,0,4,False,True
densenet121_soft_d4_s224_full_bce_nfull_seed4,3,0.6,0.8,13270,0.2775686077643909,0.16729464958553128,0.8327053504144687,0.16669178598342127,0.0036446469248291574,0.99939713639789,0.999098079980433,0.999973095267213,0.1416061303734824,0.02477782152381369,densenet121,gz2,soft,d4,224,full,bce,0,4,False,True
densenet121_soft_d4_s224_full_bce_nfull_seed4,4,0.8,1.0,16733,0.35000418340026773,0.22769377876053307,0.7723062212394669,0.22757425446722046,0.0009111617312072893,0.9998804757066874,0.9998300756977072,0.9999999796899179,0.08316415835897495,0.008611365968982612,densenet121,gz2,soft,d4,224,full,bce,0,4,False,True
effnetv2_s_hard_d4_s224_full_bce_nfull_seed0,0,0.0,0.2,5107,0.10682312583668005,0.4315645192872528,0.5684354807127472,0.0818484433130997,0.7092930897537728,0.6502839240258469,0.6456831220972359,0.7052223339895582,0.14708276900958567,0.24133420116838739,effnetv2_s,gz2,hard,d4,224,full,bce,0,0,False,True
effnetv2_s_hard_d4_s224_full_bce_nfull_seed0,1,0.2,0.4,5703,0.11928965863453815,0.38523584078555145,0.6147641592144486,0.2809047869542346,0.2362986497220016,0.8956689461686832,0.8914387222528465,0.958170933189245,0.014198050107556785,0.0773212628540614,effnetv2_s,gz2,hard,d4,224,full,bce,0,0,False,True
effnetv2_s_hard_d4_s224_full_bce_nfull_seed0,2,0.4,0.6,6995,0.14631442436412315,0.2923516797712652,0.7076483202287348,0.27634024303073623,0.04447974583002383,0.983988563259471,0.9809384801560841,0.9984509644118446,0.022141049723525874,0.014092932937693783,effnetv2_s,gz2,hard,d4,224,full,bce,0,0,False,True
effnetv2_s_hard_d4_s224_full_bce_nfull_seed0,3,0.6,0.8,13270,0.2775686077643909,0.16729464958553128,0.8327053504144687,0.1656367746797287,0.008737092930897538,0.9983421250941974,0.9963048795401737,0.9999566263095675,0.0033136879123419265,0.0014764093687458211,effnetv2_s,gz2,hard,d4,224,full,bce,0,0,False,True
effnetv2_s_hard_d4_s224_full_bce_nfull_seed0,4,0.8,1.0,16733,0.35000418340026773,0.22769377876053307,0.7723062212394669,0.2275144923205642,0.0011914217633042098,0.9998207135600311,0.9997913849912149,0.9999993297672891,0.0003443884331562039,0.00015303236036187475,effnetv2_s,gz2,hard,d4,224,full,bce,0,0,False,True
effnetv2_s_hard_d4_s224_full_bce_nfull_seed1,0,0.0,0.2,5107,0.10682312583668005,0.4315645192872528,0.5684354807127472,0.08224006265909534,0.7037475345167653,0.6506755433718425,0.6520363032672253,0.7132278517810913,0.15183072589495225,0.24403017678692554,effnetv2_s,gz2,hard,d4,224,full,bce,0,1,False,True
effnetv2_s_hard_d4_s224_full_bce_nfull_seed1,1,0.2,0.4,5703,0.11928965863453815,0.38523584078555145,0.6147641592144486,0.2756443976854287,0.2465483234714004,0.8904085568998773,0.8924285073692514,0.9597823848887957,0.011865873512894044,0.07944182626506135,effnetv2_s,gz2,hard,d4,224,full,bce,0,1,False,True
effnetv2_s_hard_d4_s224_full_bce_nfull_seed1,2,0.4,0.6,6995,0.14631442436412315,0.2923516797712652,0.7076483202287348,0.2767691208005718,0.04299802761341223,0.9844174410293066,0.9833938406065545,0.9982181719394433,0.02240943284903222,0.01360592381147177,effnetv2_s,gz2,hard,d4,224,full,bce,0,1,False,True
effnetv2_s_hard_d4_s224_full_bce_nfull_seed1,3,0.6,0.8,13270,0.2775686077643909,0.16729464958553128,0.8327053504144687,0.16608892238131123,0.00631163708086785,0.9987942727957799,0.997836207247972,0.9999684480860951,0.0036289049758409676,0.0012455834294325394,effnetv2_s,gz2,hard,d4,224,full,bce,0,1,False,True
effnetv2_s_hard_d4_s224_full_bce_nfull_seed1,4,0.8,1.0,16733,0.35000418340026773,0.22769377876053307,0.7723062212394669,0.22763401661387683,0.0003944773175542406,0.9999402378533437,0.9998687664041994,0.9999997765890964,0.0003768325103331824,8.714191405092657e-05,effnetv2_s,gz2,hard,d4,224,full,bce,0,1,False,True
effnetv2_s_hard_d4_s224_full_bce_nfull_seed2,0,0.0,0.2,5107,0.10682312583668005,0.4315645192872528,0.5684354807127472,0.09438026238496189,0.6929577464788732,0.6628157430977091,0.6556137089549393,0.7100050764182243,0.1315412612095373,0.2350441953279165,effnetv2_s,gz2,hard,d4,224,full,bce,0,2,False,True
effnetv2_s_hard_d4_s224_full_bce_nfull_seed2,1,0.2,0.4,5703,0.11928965863453815,0.38523584078555145,0.6147641592144486,0.2775732070839908,0.2470824949698189,0.8923373662984394,0.8854152358879673,0.9555845613255227,0.015775195809138755,0.07984434861472278,effnetv2_s,gz2,hard,d4,224,full,bce,0,2,False,True
effnetv2_s_hard_d4_s224_full_bce_nfull_seed2,2,0.4,0.6,6995,0.14631442436412315,0.2923516797712652,0.7076483202287348,0.27419585418155823,0.051106639839034206,0.981844174410293,0.9749751796695562,0.998076609616952,0.02335541149102332,0.014961717636124848,effnetv2_s,gz2,hard,d4,224,full,bce,0,2,False,True
effnetv2_s_hard_d4_s224_full_bce_nfull_seed2,3,0.6,0.8,13270,0.2775686077643909,0.16729464958553128,0.8327053504144687,0.16571213262999251,0.008450704225352112,0.9984174830444612,0.9959901756960581,0.9999853043088337,0.0050827073771112265,0.0014853654175691225,effnetv2_s,gz2,hard,d4,224,full,bce,0,2,False,True
effnetv2_s_hard_d4_s224_full_bce_nfull_seed2,4,0.8,1.0,16733,0.35000418340026773,0.22769377876053307,0.7723062212394669,0.22763401661387683,0.00040241448692152917,0.9999402378533437,0.9998687664041994,0.9999997765890964,0.0004973265271221608,0.0001047864420456,effnetv2_s,gz2,hard,d4,224,full,bce,0,2,False,True
effnetv2_s_hard_d4_s224_full_bce_nfull_seed3,0,0.0,0.2,5107,0.10682312583668005,0.4315645192872528,0.5684354807127472,0.07793224985314273,0.6812523576009053,0.6463677305658899,0.6497766094652694,0.7109609684705664,0.14303730278741283,0.24042900183910706,effnetv2_s,gz2,hard,d4,224,full,bce,0,3,False,True
effnetv2_s_hard_d4_s224_full_bce_nfull_seed3,1,0.2,0.4,5703,0.11928965863453815,0.38523584078555145,0.6147641592144486,0.26635104331053827,0.25575254620897775,0.8811152025249869,0.8839353617350424,0.9530544036479761,0.014378318577042913,0.0857973545970413,effnetv2_s,gz2,hard,d4,224,full,bce,0,3,False,True
effnetv2_s_hard_d4_s224_full_bce_nfull_seed3,2,0.4,0.6,6995,0.14631442436412315,0.2923516797712652,0.7076483202287348,0.2724803431022159,0.052433044134288946,0.9801286633309507,0.9790721394877875,0.9980174853671188,0.02446772081537461,0.017009868776130494,effnetv2_s,gz2,hard,d4,224,full,bce,0,3,False,True
effnetv2_s_hard_d4_s224_full_bce_nfull_seed3,3,0.6,0.8,13270,0.2775686077643909,0.16729464958553128,0.8327053504144687,0.16533534287867369,0.00980761976612599,0.9980406932931424,0.9973837185601891,0.9999608046960989,0.004774550596404509,0.0017746518668606643,effnetv2_s,gz2,hard,d4,224,full,bce,0,3,False,True
effnetv2_s_hard_d4_s224_full_bce_nfull_seed3,4,0.8,1.0,16733,0.35000418340026773,0.22769377876053307,0.7723062212394669,0.22757425446722046,0.0007544322897019992,0.9998804757066874,0.9999226185870154,0.9999997156588499,0.0006522398007442938,0.000168187338103803,effnetv2_s,gz2,hard,d4,224,full,bce,0,3,False,True
effnetv2_s_hard_d4_s224_full_bce_nfull_seed4,0,0.0,0.2,5107,0.10682312583668005,0.4315645192872528,0.5684354807127472,0.09065987859800273,0.7167558666117744,0.6590953593107499,0.6578036957825093,0.7163068369725794,0.13874988809201233,0.23556050756052588,effnetv2_s,gz2,hard,d4,224,full,bce,0,4,False,True
effnetv2_s_hard_d4_s224_full_bce_nfull_seed4,1,0.2,0.4,5703,0.11928965863453815,0.38523584078555145,0.6147641592144486,0.2877432930036822,0.22890078221490326,0.9025074522181308,0.9004844027054473,0.9605627624248281,0.02480164052424212,0.07551073936673204,effnetv2_s,gz2,hard,d4,224,full,bce,0,4,False,True
effnetv2_s_hard_d4_s224_full_bce_nfull_seed4,2,0.4,0.6,6995,0.14631442436412315,0.2923516797712652,0.7076483202287348,0.27576840600428876,0.04775627830382874,0.9834167262330236,0.9790995529870836,0.9982849028179103,0.02273525239453388,0.014146297015858112,effnetv2_s,gz2,hard,d4,224,full,bce,0,4,False,True
effnetv2_s_hard_d4_s224_full_bce_nfull_seed4,3,0.6,0.8,13270,0.2775686077643909,0.16729464958553128,0.8327053504144687,0.16623963828183874,0.005763688760806916,0.9989449886963074,0.9975667522726346,0.9999803513921162,0.004539633787853204,0.001212821580572347,effnetv2_s,gz2,hard,d4,224,full,bce,0,4,False,True
effnetv2_s_hard_d4_s224_full_bce_nfull_seed4,4,0.8,1.0,16733,0.35000418340026773,0.22769377876053307,0.7723062212394669,0.22757425446722046,0.0008233841086867024,0.9998804757066874,0.9997375328083989,1.0000000000000002,0.0004764607298661898,8.147838446294433e-05,effnetv2_s,gz2,hard,d4,224,full,bce,0,4,False,True
effnetv2_s_soft_d4_s224_full_bce_nfull_seed0,0,0.0,0.2,5107,0.10682312583668005,0.4315645192872528,0.5684354807127472,0.10828274916780889,0.7618827872634979,0.6767182298805561,0.6690988044785011,0.729514198654249,0.08024109898830592,0.2157777861893364,effnetv2_s,gz2,soft,d4,224,full,bce,0,0,False,True
effnetv2_s_soft_d4_s224_full_bce_nfull_seed0,1,0.2,0.4,5703,0.11928965863453815,0.38523584078555145,0.6147641592144486,0.3059793091355426,0.20858329487771113,0.9207434683499912,0.9148912677428459,0.9740033406545927,0.26046030014471155,0.13199157380648122,effnetv2_s,gz2,soft,d4,224,full,bce,0,0,False,True
effnetv2_s_soft_d4_s224_full_bce_nfull_seed0,2,0.4,0.6,6995,0.14631442436412315,0.2923516797712652,0.7076483202287348,0.28434596140100077,0.025842178126442086,0.9919942816297356,0.9890343533130819,0.9992406213726508,0.23391630612926195,0.06739479155926922,effnetv2_s,gz2,soft,d4,224,full,bce,0,0,False,True
effnetv2_s_soft_d4_s224_full_bce_nfull_seed0,3,0.6,0.8,13270,0.2775686077643909,0.16729464958553128,0.8327053504144687,0.16676714393368508,0.003230272265805261,0.9994724943481538,0.9987833761363174,0.9999822265704619,0.13542530354738413,0.023037112679231798,effnetv2_s,gz2,soft,d4,224,full,bce,0,0,False,True
effnetv2_s_soft_d4_s224_full_bce_nfull_seed0,4,0.8,1.0,16733,0.35000418340026773,0.22769377876053307,0.7723062212394669,0.22763401661387683,0.00046146746654360867,0.9999402378533437,0.9998687664041994,0.9999999796899179,0.0788335522449427,0.007651224343272201,effnetv2_s,gz2,soft,d4,224,full,bce,0,0,False,True
effnetv2_s_soft_d4_s224_full_bce_nfull_seed1,0,0.0,0.2,5107,0.10682312583668005,0.4315645192872528,0.5684354807127472,0.10769532014881533,0.7555961626313386,0.6761308008615625,0.6748093060998916,0.7355494003637266,0.0851420853990899,0.21692059028012858,effnetv2_s,gz2,soft,d4,224,full,bce,0,1,False,True
effnetv2_s_soft_d4_s224_full_bce_nfull_seed1,1,0.2,0.4,5703,0.11928965863453815,0.38523584078555145,0.6147641592144486,0.3042258460459407,0.21105527638190955,0.9189900052603893,0.9187333061393421,0.9741998306563869,0.26737318155552536,0.13709438964737763,effnetv2_s,gz2,soft,d4,224,full,bce,0,1,False,True
effnetv2_s_soft_d4_s224_full_bce_nfull_seed1,2,0.4,0.6,6995,0.14631442436412315,0.2923516797712652,0.7076483202287348,0.2832022873481058,0.02923709456372773,0.9908506075768406,0.9886567385344891,0.9994341458595737,0.24275075907714455,0.0720789859836067,effnetv2_s,gz2,soft,d4,224,full,bce,0,1,False,True
effnetv2_s_soft_d4_s224_full_bce_nfull_seed1,3,0.6,0.8,13270,0.2775686077643909,0.16729464958553128,0.8327053504144687,0.16669178598342127,0.003654636820465966,0.99939713639789,0.998918103623986,0.9999924789042436,0.14429543941311918,0.025803344457688185,effnetv2_s,gz2,soft,d4,224,full,bce,0,1,False,True
effnetv2_s_soft_d4_s224_full_bce_nfull_seed1,4,0.8,1.0,16733,0.35000418340026773,0.22769377876053307,0.7723062212394669,0.22763401661387683,0.00045682960255824577,0.9999402378533437,0.9998687664041994,0.9999999999999999,0.08319571848751904,0.00869932042480617,effnetv2_s,gz2,soft,d4,224,full,bce,0,1,False,True
effnetv2_s_soft_d4_s224_full_bce_nfull_seed2,0,0.0,0.2,5107,0.10682312583668005,0.4315645192872528,0.5684354807127472,0.0945760720579597,0.7518567059851463,0.6630115527707069,0.6715178396714583,0.7348380297495611,0.07540113452492987,0.22024658307604927,effnetv2_s,gz2,soft,d4,224,full,bce,0,2,False,True
effnetv2_s_soft_d4_s224_full_bce_nfull_seed2,1,0.2,0.4,5703,0.11928965863453815,0.38523584078555145,0.6147641592144486,0.2984394178502542,0.2162516382699869,0.9132035770647028,0.9179357268026902,0.9743515310641151,0.2689804222128401,0.14243386222265003,effnetv2_s,gz2,soft,d4,224,full,bce,0,2,False,True
effnetv2_s_soft_d4_s224_full_bce_nfull_seed2,2,0.4,0.6,6995,0.14631442436412315,0.2923516797712652,0.7076483202287348,0.28277340957827024,0.02927042376583661,0.990421729807005,0.990075572349411,0.9992158751327456,0.25371924548744723,0.07780529273572574,effnetv2_s,gz2,soft,d4,224,full,bce,0,2,False,True
effnetv2_s_soft_d4_s224_full_bce_nfull_seed2,3,0.6,0.8,13270,0.2775686077643909,0.16729464958553128,0.8327053504144687,0.16684250188394878,0.002621231979030144,0.9995478522984175,0.9993685540744364,0.9999773755656108,0.1575679508063833,0.029603086271279107,effnetv2_s,gz2,soft,d4,224,full,bce,0,2,False,True
effnetv2_s_soft_d4_s224_full_bce_nfull_seed2,4,0.8,1.0,16733,0.35000418340026773,0.22769377876053307,0.7723062212394669,0.2276937787605331,0.0,1.0,1.0,1.0,0.09519204688210327,0.010996830272087288,effnetv2_s,gz2,soft,d4,224,full,bce,0,2,False,True
effnetv2_s_soft_d4_s224_full_bce_nfull_seed3,0,0.0,0.2,5107,0.10682312583668005,0.4315645192872528,0.5684354807127472,0.11043665557078519,0.7603152526657394,0.6788721362835324,0.6722497629025108,0.7334628799420838,0.08664335777013996,0.21624202795727224,effnetv2_s,gz2,soft,d4,224,full,bce,0,3,False,True
effnetv2_s_soft_d4_s224_full_bce_nfull_seed3,1,0.2,0.4,5703,0.11928965863453815,0.38523584078555145,0.6147641592144486,0.30510257759074166,0.21186833565136765,0.9198667368051903,0.9159625829029421,0.9741020075864485,0.2668376014566769,0.13606242876147293,effnetv2_s,gz2,soft,d4,224,full,bce,0,3,False,True
effnetv2_s_soft_d4_s224_full_bce_nfull_seed3,2,0.4,0.6,6995,0.14631442436412315,0.2923516797712652,0.7076483202287348,0.28477483917083635,0.024571163653222067,0.9924231593995712,0.9899113383220963,0.9995305129534958,0.24303166701313936,0.07096509435227202,effnetv2_s,gz2,soft,d4,224,full,bce,0,3,False,True
effnetv2_s_soft_d4_s224_full_bce_nfull_seed3,3,0.6,0.8,13270,0.2775686077643909,0.16729464958553128,0.8327053504144687,0.16684250188394878,0.0027816411682892906,0.9995478522984175,0.9991885777179894,0.9999565040153275,0.14599403663711746,0.025909256529394842,effnetv2_s,gz2,soft,d4,224,full,bce,0,3,False,True
effnetv2_s_soft_d4_s224_full_bce_nfull_seed3,4,0.8,1.0,16733,0.35000418340026773,0.22769377876053307,0.7723062212394669,0.22763401661387683,0.0004636068613815484,0.9999402378533437,0.9998687664041994,0.9999999796899179,0.08588466597038061,0.009146858001011213,effnetv2_s,gz2,soft,d4,224,full,bce,0,3,False,True
effnetv2_s_soft_d4_s224_full_bce_nfull_seed4,0,0.0,0.2,5107,0.10682312583668005,0.4315645192872528,0.5684354807127472,0.09203054630898766,0.7632042253521126,0.6604660270217348,0.6647449318653399,0.7272361403467095,0.07157248735357834,0.22000717040971918,effnetv2_s,gz2,soft,d4,224,full,bce,0,4,False,True
effnetv2_s_soft_d4_s224_full_bce_nfull_seed4,1,0.2,0.4,5703,0.11928965863453815,0.38523584078555145,0.6147641592144486,0.3021216903384183,0.20862676056338028,0.9168858495528669,0.9192311846704824,0.9731870016183973,0.26924328718157414,0.1402383718391303,effnetv2_s,gz2,soft,d4,224,full,bce,0,4,False,True
effnetv2_s_soft_d4_s224_full_bce_nfull_seed4,2,0.4,0.6,6995,0.14631442436412315,0.2923516797712652,0.7076483202287348,0.28420300214438887,0.025088028169014086,0.9918513223731237,0.991229162036008,0.9995432071324493,0.24894099186591967,0.07448536184959242,effnetv2_s,gz2,soft,d4,224,full,bce,0,4,False,True
effnetv2_s_soft_d4_s224_full_bce_nfull_seed4,3,0.6,0.8,13270,0.2775686077643909,0.16729464958553128,0.8327053504144687,0.16684250188394878,0.002640845070422535,0.9995478522984175,0.9991885777179894,0.9999737678855326,0.15088054194215467,0.027612760040087937,effnetv2_s,gz2,soft,d4,224,full,bce,0,4,False,True
effnetv2_s_soft_d4_s224_full_bce_nfull_seed4,4,0.8,1.0,16733,0.35000418340026773,0.22769377876053307,0.7723062212394669,0.22763401661387683,0.00044014084507042255,0.9999402378533437,0.9998687664041994,1.0,0.08951990928387127,0.00984799738057127,effnetv2_s,gz2,soft,d4,224,full,bce,0,4,False,True
fmh_convnext_tiny_hard_none_s224_full_bce_nfull_seed0,0,0.0,0.2,171,0.2684458398744113,0.4853801169590643,0.5146198830409356,0.0,0.44623655913978494,0.5146198830409356,0.526697699890471,0.5759173055859804,0.4813001509012935,0.4781926507660496,convnext_tiny,fmh,hard,none,224,full,bce,0,0,False,True
fmh_convnext_tiny_hard_none_s224_full_bce_nfull_seed0,1,0.2,0.4,184,0.28885400313971743,0.5,0.5,0.2065217391304348,0.2903225806451613,0.7065217391304348,0.7065217391304348,0.7513586956521738,0.29073720890581806,0.28678087305022026,convnext_tiny,fmh,hard,none,224,full,bce,0,0,False,True
fmh_convnext_tiny_hard_none_s224_full_bce_nfull_seed0,2,0.4,0.6,167,0.2621664050235479,0.30538922155688625,0.6946107784431137,0.10179640718562877,0.1827956989247312,0.7964071856287425,0.853448275862069,0.9044962812711291,0.20141132190748792,0.19995165843127438,convnext_tiny,fmh,hard,none,224,full,bce,0,0,False,True
fmh_convnext_tiny_hard_none_s224_full_bce_nfull_seed0,3,0.6,0.8,91,0.14285714285714285,0.054945054945054944,0.945054945054945,-0.09890109890109888,0.07526881720430108,0.8461538461538461,0.8244186046511628,0.9081395348837209,0.14769143138859123,0.14611976858130427,convnext_tiny,fmh,hard,none,224,full,bce,0,0,False,True
fmh_convnext_tiny_hard_none_s224_full_bce_nfull_seed0,4,0.8,1.0,24,0.03767660910518053,0.0,1.0,-0.04166666666666663,0.005376344086021506,0.9583333333333334,0.9583333333333334,,0.04156293010282752,0.04164863970335401,convnext_tiny,fmh,hard,none,224,full,bce,0,0,False,True
fmh_convnext_tiny_hard_none_s224_full_bce_nfull_seed1,0,0.0,0.2,171,0.2684458398744113,0.4853801169590643,0.5146198830409356,0.011695906432748537,0.43783783783783786,0.5263157894736842,0.5387458926615553,0.6252738225629793,0.4751779196985329,0.47166165434117935,convnext_tiny,fmh,hard,none,224,full,bce,0,1,False,True
fmh_convnext_tiny_hard_none_s224_full_bce_nfull_seed1,1,0.2,0.4,184,0.28885400313971743,0.5,0.5,0.2065217391304348,0.2918918918918919,0.7065217391304348,0.7065217391304348,0.7544896030245748,0.29350977037058884,0.2920047645358172,convnext_tiny,fmh,hard,none,224,full,bce,0,1,False,True
fmh_convnext_tiny_hard_none_s224_full_bce_nfull_seed1,2,0.4,0.6,167,0.2621664050235479,0.30538922155688625,0.6946107784431137,0.08982035928143717,0.1945945945945946,0.7844311377245509,0.8448275862068966,0.9330628803245435,0.2122787646331924,0.20930158009621916,convnext_tiny,fmh,hard,none,224,full,bce,0,1,False,True
fmh_convnext_tiny_hard_none_s224_full_bce_nfull_seed1,3,0.6,0.8,91,0.14285714285714285,0.054945054945054944,0.945054945054945,-0.08791208791208793,0.07027027027027027,0.8571428571428571,0.9244186046511628,0.9348837209302326,0.1453235926124802,0.14349187060509078,convnext_tiny,fmh,hard,none,224,full,bce,0,1,False,True
fmh_convnext_tiny_hard_none_s224_full_bce_nfull_seed1,4,0.8,1.0,24,0.03767660910518053,0.0,1.0,-0.04166666666666663,0.005405405405405406,0.9583333333333334,0.9583333333333334,,0.041553651362391975,0.041657616566655585,convnext_tiny,fmh,hard,none,224,full,bce,0,1,False,True
fmh_convnext_tiny_hard_none_s224_full_bce_nfull_seed2,0,0.0,0.2,171,0.2684458398744113,0.4853801169590643,0.5146198830409356,0.005847953216374324,0.44565217391304346,0.52046783625731,0.5330640744797371,0.572289156626506,0.47806643176584634,0.4750176128023151,convnext_tiny,fmh,hard,none,224,full,bce,0,2,False,True
fmh_convnext_tiny_hard_none_s224_full_bce_nfull_seed2,1,0.2,0.4,184,0.28885400313971743,0.5,0.5,0.2065217391304348,0.29347826086956524,0.7065217391304348,0.7065217391304348,0.7631734404536862,0.29073301522586686,0.28798655259559347,convnext_tiny,fmh,hard,none,224,full,bce,0,2,False,True
fmh_convnext_tiny_hard_none_s224_full_bce_nfull_seed2,2,0.4,0.6,167,0.2621664050235479,0.30538922155688625,0.6946107784431137,0.10179640718562877,0.18478260869565216,0.7964071856287425,0.853448275862069,0.9193711967545639,0.1992344297310508,0.19559314062030242,convnext_tiny,fmh,hard,none,224,full,bce,0,2,False,True
fmh_convnext_tiny_hard_none_s224_full_bce_nfull_seed2,3,0.6,0.8,91,0.14285714285714285,0.054945054945054944,0.945054945054945,-0.08791208791208793,0.07065217391304347,0.8571428571428571,0.9244186046511628,0.913953488372093,0.1424583180157173,0.14124365405234293,convnext_tiny,fmh,hard,none,224,full,bce,0,2,False,True
fmh_convnext_tiny_hard_none_s224_full_bce_nfull_seed2,4,0.8,1.0,24,0.03767660910518053,0.0,1.0,-0.04166666666666663,0.005434782608695652,0.9583333333333334,0.9583333333333334,,0.041577143182166765,0.041659167357868655,convnext_tiny,fmh,hard,none,224,full,bce,0,2,False,True
fmh_resnet50_hard_none_s224_full_bce_nfull_seed0,0,0.0,0.2,171,0.2684458398744113,0.4853801169590643,0.5146198830409356,0.011695906432748537,0.43548387096774194,0.5263157894736842,0.5387458926615553,0.6275328587075575,0.4587566256521256,0.4572193598233131,resnet50,fmh,hard,none,224,full,bce,0,0,False,True
fmh_resnet50_hard_none_s224_full_bce_nfull_seed0,1,0.2,0.4,184,0.28885400313971743,0.5,0.5,0.21739130434782605,0.27956989247311825,0.717391304347826,0.717391304347826,0.8455812854442343,0.2747063101889405,0.2709989885755667,resnet50,fmh,hard,none,224,full,bce,0,0,False,True
fmh_resnet50_hard_none_s224_full_bce_nfull_seed0,2,0.4,0.6,167,0.2621664050235479,0.30538922155688625,0.6946107784431137,0.07784431137724557,0.20430107526881722,0.7724550898203593,0.8362068965517242,0.951656524678837,0.2081039500172463,0.20674193574139788,resnet50,fmh,hard,none,224,full,bce,0,0,False,True
fmh_resnet50_hard_none_s224_full_bce_nfull_seed0,3,0.6,0.8,91,0.14285714285714285,0.054945054945054944,0.945054945054945,-0.09890109890109888,0.07526881720430108,0.8461538461538461,0.9186046511627908,0.9651162790697674,0.15395000571323347,0.1490628282116114,resnet50,fmh,hard,none,224,full,bce,0,0,False,True
fmh_resnet50_hard_none_s224_full_bce_nfull_seed0,4,0.8,1.0,24,0.03767660910518053,0.0,1.0,-0.04166666666666663,0.005376344086021506,0.9583333333333334,0.9583333333333334,,0.04028073264431953,0.04168737962824406,resnet50,fmh,hard,none,224,full,bce,0,0,False,True
fmh_resnet50_hard_none_s224_full_bce_nfull_seed1,0,0.0,0.2,171,0.2684458398744113,0.4853801169590643,0.5146198830409356,0.005847953216374324,0.43617021276595747,0.52046783625731,0.5323795180722892,0.5897453450164294,0.4809810861216535,0.4730209819727296,resnet50,fmh,hard,none,224,full,bce,0,1,False,True
fmh_resnet50_hard_none_s224_full_bce_nfull_seed1,1,0.2,0.4,184,0.28885400313971743,0.5,0.5,0.21739130434782605,0.2765957446808511,0.717391304347826,0.717391304347826,0.8214792060491494,0.28237829640250967,0.2762425932359009,resnet50,fmh,hard,none,224,full,bce,0,1,False,True
fmh_resnet50_hard_none_s224_full_bce_nfull_seed1,2,0.4,0.6,167,0.2621664050235479,0.30538922155688625,0.6946107784431137,0.07185628742514982,0.2074468085106383,0.7664670658682635,0.8154158215010142,0.9321331981068289,0.20078375038131568,0.19806825715009277,resnet50,fmh,hard,none,224,full,bce,0,1,False,True
fmh_resnet50_hard_none_s224_full_bce_nfull_seed1,3,0.6,0.8,91,0.14285714285714285,0.054945054945054944,0.945054945054945,-0.09890109890109888,0.07446808510638298,0.8461538461538461,0.9186046511627908,0.9767441860465116,0.144071065933296,0.14518502806676395,resnet50,fmh,hard,none,224,full,bce,0,1,False,True
fmh_resnet50_hard_none_s224_full_bce_nfull_seed1,4,0.8,1.0,24,0.03767660910518053,0.0,1.0,-0.04166666666666663,0.005319148936170213,0.9583333333333334,0.9583333333333334,,0.041016188774657736,0.04166560191495207,resnet50,fmh,hard,none,224,full,bce,0,1,False,True
fmh_resnet50_hard_none_s224_full_bce_nfull_seed2,0,0.0,0.2,171,0.2684458398744113,0.4853801169590643,0.5146198830409356,0.01754385964912286,0.4419889502762431,0.5321637426900585,0.5440854326396495,0.6423192771084337,0.45101432882559794,0.4493737050980704,resnet50,fmh,hard,none,224,full,bce,0,2,False,True
fmh_resnet50_hard_none_s224_full_bce_nfull_seed2,1,0.2,0.4,184,0.28885400313971743,0.5,0.5,0.21739130434782605,0.287292817679558,0.717391304347826,0.717391304347826,0.8398511342155008,0.2597461932575204,0.2625748294141255,resnet50,fmh,hard,none,224,full,bce,0,2,False,True
fmh_resnet50_hard_none_s224_full_bce_nfull_seed2,2,0.4,0.6,167,0.2621664050235479,0.30538922155688625,0.6946107784431137,0.10179640718562877,0.1878453038674033,0.7964071856287425,0.853448275862069,0.9590094658553076,0.18296329073034906,0.18067433272380234,resnet50,fmh,hard,none,224,full,bce,0,2,False,True
fmh_resnet50_hard_none_s224_full_bce_nfull_seed2,3,0.6,0.8,91,0.14285714285714285,0.054945054945054944,0.945054945054945,-0.09890109890109888,0.07734806629834254,0.8461538461538461,0.9186046511627908,0.9651162790697675,0.14983332698886023,0.14197872291518218,resnet50,fmh,hard,none,224,full,bce,0,2,False,True
fmh_resnet50_hard_none_s224_full_bce_nfull_seed2,4,0.8,1.0,24,0.03767660910518053,0.0,1.0,-0.04166666666666663,0.0055248618784530384,0.9583333333333334,0.9583333333333334,,0.03703650445822859,0.04171756501326187,resnet50,fmh,hard,none,224,full,bce,0,2,False,True
fmh_vit_small_hard_none_s224_full_bce_nfull_seed0,0,0.0,0.2,171,0.2684458398744113,0.4853801169590643,0.5146198830409356,0.0,0.453551912568306,0.5146198830409356,0.526697699890471,0.5720153340635268,0.467331110795603,0.46173930931478807,vit_small,fmh,hard,none,224,full,bce,0,0,False,True
fmh_vit_small_hard_none_s224_full_bce_nfull_seed0,1,0.2,0.4,184,0.28885400313971743,0.5,0.5,0.2065217391304348,0.29508196721311475,0.7065217391304348,0.7065217391304348,0.8083648393194707,0.2781369709929371,0.2768022967028173,vit_small,fmh,hard,none,224,full,bce,0,0,False,True
fmh_vit_small_hard_none_s224_full_bce_nfull_seed0,2,0.4,0.6,167,0.2621664050235479,0.30538922155688625,0.6946107784431137,0.11377245508982048,0.17486338797814208,0.8083832335329342,0.8620689655172413,0.9464164976335362,0.17615584561594824,0.17261437948638225,vit_small,fmh,hard,none,224,full,bce,0,0,False,True
fmh_vit_small_hard_none_s224_full_bce_nfull_seed0,3,0.6,0.8,91,0.14285714285714285,0.054945054945054944,0.945054945054945,-0.08791208791208793,0.07103825136612021,0.8571428571428571,0.9244186046511628,0.9488372093023255,0.13631961914219137,0.12988216142383416,vit_small,fmh,hard,none,224,full,bce,0,0,False,True
fmh_vit_small_hard_none_s224_full_bce_nfull_seed0,4,0.8,1.0,24,0.03767660910518053,0.0,1.0,-0.04166666666666663,0.00546448087431694,0.9583333333333334,0.9583333333333334,,0.04070376661638875,0.04152483720296838,vit_small,fmh,hard,none,224,full,bce,0,0,False,True
fmh_vit_small_hard_none_s224_full_bce_nfull_seed1,0,0.0,0.2,171,0.2684458398744113,0.4853801169590643,0.5146198830409356,0.011695906432748537,0.4576271186440678,0.5263157894736842,0.5384036144578312,0.617949069003286,0.47047730104219354,0.46236535489019864,vit_small,fmh,hard,none,224,full,bce,0,1,False,True
fmh_vit_small_hard_none_s224_full_bce_nfull_seed1,1,0.2,0.4,184,0.28885400313971743,0.5,0.5,0.21739130434782605,0.2937853107344633,0.717391304347826,0.717391304347826,0.7956049149338373,0.2724351829899166,0.274924346594021,vit_small,fmh,hard,none,224,full,bce,0,1,False,True
fmh_vit_small_hard_none_s224_full_bce_nfull_seed1,2,0.4,0.6,167,0.2621664050235479,0.30538922155688625,0.6946107784431137,0.13772455089820368,0.15819209039548024,0.8323353293413174,0.8793103448275862,0.940922920892495,0.15880561830127327,0.16104198719905669,vit_small,fmh,hard,none,224,full,bce,0,1,False,True
fmh_vit_small_hard_none_s224_full_bce_nfull_seed1,3,0.6,0.8,91,0.14285714285714285,0.054945054945054944,0.945054945054945,-0.10989010989010983,0.0847457627118644,0.8351648351648352,0.9127906976744187,0.9627906976744186,0.1551224227408326,0.1496640480920752,vit_small,fmh,hard,none,224,full,bce,0,1,False,True
fmh_vit_small_hard_none_s224_full_bce_nfull_seed1,4,0.8,1.0,24,0.03767660910518053,0.0,1.0,-0.04166666666666663,0.005649717514124294,0.9583333333333334,0.9583333333333334,,0.04126705913085971,0.04160840220858161,vit_small,fmh,hard,none,224,full,bce,0,1,False,True
fmh_vit_small_hard_none_s224_full_bce_nfull_seed2,0,0.0,0.2,171,0.2684458398744113,0.4853801169590643,0.5146198830409356,0.023391812865497075,0.43646408839779005,0.5380116959064327,0.5497672508214677,0.6140470974808324,0.46380358273062067,0.4571707909377555,vit_small,fmh,hard,none,224,full,bce,0,2,False,True
fmh_vit_small_hard_none_s224_full_bce_nfull_seed2,1,0.2,0.4,184,0.28885400313971743,0.5,0.5,0.2119565217391305,0.292817679558011,0.7119565217391305,0.7119565217391304,0.779359640831758,0.28049082892379784,0.2812531337820577,vit_small,fmh,hard,none,224,full,bce,0,2,False,True
fmh_vit_small_hard_none_s224_full_bce_nfull_seed2,2,0.4,0.6,167,0.2621664050235479,0.30538922155688625,0.6946107784431137,0.10778443113772462,0.18232044198895028,0.8023952095808383,0.8577586206896552,0.9096517917511832,0.1939552406303538,0.19311488466588422,vit_small,fmh,hard,none,224,full,bce,0,2,False,True
fmh_vit_small_hard_none_s224_full_bce_nfull_seed2,3,0.6,0.8,91,0.14285714285714285,0.054945054945054944,0.945054945054945,-0.10989010989010983,0.08287292817679558,0.8351648351648352,0.9127906976744187,0.9720930232558139,0.1598164178080679,0.15616704652796512,vit_small,fmh,hard,none,224,full,bce,0,2,False,True
fmh_vit_small_hard_none_s224_full_bce_nfull_seed2,4,0.8,1.0,24,0.03767660910518053,0.0,1.0,-0.04166666666666663,0.0055248618784530384,0.9583333333333334,0.9583333333333334,,0.046402111282664735,0.04220738540004767,vit_small,fmh,hard,none,224,full,bce,0,2,False,True
mobilenetv3_hard_d4_s224_full_bce_nfull_seed0,0,0.0,0.2,5107,0.10682312583668005,0.4315645192872528,0.5684354807127472,0.09085568827100066,0.6778340475262953,0.6592911689837478,0.6506016055735571,0.7065466883560595,0.15699168790371815,0.24463504838651967,mobilenetv3,gz2,hard,d4,224,full,bce,0,0,False,True
mobilenetv3_hard_d4_s224_full_bce_nfull_seed0,1,0.2,0.4,5703,0.11928965863453815,0.38523584078555145,0.6147641592144486,0.27126073996142375,0.25321386832878845,0.8860248991758723,0.8769673342350106,0.9537479283189932,0.009744183822108884,0.08194683350582875,mobilenetv3,gz2,hard,d4,224,full,bce,0,0,False,True
mobilenetv3_hard_d4_s224_full_bce_nfull_seed0,2,0.4,0.6,6995,0.14631442436412315,0.2923516797712652,0.7076483202287348,0.2700500357398141,0.06077132839890923,0.9776983559685489,0.9704675112988072,0.9970520856486627,0.012537455193647056,0.0176977503657102,mobilenetv3,gz2,hard,d4,224,full,bce,0,0,False,True
mobilenetv3_hard_d4_s224_full_bce_nfull_seed0,3,0.6,0.8,13270,0.2775686077643909,0.16729464958553128,0.8327053504144687,0.1657874905802562,0.007791195948578107,0.9984928409947249,0.9965753536341772,0.9999822673352086,0.003320402626375089,0.0014146175182928066,mobilenetv3,gz2,hard,d4,224,full,bce,0,0,False,True
mobilenetv3_hard_d4_s224_full_bce_nfull_seed0,4,0.8,1.0,16733,0.35000418340026773,0.22769377876053307,0.7723062212394669,0.22763401661387683,0.00038955979742890534,0.9999402378533437,0.9998687664041994,0.9999997968991785,0.0004578714530337094,0.00015014355168725563,mobilenetv3,gz2,hard,d4,224,full,bce,0,0,False,True
mobilenetv3_hard_d4_s224_full_bce_nfull_seed1,0,0.0,0.2,5107,0.10682312583668005,0.4315645192872528,0.5684354807127472,0.09281378500097903,0.6648731744811683,0.6612492657137262,0.6515592168562092,0.7054971763986564,0.15371112528887174,0.24411330097215472,mobilenetv3,gz2,hard,d4,224,full,bce,0,1,False,True
mobilenetv3_hard_d4_s224_full_bce_nfull_seed1,1,0.2,0.4,5703,0.11928965863453815,0.38523584078555145,0.6147641592144486,0.2656496580746974,0.26210607225211374,0.880413817289146,0.8707043209105607,0.9517947125429816,0.014591604893618063,0.0840658666689202,mobilenetv3,gz2,hard,d4,224,full,bce,0,1,False,True
mobilenetv3_hard_d4_s224_full_bce_nfull_seed1,2,0.4,0.6,6995,0.14631442436412315,0.2923516797712652,0.7076483202287348,0.26904932094353107,0.06264411990776327,0.9766976411722659,0.9683255538267763,0.9968796028747129,0.013885925414171038,0.01801050488125863,mobilenetv3,gz2,hard,d4,224,full,bce,0,1,False,True
mobilenetv3_hard_d4_s224_full_bce_nfull_seed1,3,0.6,0.8,13270,0.2775686077643909,0.16729464958553128,0.8327053504144687,0.1654107008289375,0.009607993850883935,0.9981160512434062,0.9963491092902858,0.999968937263055,0.0036719255476039036,0.0016495227067918259,mobilenetv3,gz2,hard,d4,224,full,bce,0,1,False,True
mobilenetv3_hard_d4_s224_full_bce_nfull_seed1,4,0.8,1.0,16733,0.35000418340026773,0.22769377876053307,0.7723062212394669,0.22757425446722046,0.0007686395080707148,0.9998804757066874,0.9998300756977072,0.9999992586820016,0.00030989617686143776,0.00017107097806738514,mobilenetv3,gz2,hard,d4,224,full,bce,0,1,False,True
mobilenetv3_hard_d4_s224_full_bce_nfull_seed2,0,0.0,0.2,5107,0.10682312583668005,0.4315645192872528,0.5684354807127472,0.09065987859800273,0.6795472287275566,0.6590953593107499,0.6537614727364458,0.7068626359989323,0.165832500706254,0.24842433321407184,mobilenetv3,gz2,hard,d4,224,full,bce,0,2,False,True
mobilenetv3_hard_d4_s224_full_bce_nfull_seed2,1,0.2,0.4,5703,0.11928965863453815,0.38523584078555145,0.6147641592144486,0.27126073996142375,0.2537080405932865,0.8860248991758723,0.8809609432143246,0.9524550020369528,0.011291421450779722,0.0829076021720149,mobilenetv3,gz2,hard,d4,224,full,bce,0,2,False,True
mobilenetv3_hard_d4_s224_full_bce_nfull_seed2,2,0.4,0.6,6995,0.14631442436412315,0.2923516797712652,0.7076483202287348,0.27162258756254465,0.05659640905542545,0.9792709077912795,0.9747353732928306,0.9971212368180583,0.012380576505308053,0.016148194643489603,mobilenetv3,gz2,hard,d4,224,full,bce,0,2,False,True
mobilenetv3_hard_d4_s224_full_bce_nfull_seed2,3,0.6,0.8,13270,0.2775686077643909,0.16729464958553128,0.8327053504144687,0.1654860587792012,0.00936768149882904,0.9981914091936699,0.996394358159064,0.9999678773796421,0.0025406883136968143,0.0014301210746408236,mobilenetv3,gz2,hard,d4,224,full,bce,0,2,False,True
mobilenetv3_hard_d4_s224_full_bce_nfull_seed2,4,0.8,1.0,16733,0.35000418340026773,0.22769377876053307,0.7723062212394669,0.22757425446722046,0.00078064012490242,0.9998804757066874,0.9998300756977072,0.9999993703874535,0.00017074131510238263,0.0001523866909332157,mobilenetv3,gz2,hard,d4,224,full,bce,0,2,False,True
mobilenetv3_hard_d4_s224_full_bce_nfull_seed3,0,0.0,0.2,5107,0.10682312583668005,0.4315645192872528,0.5684354807127472,0.07949872723712559,0.6772128060263654,0.6479342079498728,0.6462929018294485,0.7069364066085964,0.17003503727425667,0.24870090792006386,mobilenetv3,gz2,hard,d4,224,full,bce,0,3,False,True
mobilenetv3_hard_d4_s224_full_bce_nfull_seed3,1,0.2,0.4,5703,0.11928965863453815,0.38523584078555145,0.6147641592144486,0.2665263896194985,0.25499058380414313,0.8812905488339471,0.8777901645167229,0.950050969259798,0.01386838573077824,0.08573365418384461,mobilenetv3,gz2,hard,d4,224,full,bce,0,3,False,True
mobilenetv3_hard_d4_s224_full_bce_nfull_seed3,2,0.4,0.6,6995,0.14631442436412315,0.2923516797712652,0.7076483202287348,0.270192994996426,0.0583804143126177,0.9778413152251608,0.9720034081647774,0.9968139586574795,0.013460040569248825,0.01703626125540154,mobilenetv3,gz2,hard,d4,224,full,bce,0,3,False,True
mobilenetv3_hard_d4_s224_full_bce_nfull_seed3,3,0.6,0.8,13270,0.2775686077643909,0.16729464958553128,0.8327053504144687,0.1656367746797287,0.008286252354048965,0.9983421250941974,0.9972047613224084,0.9999775386245975,0.0033439913622053635,0.0014550641887754213,mobilenetv3,gz2,hard,d4,224,full,bce,0,3,False,True
mobilenetv3_hard_d4_s224_full_bce_nfull_seed3,4,0.8,1.0,16733,0.35000418340026773,0.22769377876053307,0.7723062212394669,0.2275144923205642,0.0011299435028248588,0.9998207135600311,0.9996988421019066,0.999994262401793,0.0003065298443205556,0.00015224818161676916,mobilenetv3,gz2,hard,d4,224,full,bce,0,3,False,True
mobilenetv3_hard_d4_s224_full_bce_nfull_seed4,0,0.0,0.2,5107,0.10682312583668005,0.4315645192872528,0.5684354807127472,0.08889759154102217,0.6796116504854369,0.6573330722537694,0.644400029258174,0.7050296239011773,0.13855056476442218,0.23825606427209164,mobilenetv3,gz2,hard,d4,224,full,bce,0,4,False,True
mobilenetv3_hard_d4_s224_full_bce_nfull_seed4,1,0.2,0.4,5703,0.11928965863453815,0.38523584078555145,0.6147641592144486,0.26985796948974217,0.25553398058252424,0.8846221287041908,0.8729374391932576,0.9519623814146814,0.012788554358671038,0.08382833591928525,mobilenetv3,gz2,hard,d4,224,full,bce,0,4,False,True
mobilenetv3_hard_d4_s224_full_bce_nfull_seed4,2,0.4,0.6,6995,0.14631442436412315,0.2923516797712652,0.7076483202287348,0.27119370979270907,0.05747572815533981,0.9788420300214439,0.9701276826949199,0.9972594897631573,0.022192518096500424,0.01751122368373371,mobilenetv3,gz2,hard,d4,224,full,bce,0,4,False,True
mobilenetv3_hard_d4_s224_full_bce_nfull_seed4,3,0.6,0.8,13270,0.2775686077643909,0.16729464958553128,0.8327053504144687,0.16601356443104753,0.006601941747572815,0.9987189148455162,0.996891076596959,0.9999879132526193,0.0053239212656451115,0.0014603686401383456,mobilenetv3,gz2,hard,d4,224,full,bce,0,4,False,True
mobilenetv3_hard_d4_s224_full_bce_nfull_seed4,4,0.8,1.0,16733,0.35000418340026773,0.22769377876053307,0.7723062212394669,0.22757425446722046,0.0007766990291262136,0.9998804757066874,0.9998300756977072,0.9999827567402563,0.0005503589296972892,0.00014722215145442837,mobilenetv3,gz2,hard,d4,224,full,bce,0,4,False,True
mobilenetv3_soft_d4_s224_full_bce_nfull_seed0,0,0.0,0.2,5107,0.10682312583668005,0.4315645192872528,0.5684354807127472,0.09320540434697477,0.7387772552372809,0.661640885059722,0.6575846502116529,0.719662930831301,0.07091575950261594,0.2187265630921355,mobilenetv3,gz2,soft,d4,224,full,bce,0,0,False,True
mobilenetv3_soft_d4_s224_full_bce_nfull_seed0,1,0.2,0.4,5703,0.11928965863453815,0.38523584078555145,0.6147641592144486,0.2931790285814483,0.22445489525438223,0.9079431877958969,0.9036308392323609,0.9677189062199374,0.25300387865317486,0.13716269892399152,mobilenetv3,gz2,soft,d4,224,full,bce,0,0,False,True
mobilenetv3_soft_d4_s224_full_bce_nfull_seed0,2,0.4,0.6,6995,0.14631442436412315,0.2923516797712652,0.7076483202287348,0.280771979985704,0.03463018383924754,0.9884203002144388,0.9850742140228692,0.9988427057864712,0.23894678409223982,0.07201326451158488,mobilenetv3,gz2,soft,d4,224,full,bce,0,0,False,True
mobilenetv3_soft_d4_s224_full_bce_nfull_seed0,3,0.6,0.8,13270,0.2775686077643909,0.16729464958553128,0.8327053504144687,0.1669178598342126,0.0021376656690893546,0.9996232102486813,0.9988738738738738,0.9999955158778688,0.14483774283475553,0.02575664413505789,mobilenetv3,gz2,soft,d4,224,full,bce,0,0,False,True
mobilenetv3_soft_d4_s224_full_bce_nfull_seed0,4,0.8,1.0,16733,0.35000418340026773,0.22769377876053307,0.7723062212394669,0.2276937787605331,0.0,1.0,1.0,1.0,0.08513924216991071,0.008981597533715607,mobilenetv3,gz2,soft,d4,224,full,bce,0,0,False,True
mobilenetv3_soft_d4_s224_full_bce_nfull_seed1,0,0.0,0.2,5107,0.10682312583668005,0.4315645192872528,0.5684354807127472,0.09849226551791657,0.7402088772845953,0.6669277462306638,0.6664957334955453,0.7206428921079827,0.06975311147961244,0.21862929032471434,mobilenetv3,gz2,soft,d4,224,full,bce,0,1,False,True
mobilenetv3_soft_d4_s224_full_bce_nfull_seed1,1,0.2,0.4,5703,0.11928965863453815,0.38523584078555145,0.6147641592144486,0.295633876906891,0.22236727589208008,0.9103980361213396,0.908856291873402,0.9695387269005783,0.25214512682778367,0.13513160126749665,mobilenetv3,gz2,soft,d4,224,full,bce,0,1,False,True
mobilenetv3_soft_d4_s224_full_bce_nfull_seed1,2,0.4,0.6,6995,0.14631442436412315,0.2923516797712652,0.7076483202287348,0.2813438170121515,0.03350739773716275,0.9889921372408863,0.9869131411918698,0.9988324318984466,0.23502788734838656,0.06998368185962049,mobilenetv3,gz2,soft,d4,224,full,bce,0,1,False,True
mobilenetv3_soft_d4_s224_full_bce_nfull_seed1,3,0.6,0.8,13270,0.2775686077643909,0.16729464958553128,0.8327053504144687,0.16676714393368508,0.0030461270670147957,0.9994724943481538,0.9991433288492112,0.9999793934205699,0.14113442328307263,0.024630469901688438,mobilenetv3,gz2,soft,d4,224,full,bce,0,1,False,True
mobilenetv3_soft_d4_s224_full_bce_nfull_seed1,4,0.8,1.0,16733,0.35000418340026773,0.22769377876053307,0.7723062212394669,0.22757425446722046,0.0008703220191470844,0.9998804757066874,0.9998300756977072,0.9999999796899178,0.08261397528563241,0.008528965967889216,mobilenetv3,gz2,soft,d4,224,full,bce,0,1,False,True
mobilenetv3_soft_d4_s224_full_bce_nfull_seed2,0,0.0,0.2,5107,0.10682312583668005,0.4315645192872528,0.5684354807127472,0.10475817505384766,0.7404614019520852,0.6731936557665948,0.6711332791098513,0.725047482015288,0.07920378218115905,0.21822777300817328,mobilenetv3,gz2,soft,d4,224,full,bce,0,2,False,True
mobilenetv3_soft_d4_s224_full_bce_nfull_seed2,1,0.2,0.4,5703,0.11928965863453815,0.38523584078555145,0.6147641592144486,0.29773803261441345,0.22138420585625554,0.912502191828862,0.9103977030338264,0.969147694270645,0.2598434094102492,0.1380299522633135,mobilenetv3,gz2,soft,d4,224,full,bce,0,2,False,True
mobilenetv3_soft_d4_s224_full_bce_nfull_seed2,2,0.4,0.6,6995,0.14631442436412315,0.2923516797712652,0.7076483202287348,0.28205861329521087,0.03194321206743567,0.9897069335239457,0.9872747030204243,0.9990893284927514,0.24263293220833995,0.07309020336730213,mobilenetv3,gz2,soft,d4,224,full,bce,0,2,False,True
mobilenetv3_soft_d4_s224_full_bce_nfull_seed2,3,0.6,0.8,13270,0.2775686077643909,0.16729464958553128,0.8327053504144687,0.16654107008289376,0.0044365572315882874,0.9992464204973625,0.9984676531735355,0.9999876890465126,0.1468687424274792,0.02659365877882121,mobilenetv3,gz2,soft,d4,224,full,bce,0,2,False,True
mobilenetv3_soft_d4_s224_full_bce_nfull_seed2,4,0.8,1.0,16733,0.35000418340026773,0.22769377876053307,0.7723062212394669,0.22745473017390783,0.001774622892635315,0.9997609514133747,0.9996601513954144,0.9999991266664676,0.08631881738650063,0.009342121635880787,mobilenetv3,gz2,soft,d4,224,full,bce,0,2,False,True
mobilenetv3_soft_d4_s224_full_bce_nfull_seed3,0,0.0,0.2,5107,0.10682312583668005,0.4315645192872528,0.5684354807127472,0.1020168396318778,0.7381578947368421,0.670452320344625,0.6647343820429832,0.7236926503842012,0.07328463314108032,0.21700666500899932,mobilenetv3,gz2,soft,d4,224,full,bce,0,3,False,True
mobilenetv3_soft_d4_s224_full_bce_nfull_seed3,1,0.2,0.4,5703,0.11928965863453815,0.38523584078555145,0.6147641592144486,0.2954585305979308,0.22456140350877193,0.9102226898123794,0.9043801886148227,0.9678412661979294,0.2524620735687622,0.13542627672912103,mobilenetv3,gz2,soft,d4,224,full,bce,0,3,False,True
mobilenetv3_soft_d4_s224_full_bce_nfull_seed3,2,0.4,0.6,6995,0.14631442436412315,0.2923516797712652,0.7076483202287348,0.2814867762687634,0.03333333333333333,0.9891350964974982,0.9850053098219358,0.9987089476673829,0.23616032235356338,0.07054159939117284,mobilenetv3,gz2,soft,d4,224,full,bce,0,3,False,True
mobilenetv3_soft_d4_s224_full_bce_nfull_seed3,3,0.6,0.8,13270,0.2775686077643909,0.16729464958553128,0.8327053504144687,0.16669178598342127,0.0035087719298245615,0.99939713639789,0.9985581509110921,0.9999878928702458,0.14190095611135584,0.024970125221746412,mobilenetv3,gz2,soft,d4,224,full,bce,0,3,False,True
mobilenetv3_soft_d4_s224_full_bce_nfull_seed3,4,0.8,1.0,16733,0.35000418340026773,0.22769377876053307,0.7723062212394669,0.22763401661387683,0.0004385964912280702,0.9999402378533437,0.9998687664041994,0.9999998578294249,0.08345771709671099,0.008718566849820092,mobilenetv3,gz2,soft,d4,224,full,bce,0,3,False,True
mobilenetv3_soft_d4_s224_full_bce_nfull_seed4,0,0.0,0.2,5107,0.10682312583668005,0.4315645192872528,0.5684354807127472,0.10495398472684547,0.7390341160832964,0.6733894654395927,0.6696121510196911,0.7216915444502308,0.0787620949160453,0.2183684823880881,mobilenetv3,gz2,soft,d4,224,full,bce,0,4,False,True
mobilenetv3_soft_d4_s224_full_bce_nfull_seed4,1,0.2,0.4,5703,0.11928965863453815,0.38523584078555145,0.6147641592144486,0.2947571453620901,0.22862206468763846,0.9095213045765387,0.9055091460351083,0.9693940370380082,0.25418360334842766,0.13650180041576765,mobilenetv3,gz2,soft,d4,224,full,bce,0,4,False,True
mobilenetv3_soft_d4_s224_full_bce_nfull_seed4,2,0.4,0.6,6995,0.14631442436412315,0.2923516797712652,0.7076483202287348,0.28277340957827024,0.02968542312804608,0.990421729807005,0.9876362648489787,0.9989582870267467,0.23970906314006699,0.07140567742985415,mobilenetv3,gz2,soft,d4,224,full,bce,0,4,False,True
mobilenetv3_soft_d4_s224_full_bce_nfull_seed4,3,0.6,0.8,13270,0.2775686077643909,0.16729464958553128,0.8327053504144687,0.1669178598342126,0.002215330084182543,0.9996232102486813,0.9990538502303208,0.9999951286127756,0.14309367816179386,0.025334543796302837,mobilenetv3,gz2,soft,d4,224,full,bce,0,4,False,True
mobilenetv3_soft_d4_s224_full_bce_nfull_seed4,4,0.8,1.0,16733,0.35000418340026773,0.22769377876053307,0.7723062212394669,0.22763401661387683,0.00044306601683650863,0.9999402378533437,0.9999613092935077,0.9999999796899178,0.08351817808460682,0.008697051923157872,mobilenetv3,gz2,soft,d4,224,full,bce,0,4,False,True
resnet50_hard_conf_d4_s224_full_bce_nfull_seed0,0,0.0,0.2,5107,0.10682312583668005,0.4315645192872528,0.5684354807127472,0.0796945369101234,0.673285874859498,0.6481300176228706,0.6484316243350485,0.7014670661115949,0.29994457434642474,0.3167551412872599,resnet50,gz2,hard_conf,d4,224,full,bce,0,0,False,True
resnet50_hard_conf_d4_s224_full_bce_nfull_seed0,1,0.2,0.4,5703,0.11928965863453815,0.38523584078555145,0.6147641592144486,0.2614413466596528,0.264518546272012,0.8762055058741014,0.8743341604911121,0.9458411368923189,0.09429633656748679,0.10696028825073325,resnet50,gz2,hard_conf,d4,224,full,bce,0,0,False,True
resnet50_hard_conf_d4_s224_full_bce_nfull_seed0,2,0.4,0.6,6995,0.14631442436412315,0.2923516797712652,0.7076483202287348,0.2721944245889921,0.05282877482203072,0.9798427448177269,0.976287323108839,0.9968458175890939,0.013240688358133872,0.017248401330064982,resnet50,gz2,hard_conf,d4,224,full,bce,0,0,False,True
resnet50_hard_conf_d4_s224_full_bce_nfull_seed0,3,0.6,0.8,13270,0.2775686077643909,0.16729464958553128,0.8327053504144687,0.165561416729465,0.008617459722742601,0.9982667671439337,0.9960796543149484,0.9999766825649179,0.0010887428998021145,0.0014564467629819382,resnet50,gz2,hard_conf,d4,224,full,bce,0,0,False,True
resnet50_hard_conf_d4_s224_full_bce_nfull_seed0,4,0.8,1.0,16733,0.35000418340026773,0.22769377876053307,0.7723062212394669,0.22757425446722046,0.0007493443237167478,0.9998804757066874,0.9997375328083989,0.9999997562790143,0.00011709687979781044,0.00012088556421808091,resnet50,gz2,hard_conf,d4,224,full,bce,0,0,False,True
resnet50_hard_conf_d4_s224_full_bce_nfull_seed1,0,0.0,0.2,5107,0.10682312583668005,0.4315645192872528,0.5684354807127472,0.08243587233209326,0.6733383685800605,0.6508713530448405,0.6517169171637327,0.7066548435719229,0.29857971075252443,0.3136213617424671,resnet50,gz2,hard_conf,d4,224,full,bce,0,1,False,True
resnet50_hard_conf_d4_s224_full_bce_nfull_seed1,1,0.2,0.4,5703,0.11928965863453815,0.38523584078555145,0.6147641592144486,0.2630194634402945,0.26321752265861026,0.8777836226547431,0.8776569641587177,0.9475661204759588,0.09313007431441853,0.10509774373087628,resnet50,gz2,hard_conf,d4,224,full,bce,0,1,False,True
resnet50_hard_conf_d4_s224_full_bce_nfull_seed1,2,0.4,0.6,6995,0.14631442436412315,0.2923516797712652,0.7076483202287348,0.27147962830593286,0.05513595166163142,0.9791279485346677,0.9757822726037886,0.9971601590476896,0.01313226419900674,0.017307744978249696,resnet50,gz2,hard_conf,d4,224,full,bce,0,1,False,True
resnet50_hard_conf_d4_s224_full_bce_nfull_seed1,3,0.6,0.8,13270,0.2775686077643909,0.16729464958553128,0.8327053504144687,0.1657874905802562,0.0075528700906344415,0.9984928409947249,0.9969353063470711,0.9999786392727569,0.0009495301563264499,0.0012307525580012727,resnet50,gz2,hard_conf,d4,224,full,bce,0,1,False,True
resnet50_hard_conf_d4_s224_full_bce_nfull_seed1,4,0.8,1.0,16733,0.35000418340026773,0.22769377876053307,0.7723062212394669,0.22757425446722046,0.0007552870090634441,0.9998804757066874,0.9997375328083989,0.9999995024029873,0.00011746961250153537,0.00012025739693062152,resnet50,gz2,hard_conf,d4,224,full,bce,0,1,False,True
resnet50_hard_conf_d4_s224_full_bce_nfull_seed2,0,0.0,0.2,5107,0.10682312583668005,0.4315645192872528,0.5684354807127472,0.06540043078128066,0.6572934973637962,0.6338359114940278,0.6455269847263578,0.7030836114839584,0.2956622718281012,0.3218638141294503,resnet50,gz2,hard_conf,d4,224,full,bce,0,2,False,True
resnet50_hard_conf_d4_s224_full_bce_nfull_seed2,1,0.2,0.4,5703,0.11928965863453815,0.38523584078555145,0.6147641592144486,0.25162195335788173,0.26783831282952547,0.8663861125723303,0.8760344773417883,0.9466788970387199,0.09423553755902683,0.11293824597130993,resnet50,gz2,hard_conf,d4,224,full,bce,0,2,False,True
resnet50_hard_conf_d4_s224_full_bce_nfull_seed2,2,0.4,0.6,6995,0.14631442436412315,0.2923516797712652,0.7076483202287348,0.2660471765546819,0.06467486818980668,0.9736954967834167,0.975531105677805,0.9971658393223185,0.015077080319335003,0.020829800770619578,resnet50,gz2,hard_conf,d4,224,full,bce,0,2,False,True
resnet50_hard_conf_d4_s224_full_bce_nfull_seed2,3,0.6,0.8,13270,0.2775686077643909,0.16729464958553128,0.8327053504144687,0.16525998492841,0.009490333919156414,0.9979653353428787,0.997158493334964,0.9999745627980922,0.0008015888506760179,0.0014753951904827825,resnet50,gz2,hard_conf,d4,224,full,bce,0,2,False,True
resnet50_hard_conf_d4_s224_full_bce_nfull_seed2,4,0.8,1.0,16733,0.35000418340026773,0.22769377876053307,0.7723062212394669,0.22757425446722046,0.00070298769771529,0.9998804757066874,0.9998300756977072,0.9999999593798358,0.00016798149167530387,7.801094677442404e-05,resnet50,gz2,hard_conf,d4,224,full,bce,0,2,False,True
resnet50_hard_d4_s224_full_bce_n10000_seed0,0,0.0,0.2,5107,0.10682312583668005,0.4315645192872528,0.5684354807127472,0.0297630702956726,0.5018341892883346,0.5981985510084198,0.614835597820141,0.6589910587520388,0.22063485408760386,0.2978984813607961,resnet50,gz2,hard,d4,224,full,bce,10000,0,False,True
resnet50_hard_d4_s224_full_bce_n10000_seed0,1,0.2,0.4,5703,0.11928965863453815,0.38523584078555145,0.6147641592144486,0.16675433982114674,0.30471998043531423,0.7815184990355953,0.7974932627362781,0.8852554863357983,0.07122036319054098,0.15703124288885717,resnet50,gz2,hard,d4,224,full,bce,10000,0,False,True
resnet50_hard_d4_s224_full_bce_n10000_seed0,2,0.4,0.6,6995,0.14631442436412315,0.2923516797712652,0.7076483202287348,0.2077197998570407,0.14477867449254098,0.9153681200857755,0.9265705959348991,0.9811551702847547,0.008669130346082209,0.06044071627262118,resnet50,gz2,hard,d4,224,full,bce,10000,0,False,True
resnet50_hard_d4_s224_full_bce_n10000_seed0,3,0.6,0.8,13270,0.2775686077643909,0.16729464958553128,0.8327053504144687,0.15425772418990202,0.042308632917583765,0.9869630746043707,0.9855128205128205,0.9990807141983612,0.017047740216434928,0.010383959597310378,resnet50,gz2,hard,d4,224,full,bce,10000,0,False,True
resnet50_hard_d4_s224_full_bce_n10000_seed0,4,0.8,1.0,16733,0.35000418340026773,0.22769377876053307,0.7723062212394669,0.22613996294746908,0.006358522866226461,0.998446184186936,0.9981611556274261,0.9999873772839449,0.005550551448543127,0.001478104930143496,resnet50,gz2,hard,d4,224,full,bce,10000,0,False,True
resnet50_hard_d4_s224_full_bce_n10000_seed1,0,0.0,0.2,5107,0.10682312583668005,0.4315645192872528,0.5684354807127472,0.04405717642451534,0.5526389276738342,0.6124926571372625,0.6109121579591299,0.6563130449569349,0.22504670276273436,0.2884039503891601,resnet50,gz2,hard,d4,224,full,bce,10000,1,False,True
resnet50_hard_d4_s224_full_bce_n10000_seed1,1,0.2,0.4,5703,0.11928965863453815,0.38523584078555145,0.6147641592144486,0.20077152375942475,0.29377268919296284,0.8155356829738734,0.8091856836359076,0.8942889632468276,0.06710522839220273,0.13358299128139797,resnet50,gz2,hard,d4,224,full,bce,10000,1,False,True
resnet50_hard_d4_s224_full_bce_n10000_seed1,2,0.4,0.6,6995,0.14631442436412315,0.2923516797712652,0.7076483202287348,0.236168691922802,0.10974588103881597,0.9438170121515368,0.931605295003828,0.9836422414857622,0.006630787919385661,0.04170254870909856,resnet50,gz2,hard,d4,224,full,bce,10000,1,False,True
resnet50_hard_d4_s224_full_bce_n10000_seed1,3,0.6,0.8,13270,0.2775686077643909,0.16729464958553128,0.8327053504144687,0.15779954785229844,0.03518570231778833,0.9905048982667671,0.9808004158004158,0.9992492356610004,0.006191154166072176,0.007194904234720529,resnet50,gz2,hard,d4,224,full,bce,10000,1,False,True
resnet50_hard_d4_s224_full_bce_n10000_seed1,4,0.8,1.0,16733,0.35000418340026773,0.22769377876053307,0.7723062212394669,0.22584115221418755,0.008656799776598716,0.9981473734536545,0.9963944729767249,0.9999516823145694,0.002905032181066328,0.001256297223275528,resnet50,gz2,hard,d4,224,full,bce,10000,1,False,True
resnet50_hard_d4_s224_full_bce_n2000_seed0,0,0.0,0.2,5107,0.10682312583668005,0.4315645192872528,0.5684354807127472,0.02800078323869204,0.429375,0.5964362639514392,0.5823133087806406,0.6121314048362261,0.22821144666206744,0.2978418240762176,resnet50,gz2,hard,d4,224,full,bce,2000,0,False,True
resnet50_hard_d4_s224_full_bce_n2000_seed0,1,0.2,0.4,5703,0.11928965863453815,0.38523584078555145,0.6147641592144486,0.13694546729791335,0.295,0.751709626512362,0.7272801213914841,0.8074728386813839,0.10238680761771929,0.18147998402076748,resnet50,gz2,hard,d4,224,full,bce,2000,0,False,True
resnet50_hard_d4_s224_full_bce_n2000_seed0,2,0.4,0.6,6995,0.14631442436412315,0.2923516797712652,0.7076483202287348,0.18527519656897784,0.15604166666666666,0.8929235167977126,0.8563298016843248,0.9422360030624088,0.013951192581848838,0.07993955514761208,resnet50,gz2,hard,d4,224,full,bce,2000,0,False,True
resnet50_hard_d4_s224_full_bce_n2000_seed0,3,0.6,0.8,13270,0.2775686077643909,0.16729464958553128,0.8327053504144687,0.1354935945742276,0.08791666666666667,0.9681989449886963,0.9229525905996494,0.9891826464473524,0.009297335919016131,0.024225307451705175,resnet50,gz2,hard,d4,224,full,bce,2000,0,False,True
resnet50_hard_d4_s224_full_bce_n2000_seed0,4,0.8,1.0,16733,0.35000418340026773,0.22769377876053307,0.7723062212394669,0.21860993246877425,0.03166666666666667,0.9909161537082412,0.9818108083351764,0.9986863845068195,0.010889438629741127,0.007766228903822305,resnet50,gz2,hard,d4,224,full,bce,2000,0,False,True
resnet50_hard_d4_s224_full_bce_n2000_seed1,0,0.0,0.2,5107,0.10682312583668005,0.4315645192872528,0.5684354807127472,0.01448991580184067,0.41287071137817405,0.5829253965145879,0.5774756291288878,0.6084423273251964,0.1992479655128472,0.28575991296218456,resnet50,gz2,hard,d4,224,full,bce,2000,1,False,True
resnet50_hard_d4_s224_full_bce_n2000_seed1,1,0.2,0.4,5703,0.11928965863453815,0.38523584078555145,0.6147641592144486,0.12800280554094334,0.28435743361116494,0.742766964755392,0.731902732061378,0.7987654170326648,0.06913876569116222,0.18160571952748258,resnet50,gz2,hard,d4,224,full,bce,2000,1,False,True
resnet50_hard_d4_s224_full_bce_n2000_seed1,2,0.4,0.6,6995,0.14631442436412315,0.2923516797712652,0.7076483202287348,0.16354538956397424,0.17464624927311495,0.871193709792709,0.8448504605961819,0.9267703440270678,0.015799251971102386,0.09317722838673163,resnet50,gz2,hard,d4,224,full,bce,2000,1,False,True
resnet50_hard_d4_s224_full_bce_n2000_seed1,3,0.6,0.8,13270,0.2775686077643909,0.16729464958553128,0.8327053504144687,0.1305199698568199,0.09459197518899011,0.9632253202712886,0.9253654559536912,0.986138274020627,0.030348629785516827,0.030087569278612294,resnet50,gz2,hard,d4,224,full,bce,2000,1,False,True
resnet50_hard_d4_s224_full_bce_n2000_seed1,4,0.8,1.0,16733,0.35000418340026773,0.22769377876053307,0.7723062212394669,0.21735492738899187,0.033533630548555925,0.9896611486284588,0.9805355890522971,0.9991343944538852,0.024329037663706744,0.009473053939503664,resnet50,gz2,hard,d4,224,full,bce,2000,1,False,True
resnet50_hard_d4_s224_full_bce_n25000_seed0,0,0.0,0.2,5107,0.10682312583668005,0.4315645192872528,0.5684354807127472,0.06520462110828273,0.6110385369039844,0.6336401018210299,0.6207736630171055,0.6806025652166574,0.20368024122008582,0.2684260676931201,resnet50,gz2,hard,d4,224,full,bce,25000,0,False,True
resnet50_hard_d4_s224_full_bce_n25000_seed0,1,0.2,0.4,5703,0.11928965863453815,0.38523584078555145,0.6147641592144486,0.23408732246186215,0.28151534944480733,0.8488514816763107,0.8327133328365367,0.9250941425337307,0.04183718681639518,0.10783425117779898,resnet50,gz2,hard,d4,224,full,bce,25000,0,False,True
resnet50_hard_d4_s224_full_bce_n25000_seed0,2,0.4,0.6,6995,0.14631442436412315,0.2923516797712652,0.7076483202287348,0.25689778413152253,0.08099281515349445,0.9645461043602573,0.951130374651157,0.993089624854906,0.008375274337485805,0.026714212797818552,resnet50,gz2,hard,d4,224,full,bce,25000,0,False,True
resnet50_hard_d4_s224_full_bce_n25000_seed0,3,0.6,0.8,13270,0.2775686077643909,0.16729464958553128,0.8327053504144687,0.1620949510173324,0.022534291312867407,0.9948003014318011,0.9867991520932697,0.9997982552688435,0.004988079852192713,0.004093957507169482,resnet50,gz2,hard,d4,224,full,bce,25000,0,False,True
resnet50_hard_d4_s224_full_bce_n25000_seed0,4,0.8,1.0,16733,0.35000418340026773,0.22769377876053307,0.7723062212394669,0.2269766330006574,0.003919007184846506,0.9992828542401243,0.9986102826290102,0.999995765347872,0.001578843482266267,0.0005567652204472164,resnet50,gz2,hard,d4,224,full,bce,25000,0,False,True
resnet50_hard_d4_s224_full_bce_n25000_seed1,0,0.0,0.2,5107,0.10682312583668005,0.4315645192872528,0.5684354807127472,0.07303700802819657,0.5931324910916748,0.6414724887409438,0.6236754893398344,0.682774578272805,0.17206012430206225,0.25579946990213687,resnet50,gz2,hard,d4,224,full,bce,25000,1,False,True
resnet50_hard_d4_s224_full_bce_n25000_seed1,1,0.2,0.4,5703,0.11928965863453815,0.38523584078555145,0.6147641592144486,0.23461336138874267,0.2782636864269517,0.8493775206031913,0.8275331241767478,0.9220597449044373,0.027849015788325306,0.10869659884276173,resnet50,gz2,hard,d4,224,full,bce,25000,1,False,True
resnet50_hard_d4_s224_full_bce_n25000_seed1,2,0.4,0.6,6995,0.14631442436412315,0.2923516797712652,0.7076483202287348,0.24989278055754105,0.09620991253644315,0.9575411007862759,0.9371410930824133,0.9906956607641204,0.01597201294094555,0.03224639554509654,resnet50,gz2,hard,d4,224,full,bce,25000,1,False,True
resnet50_hard_d4_s224_full_bce_n25000_seed1,3,0.6,0.8,13270,0.2775686077643909,0.16729464958553128,0.8327053504144687,0.16088922381311233,0.0275348234531908,0.993594574227581,0.9835555012025601,0.9995628388569565,0.006774327549610304,0.00532152313834755,resnet50,gz2,hard,d4,224,full,bce,25000,1,False,True
resnet50_hard_d4_s224_full_bce_n25000_seed1,4,0.8,1.0,16733,0.35000418340026773,0.22769377876053307,0.7723062212394669,0.2267973465606885,0.004859086491739553,0.9991035678001554,0.9980314960629921,0.9999955825571328,0.0019219780367592412,0.0007952646611400179,resnet50,gz2,hard,d4,224,full,bce,25000,1,False,True
resnet50_hard_d4_s224_full_bce_n50000_seed0,0,0.0,0.2,5107,0.10682312583668005,0.4315645192872528,0.5684354807127472,0.08439396906207164,0.6384587684551675,0.6528294497748188,0.6382536246063744,0.6950719982395082,0.13771559503989417,0.24083328579032015,resnet50,gz2,hard,d4,224,full,bce,50000,0,False,True
resnet50_hard_d4_s224_full_bce_n50000_seed0,1,0.2,0.4,5703,0.11928965863453815,0.38523584078555145,0.6147641592144486,0.2532000701385235,0.2711559236586244,0.8679642293529721,0.8513170477503809,0.9382339164462454,0.011112853514908492,0.09574201375954988,resnet50,gz2,hard,d4,224,full,bce,50000,0,False,True
resnet50_hard_d4_s224_full_bce_n50000_seed0,2,0.4,0.6,6995,0.14631442436412315,0.2923516797712652,0.7076483202287348,0.2641887062187277,0.07093986316168527,0.9718370264474625,0.9598691067150725,0.9957134671902399,0.02605358758547553,0.02333185285986163,resnet50,gz2,hard,d4,224,full,bce,50000,0,False,True
resnet50_hard_d4_s224_full_bce_n50000_seed0,3,0.6,0.8,13270,0.2775686077643909,0.16729464958553128,0.8327053504144687,0.1638281838733987,0.016564638098667626,0.9965335342878674,0.9907194977783214,0.9999489013900779,0.007779034571461051,0.0032926347440775665,resnet50,gz2,hard,d4,224,full,bce,50000,0,False,True
resnet50_hard_d4_s224_full_bce_n50000_seed0,4,0.8,1.0,16733,0.35000418340026773,0.22769377876053307,0.7723062212394669,0.22721568158728267,0.0028808066258552397,0.9995219028267496,0.9990426741229039,0.9999818021663952,0.0014445119297929934,0.00040392558629128827,resnet50,gz2,hard,d4,224,full,bce,50000,0,False,True
resnet50_hard_d4_s224_full_bce_n50000_seed1,0,0.0,0.2,5107,0.10682312583668005,0.4315645192872528,0.5684354807127472,0.08380654004307819,0.6322534709861161,0.6522420207558254,0.6334761961623028,0.6962865563066682,0.18110114101080088,0.25505231833714564,resnet50,gz2,hard,d4,224,full,bce,50000,1,False,True
resnet50_hard_d4_s224_full_bce_n50000_seed1,1,0.2,0.4,5703,0.11928965863453815,0.38523584078555145,0.6147641592144486,0.25197264597580216,0.27055891776432894,0.8667368051902508,0.8453055052772528,0.9396525132414917,0.03388779968034944,0.0979696234284513,resnet50,gz2,hard,d4,224,full,bce,50000,1,False,True
resnet50_hard_d4_s224_full_bce_n50000_seed1,2,0.4,0.6,6995,0.14631442436412315,0.2923516797712652,0.7076483202287348,0.26104360257326664,0.07796368814524741,0.9686919228020014,0.9517638487565138,0.9949994319725372,0.007186234799136794,0.02422256572848821,resnet50,gz2,hard,d4,224,full,bce,50000,1,False,True
resnet50_hard_d4_s224_full_bce_n50000_seed1,3,0.6,0.8,13270,0.2775686077643909,0.16729464958553128,0.8327053504144687,0.1637528259231349,0.01673193307226771,0.9964581763376036,0.9912141779788839,0.9999001875178345,0.003466645288195405,0.003087515777580268,resnet50,gz2,hard,d4,224,full,bce,50000,1,False,True
resnet50_hard_d4_s224_full_bce_n50000_seed1,4,0.8,1.0,16733,0.35000418340026773,0.22769377876053307,0.7723062212394669,0.22727544373393893,0.002491990032039872,0.9995816649734058,0.9992664506080128,0.9999922821687838,0.0007027452447874512,0.00033439839501507427,resnet50,gz2,hard,d4,224,full,bce,50000,1,False,True
resnet50_hard_d4_s224_full_bce_n5000_seed0,0,0.0,0.2,5107,0.10682312583668005,0.4315645192872528,0.5684354807127472,0.0328960250636382,0.5104036099273,0.6013315057763854,0.6013132262575858,0.6357226050027726,0.2226999520912855,0.2937950370983605,resnet50,gz2,hard,d4,224,full,bce,5000,0,False,True
resnet50_hard_d4_s224_full_bce_n5000_seed0,1,0.2,0.4,5703,0.11928965863453815,0.38523584078555145,0.6147641592144486,0.1769244257408381,0.29781900225620456,0.7916885849552867,0.785371900332897,0.8589601647841623,0.07166572907304919,0.15322756257287448,resnet50,gz2,hard,d4,224,full,bce,5000,0,False,True
resnet50_hard_d4_s224_full_bce_n5000_seed0,2,0.4,0.6,6995,0.14631442436412315,0.2923516797712652,0.7076483202287348,0.21715511079342387,0.13186262221108047,0.9248034310221587,0.910279074362204,0.971679830085698,0.006480425830331341,0.055874634650883506,resnet50,gz2,hard,d4,224,full,bce,5000,0,False,True
resnet50_hard_d4_s224_full_bce_n5000_seed0,3,0.6,0.8,13270,0.2775686077643909,0.16729464958553128,0.8327053504144687,0.15290128108515455,0.0478816746051642,0.9856066314996232,0.9683204924381394,0.9975469406057642,0.010589345914945496,0.012024519482728613,resnet50,gz2,hard,d4,224,full,bce,5000,0,False,True
resnet50_hard_d4_s224_full_bce_n5000_seed0,4,0.8,1.0,16733,0.35000418340026773,0.22769377876053307,0.7723062212394669,0.22482519572103032,0.01203309100025069,0.9971314169604972,0.9947187591839652,0.9998173717413235,0.005257268091657117,0.0025342733780279584,resnet50,gz2,hard,d4,224,full,bce,5000,0,False,True
resnet50_hard_d4_s224_full_bce_n5000_seed1,0,0.0,0.2,5107,0.10682312583668005,0.4315645192872528,0.5684354807127472,0.03955355394556492,0.49591280653950953,0.6079890346583121,0.5991940404600535,0.636481801478288,0.2343172038092861,0.29642558232558763,resnet50,gz2,hard,d4,224,full,bce,5000,1,False,True
resnet50_hard_d4_s224_full_bce_n5000_seed1,1,0.2,0.4,5703,0.11928965863453815,0.38523584078555145,0.6147641592144486,0.18130808346484295,0.2880852117909339,0.7960722426792916,0.7804401765514921,0.8612556639362756,0.08593739644241064,0.15269347814706896,resnet50,gz2,hard,d4,224,full,bce,5000,1,False,True
resnet50_hard_d4_s224_full_bce_n5000_seed1,2,0.4,0.6,6995,0.14631442436412315,0.2923516797712652,0.7076483202287348,0.20929235167977123,0.14391875154817935,0.916940671908506,0.8932444246869675,0.9671095305129533,0.014512687208515836,0.05959888782708689,resnet50,gz2,hard,d4,224,full,bce,5000,1,False,True
resnet50_hard_d4_s224_full_bce_n5000_seed1,3,0.6,0.8,13270,0.2775686077643909,0.16729464958553128,0.8327053504144687,0.14988696307460436,0.05722070844686648,0.982592313489073,0.9602113652113652,0.9965161836044188,0.0048310232606090745,0.014019615545931287,resnet50,gz2,hard,d4,224,full,bce,5000,1,False,True
resnet50_hard_d4_s224_full_bce_n5000_seed1,4,0.8,1.0,16733,0.35000418340026773,0.22769377876053307,0.7723062212394669,0.22410804996115463,0.014862521674510775,0.9964142712006215,0.992773784477126,0.999841703219737,0.004008160809424912,0.003035275861755013,resnet50,gz2,hard,d4,224,full,bce,5000,1,False,True
resnet50_hard_d4_s224_full_bce_nfull_seed0,0,0.0,0.2,5107,0.10682312583668005,0.4315645192872528,0.5684354807127472,0.08850597219502643,0.6977299880525687,0.6569414529077736,0.6397402117966706,0.7086438367468911,0.1495739029690432,0.23925583683089052,resnet50,gz2,hard,d4,224,full,bce,0,0,False,True
resnet50_hard_d4_s224_full_bce_nfull_seed0,1,0.2,0.4,5703,0.11928965863453815,0.38523584078555145,0.6147641592144486,0.2775732070839908,0.24452409398645958,0.8923373662984394,0.8775979587369698,0.9597337005474196,0.007192715010428545,0.07739663947351576,resnet50,gz2,hard,d4,224,full,bce,0,0,False,True
resnet50_hard_d4_s224_full_bce_nfull_seed0,2,0.4,0.6,6995,0.14631442436412315,0.2923516797712652,0.7076483202287348,0.2754824874910651,0.04699322978892871,0.9831308077197999,0.9755972932256551,0.9981683830974785,0.01745940963358842,0.014656675474062845,resnet50,gz2,hard,d4,224,full,bce,0,0,False,True
resnet50_hard_d4_s224_full_bce_nfull_seed0,3,0.6,0.8,13270,0.2775686077643909,0.16729464958553128,0.8327053504144687,0.1654860587792012,0.009557945041816009,0.9981914091936699,0.9956744527332763,0.9998992499286616,0.0030350407114864758,0.0015832143532290483,resnet50,gz2,hard,d4,224,full,bce,0,0,False,True
resnet50_hard_d4_s224_full_bce_nfull_seed0,4,0.8,1.0,16733,0.35000418340026773,0.22769377876053307,0.7723062212394669,0.2275144923205642,0.0011947431302270011,0.9998207135600311,0.9996988421019066,0.9999984564337566,0.0004148882157823451,0.00014085679108286075,resnet50,gz2,hard,d4,224,full,bce,0,0,False,True
resnet50_hard_d4_s224_full_bce_nfull_seed1,0,0.0,0.2,5107,0.10682312583668005,0.4315645192872528,0.5684354807127472,0.08850597219502643,0.6927639383155397,0.6569414529077736,0.6573839691463803,0.7110219229997381,0.1761720579885318,0.25250951435617375,resnet50,gz2,hard,d4,224,full,bce,0,1,False,True
resnet50_hard_d4_s224_full_bce_nfull_seed1,1,0.2,0.4,5703,0.11928965863453815,0.38523584078555145,0.6147641592144486,0.2738909345958267,0.25108738631870303,0.8886550938102753,0.8876035645765981,0.9576215790811563,0.012111693832658444,0.08018786107514059,resnet50,gz2,hard,d4,224,full,bce,0,1,False,True
resnet50_hard_d4_s224_full_bce_nfull_seed1,2,0.4,0.6,6995,0.14631442436412315,0.2923516797712652,0.7076483202287348,0.2746247319513938,0.049031237643337285,0.9822730521801286,0.980874268355931,0.9976094934676842,0.010207754182577841,0.013941229214435094,resnet50,gz2,hard,d4,224,full,bce,0,1,False,True
resnet50_hard_d4_s224_full_bce_nfull_seed1,3,0.6,0.8,13270,0.2775686077643909,0.16729464958553128,0.8327053504144687,0.16616428033157504,0.005931198102016607,0.9988696307460437,0.9978814561167503,0.999984753984754,0.00207793642777132,0.0009319402946342898,resnet50,gz2,hard,d4,224,full,bce,0,1,False,True
resnet50_hard_d4_s224_full_bce_nfull_seed1,4,0.8,1.0,16733,0.35000418340026773,0.22769377876053307,0.7723062212394669,0.2275144923205642,0.0011862396204033216,0.9998207135600311,0.9996988421019066,0.9999998172092608,0.0002591870368639913,0.00010889744079456522,resnet50,gz2,hard,d4,224,full,bce,0,1,False,True
resnet50_hard_d4_s224_full_bce_nfull_seed2,0,0.0,0.2,5107,0.10682312583668005,0.4315645192872528,0.5684354807127472,0.09379283336596833,0.7029339853300733,0.6622283140787155,0.6513279022326863,0.7110568546337633,0.12778958694111503,0.23186877687786211,resnet50,gz2,hard,d4,224,full,bce,0,2,False,True
resnet50_hard_d4_s224_full_bce_nfull_seed2,1,0.2,0.4,5703,0.11928965863453815,0.38523584078555145,0.6147641592144486,0.28002805540943354,0.24449877750611246,0.8947922146238821,0.8847777306657603,0.9567370819670343,0.024021792136197158,0.07925253308457895,resnet50,gz2,hard,d4,224,full,bce,0,2,False,True
resnet50_hard_d4_s224_full_bce_nfull_seed2,2,0.4,0.6,6995,0.14631442436412315,0.2923516797712652,0.7076483202287348,0.27619728377412434,0.04604726976365118,0.9838456040028591,0.9773937418191696,0.998203156256946,0.026604034221513938,0.01556687178067272,resnet50,gz2,hard,d4,224,full,bce,0,2,False,True
resnet50_hard_d4_s224_full_bce_nfull_seed2,3,0.6,0.8,13270,0.2775686077643909,0.16729464958553128,0.8327053504144687,0.16608892238131123,0.006519967400162999,0.9987942727957799,0.9967563491092903,0.9999916024621907,0.005334638346283409,0.0014162827992156382,resnet50,gz2,hard,d4,224,full,bce,0,2,False,True
resnet50_hard_d4_s224_full_bce_nfull_seed2,4,0.8,1.0,16733,0.35000418340026773,0.22769377876053307,0.7723062212394669,0.2276937787605331,0.0,1.0,1.0,1.0,0.0008070547980806633,0.00011505514848505311,resnet50,gz2,hard,d4,224,full,bce,0,2,False,True
resnet50_hard_d4_s224_full_bce_nfull_seed3,0,0.0,0.2,5107,0.10682312583668005,0.4315645192872528,0.5684354807127472,0.08556882710005875,0.6998019801980198,0.6540043078128059,0.652123827719369,0.7100103122559864,0.15173966229602678,0.24169101921034064,resnet50,gz2,hard,d4,224,full,bce,0,3,False,True
resnet50_hard_d4_s224_full_bce_nfull_seed3,1,0.2,0.4,5703,0.11928965863453815,0.38523584078555145,0.6147641592144486,0.27441697352270733,0.2502970297029703,0.8891811327371559,0.886331994492308,0.9564499092653702,0.009109539668030112,0.07990059778590829,resnet50,gz2,hard,d4,224,full,bce,0,3,False,True
resnet50_hard_d4_s224_full_bce_nfull_seed3,2,0.4,0.6,6995,0.14631442436412315,0.2923516797712652,0.7076483202287348,0.27605432451751255,0.04514851485148515,0.9837026447462474,0.9807364599540639,0.997954607196661,0.019756541113615578,0.014214558789687404,resnet50,gz2,hard,d4,224,full,bce,0,3,False,True
resnet50_hard_d4_s224_full_bce_nfull_seed3,3,0.6,0.8,13270,0.2775686077643909,0.16729464958553128,0.8327053504144687,0.16661642803315757,0.0035643564356435645,0.9993217784476263,0.9983329256858668,0.9999919081977905,0.003800206627900875,0.000962550937801195,resnet50,gz2,hard,d4,224,full,bce,0,3,False,True
resnet50_hard_d4_s224_full_bce_nfull_seed3,4,0.8,1.0,16733,0.35000418340026773,0.22769377876053307,0.7723062212394669,0.2275144923205642,0.001188118811881188,0.9998207135600311,0.9996988421019066,0.9999875092994788,0.00033276790623487206,0.00017171599276083984,resnet50,gz2,hard,d4,224,full,bce,0,3,False,True
resnet50_hard_d4_s224_full_bce_nfull_seed4,0,0.0,0.2,5107,0.10682312583668005,0.4315645192872528,0.5684354807127472,0.09379283336596833,0.7090012330456227,0.6622283140787155,0.6528027673981418,0.7168377665510302,0.1474764623765845,0.2361510384266473,resnet50,gz2,hard,d4,224,full,bce,0,4,False,True
resnet50_hard_d4_s224_full_bce_nfull_seed4,1,0.2,0.4,5703,0.11928965863453815,0.38523584078555145,0.6147641592144486,0.2831842889707171,0.23921085080147966,0.8979484481851657,0.8892990779055918,0.9595611632415825,0.013889637328869598,0.07576359054490975,resnet50,gz2,hard,d4,224,full,bce,0,4,False,True
resnet50_hard_d4_s224_full_bce_nfull_seed4,2,0.4,0.6,6995,0.14631442436412315,0.2923516797712652,0.7076483202287348,0.2771979985704074,0.04356761200164406,0.9848463187991422,0.9793922106147045,0.9980498876293497,0.018256757741211323,0.013358235584068238,resnet50,gz2,hard,d4,224,full,bce,0,4,False,True
resnet50_hard_d4_s224_full_bce_nfull_seed4,3,0.6,0.8,13270,0.2775686077643909,0.16729464958553128,0.8327053504144687,0.16593820648078372,0.007398273736128237,0.9986435568952524,0.9968458277281806,0.9999853043088337,0.003083289499049165,0.001298023504293251,resnet50,gz2,hard,d4,224,full,bce,0,4,False,True
resnet50_hard_d4_s224_full_bce_nfull_seed4,4,0.8,1.0,16733,0.35000418340026773,0.22769377876053307,0.7723062212394669,0.22757425446722046,0.0008220304151253596,0.9998804757066874,0.9998300756977072,0.9999974815498136,0.0003241476131340905,0.0001069573963802863,resnet50,gz2,hard,d4,224,full,bce,0,4,False,True
resnet50_hard_debiased_d4_s224_full_bce_nfull_seed0,0,0.0,0.2,5107,0.10682312583668005,0.4315645192872528,0.5684354807127472,-0.10887017818680239,0.18397546993734168,0.4595653025259448,0.5194949776593836,0.6162161397590452,0.46178025675599976,0.47247174832394645,resnet50,gz2,hard_debiased,d4,224,full,bce,0,0,False,True
resnet50_hard_debiased_d4_s224_full_bce_nfull_seed0,1,0.2,0.4,5703,0.11928965863453815,0.38523584078555145,0.6147641592144486,-0.149044362616167,0.2031062524996667,0.4657197965982816,0.5621453670293023,0.8046192222397341,0.43885592249829264,0.4407426149482762,resnet50,gz2,hard_debiased,d4,224,full,bce,0,0,False,True
resnet50_hard_debiased_d4_s224_full_bce_nfull_seed0,2,0.4,0.6,6995,0.14631442436412315,0.2923516797712652,0.7076483202287348,-0.21015010721944244,0.23430209305425942,0.49749821300929237,0.6429406534785508,0.9417894840828827,0.3640660919408162,0.3739591030355851,resnet50,gz2,hard_debiased,d4,224,full,bce,0,0,False,True
resnet50_hard_debiased_d4_s224_full_bce_nfull_seed0,3,0.6,0.8,13270,0.2775686077643909,0.16729464958553128,0.8327053504144687,-0.12599849284099474,0.2594320757232369,0.706706857573474,0.8228115445762505,0.9930786351962823,0.10999282533160895,0.19773299952453743,resnet50,gz2,hard_debiased,d4,224,full,bce,0,0,False,True
resnet50_hard_debiased_d4_s224_full_bce_nfull_seed0,4,0.8,1.0,16733,0.35000418340026773,0.22769377876053307,0.7723062212394669,0.12083906053905458,0.11918410878549526,0.8931452817785215,0.9306359310131502,0.9996514282151316,0.035217630618741044,0.0774157530133502,resnet50,gz2,hard_debiased,d4,224,full,bce,0,0,False,True
resnet50_hard_debiased_d4_s224_full_bce_nfull_seed1,0,0.0,0.2,5107,0.10682312583668005,0.4315645192872528,0.5684354807127472,-0.1100450362247895,0.18138894353728113,0.4583904444879577,0.5197725552076111,0.606815388424141,0.47097583272492927,0.4813526519660525,resnet50,gz2,hard_debiased,d4,224,full,bce,0,1,False,True
resnet50_hard_debiased_d4_s224_full_bce_nfull_seed1,1,0.2,0.4,5703,0.11928965863453815,0.38523584078555145,0.6147641592144486,-0.1476415921444854,0.19929175683651387,0.4671225670699632,0.5649007060138274,0.792750953499054,0.4471017702450756,0.4516012587399286,resnet50,gz2,hard_debiased,d4,224,full,bce,0,1,False,True
resnet50_hard_debiased_d4_s224_full_bce_nfull_seed1,2,0.4,0.6,6995,0.14631442436412315,0.2923516797712652,0.7076483202287348,-0.21758398856325945,0.23391697816250245,0.49006433166547536,0.6388360376379936,0.9353714158701933,0.38523540223726566,0.3928854905594124,resnet50,gz2,hard_debiased,d4,224,full,bce,0,1,False,True
resnet50_hard_debiased_d4_s224_full_bce_nfull_seed1,3,0.6,0.8,13270,0.2775686077643909,0.16729464958553128,0.8327053504144687,-0.1406179351921627,0.2679519968522526,0.692087415222306,0.8145731931026049,0.992469446822388,0.1366736893597859,0.21634164367112263,resnet50,gz2,hard_debiased,d4,224,full,bce,0,1,False,True
resnet50_hard_debiased_d4_s224_full_bce_nfull_seed1,4,0.8,1.0,16733,0.35000418340026773,0.22769377876053307,0.7723062212394669,0.12065977409908568,0.11745032461144993,0.8929659953385526,0.9306124017829815,0.9997329325747925,0.03335848948261319,0.08064264665202457,resnet50,gz2,hard_debiased,d4,224,full,bce,0,1,False,True
resnet50_hard_debiased_d4_s224_full_bce_nfull_seed2,0,0.0,0.2,5107,0.10682312583668005,0.4315645192872528,0.5684354807127472,-0.0998629332289015,0.19318100932450707,0.4685725474838457,0.5268715697447974,0.6023592216075366,0.4586033461324142,0.47305751539785684,resnet50,gz2,hard_debiased,d4,224,full,bce,0,2,False,True
resnet50_hard_debiased_d4_s224_full_bce_nfull_seed2,1,0.2,0.4,5703,0.11928965863453815,0.38523584078555145,0.6147641592144486,-0.12712607399614245,0.20798633354687165,0.48763808521830615,0.5809066244718398,0.7948289959263539,0.42610587940453193,0.4384362447653647,resnet50,gz2,hard_debiased,d4,224,full,bce,0,2,False,True
resnet50_hard_debiased_d4_s224_full_bce_nfull_seed2,2,0.4,0.6,6995,0.14631442436412315,0.2923516797712652,0.7076483202287348,-0.19085060757684058,0.24058651861342445,0.5167977126518942,0.6574379491738905,0.9415730903163666,0.3602059155630737,0.37736678097380566,resnet50,gz2,hard_debiased,d4,224,full,bce,0,2,False,True
resnet50_hard_debiased_d4_s224_full_bce_nfull_seed2,3,0.6,0.8,13270,0.2775686077643909,0.16729464958553128,0.8327053504144687,-0.10218538055764881,0.254537689515268,0.7305199698568199,0.8380100688924219,0.9942986832986833,0.10824968497664214,0.19584414453937268,resnet50,gz2,hard_debiased,d4,224,full,bce,0,2,False,True
resnet50_hard_debiased_d4_s224_full_bce_nfull_seed2,4,0.8,1.0,16733,0.35000418340026773,0.22769377876053307,0.7723062212394669,0.14062033108229244,0.10370844899992882,0.9129265523217593,0.943627640640718,0.9998934025338453,0.04021780308340551,0.07025514397611922,resnet50,gz2,hard_debiased,d4,224,full,bce,0,2,False,True
resnet50_soft_d4_photo_s224_full_bce_nfull_seed0,0,0.0,0.2,5107,0.10682312583668005,0.4315645192872528,0.5684354807127472,0.10906598785980026,0.7520547945205479,0.6775014685725474,0.6724097294681701,0.733349723328955,0.08596191345618293,0.21651103925066081,resnet50,gz2,soft,d4_photo,224,full,bce,0,0,False,True
resnet50_soft_d4_photo_s224_full_bce_nfull_seed0,1,0.2,0.4,5703,0.11928965863453815,0.38523584078555145,0.6147641592144486,0.3021216903384183,0.21643835616438356,0.9168858495528669,0.9116688187309303,0.9747165337995259,0.26304504634329423,0.13542085099543222,resnet50,gz2,soft,d4_photo,224,full,bce,0,0,False,True
resnet50_soft_d4_photo_s224_full_bce_nfull_seed0,2,0.4,0.6,6995,0.14631442436412315,0.2923516797712652,0.7076483202287348,0.284060042887777,0.026484018264840183,0.9917083631165118,0.9891193104640537,0.9993277024523969,0.24137179071644185,0.0707477657295765,resnet50,gz2,soft,d4_photo,224,full,bce,0,0,False,True
resnet50_soft_d4_photo_s224_full_bce_nfull_seed0,3,0.6,0.8,13270,0.2775686077643909,0.16729464958553128,0.8327053504144687,0.16661642803315757,0.00410958904109589,0.9993217784476263,0.9986928783987608,0.9999741551506257,0.14393430758792605,0.025456330397133055,resnet50,gz2,soft,d4_photo,224,full,bce,0,0,False,True
resnet50_soft_d4_photo_s224_full_bce_nfull_seed0,4,0.8,1.0,16733,0.35000418340026773,0.22769377876053307,0.7723062212394669,0.22757425446722046,0.0009132420091324201,0.9998804757066874,0.9998300756977072,0.9999999796899179,0.08490346815787272,0.008851704854205139,resnet50,gz2,soft,d4_photo,224,full,bce,0,0,False,True
resnet50_soft_d4_photo_s224_full_bce_nfull_seed1,0,0.0,0.2,5107,0.10682312583668005,0.4315645192872528,0.5684354807127472,0.11200313295476794,0.7552059231837113,0.6804386136675151,0.6746108912927549,0.7338912808765949,0.08888666571318722,0.21663312713915697,resnet50,gz2,soft,d4_photo,224,full,bce,0,1,False,True
resnet50_soft_d4_photo_s224_full_bce_nfull_seed1,1,0.2,0.4,5703,0.11928965863453815,0.38523584078555145,0.6147641592144486,0.30334911450113966,0.21610365571494677,0.9181132737155883,0.9132619002056686,0.9759393546299847,0.26414421155941653,0.13495538465691284,resnet50,gz2,soft,d4_photo,224,full,bce,0,1,False,True
resnet50_soft_d4_photo_s224_full_bce_nfull_seed1,2,0.4,0.6,6995,0.14631442436412315,0.2923516797712652,0.7076483202287348,0.28434596140100077,0.025913928736695974,0.9919942816297356,0.989751796695562,0.999399125731644,0.2417459748706663,0.07072396071874815,resnet50,gz2,soft,d4_photo,224,full,bce,0,1,False,True
resnet50_soft_d4_photo_s224_full_bce_nfull_seed1,3,0.6,0.8,13270,0.2775686077643909,0.16729464958553128,0.8327053504144687,0.16684250188394878,0.002776492364645997,0.9995478522984175,0.9991885777179894,0.9999974522033345,0.1438699175441566,0.025306284011865392,resnet50,gz2,soft,d4_photo,224,full,bce,0,1,False,True
resnet50_soft_d4_photo_s224_full_bce_nfull_seed1,4,0.8,1.0,16733,0.35000418340026773,0.22769377876053307,0.7723062212394669,0.2276937787605331,0.0,1.0,1.0,1.0000000000000002,0.08451978653902674,0.008785297944371521,resnet50,gz2,soft,d4_photo,224,full,bce,0,1,False,True
resnet50_soft_d4_photo_s224_full_bce_nfull_seed2,0,0.0,0.2,5107,0.10682312583668005,0.4315645192872528,0.5684354807127472,0.10652046211082833,0.761118752865658,0.6749559428235755,0.6683680534499326,0.7299502579783228,0.08221876487319707,0.2166023503566375,resnet50,gz2,soft,d4_photo,224,full,bce,0,2,False,True
resnet50_soft_d4_photo_s224_full_bce_nfull_seed2,1,0.2,0.4,5703,0.11928965863453815,0.38523584078555145,0.6147641592144486,0.30492723128178145,0.2099954149472719,0.91969139049623,0.9142055325664489,0.9748601201503581,0.26444749729964223,0.13467091244066726,resnet50,gz2,soft,d4_photo,224,full,bce,0,2,False,True
resnet50_soft_d4_photo_s224_full_bce_nfull_seed2,2,0.4,0.6,6995,0.14631442436412315,0.2923516797712652,0.7076483202287348,0.28420300214438887,0.026134800550206328,0.9918513223731237,0.9892203205650638,0.9992515373786767,0.23843119198388504,0.06927136036527996,resnet50,gz2,soft,d4_photo,224,full,bce,0,2,False,True
resnet50_soft_d4_photo_s224_full_bce_nfull_seed2,3,0.6,0.8,13270,0.2775686077643909,0.16729464958553128,0.8327053504144687,0.16684250188394878,0.002751031636863824,0.9995478522984175,0.9993685540744364,0.9999945375239493,0.1418363288381806,0.0246733484022829,resnet50,gz2,soft,d4_photo,224,full,bce,0,2,False,True
resnet50_soft_d4_photo_s224_full_bce_nfull_seed2,4,0.8,1.0,16733,0.35000418340026773,0.22769377876053307,0.7723062212394669,0.2276937787605331,0.0,1.0,1.0,1.0,0.08349533530745513,0.00856528438067529,resnet50,gz2,soft,d4_photo,224,full,bce,0,2,False,True
resnet50_soft_d4_s112_full_bce_nfull_seed0,0,0.0,0.2,5107,0.10682312583668005,0.4315645192872528,0.5684354807127472,0.10123360093988643,0.7379702537182852,0.6696690816526336,0.6674321669866519,0.7271679963089688,0.07500526927876945,0.21777259648472383,resnet50,gz2,soft,d4,112,full,bce,0,0,False,True
resnet50_soft_d4_s112_full_bce_nfull_seed0,1,0.2,0.4,5703,0.11928965863453815,0.38523584078555145,0.6147641592144486,0.29773803261441345,0.21828521434820647,0.912502191828862,0.9109924958605327,0.9691860575316493,0.25826207441121846,0.13723971246874897,resnet50,gz2,soft,d4,112,full,bce,0,0,False,True
resnet50_soft_d4_s112_full_bce_nfull_seed0,2,0.4,0.6,6995,0.14631442436412315,0.2923516797712652,0.7076483202287348,0.2794853466761973,0.03937007874015748,0.9871336669049321,0.9838781457607864,0.998643945568151,0.23891061969937555,0.07286620658484831,resnet50,gz2,soft,d4,112,full,bce,0,0,False,True
resnet50_soft_d4_s112_full_bce_nfull_seed0,3,0.6,0.8,13270,0.2775686077643909,0.16729464958553128,0.8327053504144687,0.16654107008289376,0.004374453193350831,0.9992464204973625,0.9981077004606417,0.9999924585218704,0.1449525635403152,0.026160221035654217,resnet50,gz2,soft,d4,112,full,bce,0,0,False,True
resnet50_soft_d4_s112_full_bce_nfull_seed0,4,0.8,1.0,16733,0.35000418340026773,0.22769377876053307,0.7723062212394669,0.2276937787605331,0.0,1.0,1.0,1.0,0.08493246210172756,0.00899477425542382,resnet50,gz2,soft,d4,112,full,bce,0,0,False,True
resnet50_soft_d4_s112_full_bce_nfull_seed1,0,0.0,0.2,5107,0.10682312583668005,0.4315645192872528,0.5684354807127472,0.11200313295476794,0.7246891651865008,0.6804386136675151,0.677560621623666,0.7309027115700448,0.08391323732476612,0.2169076767583344,resnet50,gz2,soft,d4,112,full,bce,0,1,False,True
resnet50_soft_d4_s112_full_bce_nfull_seed1,1,0.2,0.4,5703,0.11928965863453815,0.38523584078555145,0.6147641592144486,0.29423110643520944,0.23046181172291297,0.908995265649658,0.9065258049079528,0.9688550040102913,0.2517263540913509,0.13564703903059658,resnet50,gz2,soft,d4,112,full,bce,0,1,False,True
resnet50_soft_d4_s112_full_bce_nfull_seed1,2,0.4,0.6,6995,0.14631442436412315,0.2923516797712652,0.7076483202287348,0.2793423874195854,0.040408525754884544,0.9869907076483202,0.9837771356597762,0.9983238744412338,0.23553678875654568,0.07150251094257319,resnet50,gz2,soft,d4,112,full,bce,0,1,False,True
resnet50_soft_d4_s112_full_bce_nfull_seed1,3,0.6,0.8,13270,0.2775686077643909,0.16729464958553128,0.8327053504144687,0.16654107008289376,0.004440497335701598,0.9992464204973625,0.9981077004606417,0.9999940483469895,0.14321102054274526,0.025469802613038703,resnet50,gz2,soft,d4,112,full,bce,0,1,False,True
resnet50_soft_d4_s112_full_bce_nfull_seed1,4,0.8,1.0,16733,0.35000418340026773,0.22769377876053307,0.7723062212394669,0.2276937787605331,0.0,1.0,1.0,1.0,0.08390487872508483,0.008772246246457654,resnet50,gz2,soft,d4,112,full,bce,0,1,False,True
resnet50_soft_d4_s160_full_bce_nfull_seed0,0,0.0,0.2,5107,0.10682312583668005,0.4315645192872528,0.5684354807127472,0.10475817505384766,0.7278674225904928,0.6731936557665948,0.6705870327522752,0.7264222410886042,0.07858528341971804,0.21777322290494083,resnet50,gz2,soft,d4,160,full,bce,0,0,False,True
resnet50_soft_d4_s160_full_bce_nfull_seed0,1,0.2,0.4,5703,0.11928965863453815,0.38523584078555145,0.6147641592144486,0.29089952656496576,0.23462712603576102,0.9056636857794144,0.9035612530804206,0.9672801629354555,0.2509942626848088,0.13739946923870186,resnet50,gz2,soft,d4,160,full,bce,0,0,False,True
resnet50_soft_d4_s160_full_bce_nfull_seed0,2,0.4,0.6,6995,0.14631442436412315,0.2923516797712652,0.7076483202287348,0.2813438170121515,0.033580462276493674,0.9889921372408863,0.9857652317799017,0.9988518930132623,0.2395842102338281,0.07197060560287362,resnet50,gz2,soft,d4,160,full,bce,0,0,False,True
resnet50_soft_d4_s160_full_bce_nfull_seed0,3,0.6,0.8,13270,0.2775686077643909,0.16729464958553128,0.8327053504144687,0.16669178598342127,0.0034888791975577847,0.99939713639789,0.9987381272675391,0.9999912967265909,0.14377925835210148,0.02568671867993113,resnet50,gz2,soft,d4,160,full,bce,0,0,False,True
resnet50_soft_d4_s160_full_bce_nfull_seed0,4,0.8,1.0,16733,0.35000418340026773,0.22769377876053307,0.7723062212394669,0.22763401661387683,0.0004361098996947231,0.9999402378533437,0.9998687664041994,0.9999992586820017,0.0838956320951643,0.008774855377344322,resnet50,gz2,soft,d4,160,full,bce,0,0,False,True
resnet50_soft_d4_s160_full_bce_nfull_seed1,0,0.0,0.2,5107,0.10682312583668005,0.4315645192872528,0.5684354807127472,0.10025455257489724,0.7408056042031523,0.6686900332876444,0.6645498773719909,0.7229408778577515,0.07350851278821388,0.2178531714934339,resnet50,gz2,soft,d4,160,full,bce,0,1,False,True
resnet50_soft_d4_s160_full_bce_nfull_seed1,1,0.2,0.4,5703,0.11928965863453815,0.38523584078555145,0.6147641592144486,0.2966859547606522,0.22110332749562173,0.9114501139751008,0.9075877077620497,0.9711038311071389,0.2552442734043012,0.13527927220964825,resnet50,gz2,soft,d4,160,full,bce,0,1,False,True
resnet50_soft_d4_s160_full_bce_nfull_seed1,2,0.4,0.6,6995,0.14631442436412315,0.2923516797712652,0.7076483202287348,0.2809149392423159,0.03502626970227671,0.9885632594710507,0.9847447580943913,0.9989030154849226,0.23582000892670607,0.07021786819759733,resnet50,gz2,soft,d4,160,full,bce,0,1,False,True
resnet50_soft_d4_s160_full_bce_nfull_seed1,3,0.6,0.8,13270,0.2775686077643909,0.16729464958553128,0.8327053504144687,0.16684250188394878,0.002626970227670753,0.9995478522984175,0.9991885777179894,0.9999969222616281,0.1417782681652351,0.02482050657382461,resnet50,gz2,soft,d4,160,full,bce,0,1,False,True
resnet50_soft_d4_s160_full_bce_nfull_seed1,4,0.8,1.0,16733,0.35000418340026773,0.22769377876053307,0.7723062212394669,0.22763401661387683,0.00043782837127845885,0.9999402378533437,0.9998687664041994,0.9999999187596714,0.08309539608383074,0.00858156291648978,resnet50,gz2,soft,d4,160,full,bce,0,1,False,True
resnet50_soft_d4_s224_frozen_bce_nfull_seed0,0,0.0,0.2,5107,0.10682312583668005,0.4315645192872528,0.5684354807127472,-0.0029371450949676747,0.31170108161258603,0.5654983356177795,0.5511124826748472,0.5773547359793643,0.09269912934577412,0.25448478912771644,resnet50,gz2,soft,d4,224,frozen,bce,0,0,False,True
resnet50_soft_d4_s224_frozen_bce_nfull_seed0,1,0.2,0.4,5703,0.11928965863453815,0.38523584078555145,0.6147641592144486,0.059617745046466664,0.2608512431521281,0.6743819042609153,0.643995039649826,0.703179749598906,0.01426791463373222,0.20958219928603455,resnet50,gz2,soft,d4,224,frozen,bce,0,0,False,True
resnet50_soft_d4_s224_frozen_bce_nfull_seed0,2,0.4,0.6,6995,0.14631442436412315,0.2923516797712652,0.7076483202287348,0.09992852037169409,0.18907149880601207,0.8075768406004289,0.7535541231384753,0.8505098416932158,0.10436563148503437,0.1483977561633951,resnet50,gz2,soft,d4,224,frozen,bce,0,0,False,True
resnet50_soft_d4_s224_frozen_bce_nfull_seed0,3,0.6,0.8,13270,0.2775686077643909,0.16729464958553128,0.8327053504144687,0.08794272795779956,0.14791403286978508,0.9206480783722683,0.8269094207329502,0.9488993722229015,0.14454287396310161,0.08198456535475344,resnet50,gz2,soft,d4,224,frozen,bce,0,0,False,True
resnet50_soft_d4_s224_frozen_bce_nfull_seed0,4,0.8,1.0,16733,0.35000418340026773,0.22769377876053307,0.7723062212394669,0.18920695631387086,0.09046214355948869,0.9615131775533378,0.9268683396893735,0.990516349311478,0.1413187220152016,0.05283604369844527,resnet50,gz2,soft,d4,224,frozen,bce,0,0,False,True
resnet50_soft_d4_s224_frozen_bce_nfull_seed1,0,0.0,0.2,5107,0.10682312583668005,0.4315645192872528,0.5684354807127472,0.0003916193459957418,0.31079745942131265,0.5688271000587429,0.5516916288488096,0.5728546506430234,0.08896665900762568,0.25488706959211566,resnet50,gz2,soft,d4,224,frozen,bce,0,1,False,True
resnet50_soft_d4_s224_frozen_bce_nfull_seed1,1,0.2,0.4,5703,0.11928965863453815,0.38523584078555145,0.6147641592144486,0.056987550412063714,0.26422018348623855,0.6717517096265123,0.6379472111142587,0.6982588012850589,0.012127996856249079,0.21069437760465218,resnet50,gz2,soft,d4,224,frozen,bce,0,1,False,True
resnet50_soft_d4_s224_frozen_bce_nfull_seed1,2,0.4,0.6,6995,0.14631442436412315,0.2923516797712652,0.7076483202287348,0.10007147962830598,0.1898376852505293,0.8077197998570408,0.7487765182386209,0.84944649428268,0.1024900602494993,0.14772065126064268,resnet50,gz2,soft,d4,224,frozen,bce,0,1,False,True
resnet50_soft_d4_s224_frozen_bce_nfull_seed1,3,0.6,0.8,13270,0.2775686077643909,0.16729464958553128,0.8327053504144687,0.0919366993217785,0.14114326040931546,0.9246420497362472,0.8280477762830705,0.9490292283233459,0.14490211311890583,0.08073119703582948,resnet50,gz2,soft,d4,224,frozen,bce,0,1,False,True
resnet50_soft_d4_s224_frozen_bce_nfull_seed1,4,0.8,1.0,16733,0.35000418340026773,0.22769377876053307,0.7723062212394669,0.187892189087432,0.0940014114326041,0.9601984103268989,0.923148314577988,0.9904717077509163,0.1373269087298668,0.052183918278199494,resnet50,gz2,soft,d4,224,frozen,bce,0,1,False,True
resnet50_soft_d4_s224_full_bce_n10000_seed0,0,0.0,0.2,5107,0.10682312583668005,0.4315645192872528,0.5684354807127472,0.0583512825533582,0.584841976066278,0.6267867632661054,0.6184052669714601,0.6605938502819225,0.01737614797651828,0.22861611176444527,resnet50,gz2,soft,d4,224,full,bce,10000,0,False,True
resnet50_soft_d4_s224_full_bce_n10000_seed0,1,0.2,0.4,5703,0.11928965863453815,0.38523584078555145,0.6147641592144486,0.22058565667192698,0.2881251917766186,0.8353498158863756,0.8253858850722384,0.9054467651656917,0.16813967842820987,0.1501250708676854,resnet50,gz2,soft,d4,224,full,bce,10000,0,False,True
resnet50_soft_d4_s224_full_bce_n10000_seed0,2,0.4,0.6,6995,0.14631442436412315,0.2923516797712652,0.7076483202287348,0.25017869907076484,0.09051856397667997,0.9578270192994996,0.9452349904917141,0.9868499666592576,0.2106986811324645,0.08231361837591447,resnet50,gz2,soft,d4,224,full,bce,10000,0,False,True
resnet50_soft_d4_s224_full_bce_n10000_seed0,3,0.6,0.8,13270,0.2775686077643909,0.16729464958553128,0.8327053504144687,0.15975885455915606,0.03068425897514575,0.9924642049736248,0.9817969100322042,0.9995731727202315,0.14379365330936772,0.031107338450522503,resnet50,gz2,soft,d4,224,full,bce,10000,0,False,True
resnet50_soft_d4_s224_full_bce_n10000_seed0,4,0.8,1.0,16733,0.35000418340026773,0.22769377876053307,0.7723062212394669,0.22655829797406324,0.005830009205277692,0.9988645192135301,0.9975991045690982,0.999978481467964,0.09177267139314801,0.01175200702969908,resnet50,gz2,soft,d4,224,full,bce,10000,0,False,True
resnet50_soft_d4_s224_full_bce_n10000_seed1,0,0.0,0.2,5107,0.10682312583668005,0.4315645192872528,0.5684354807127472,0.06618366947327203,0.5901328273244781,0.6346191501860192,0.6321227711741968,0.6758434231313373,0.021782291988547295,0.22679844644641056,resnet50,gz2,soft,d4,224,full,bce,10000,1,False,True
resnet50_soft_d4_s224_full_bce_n10000_seed1,1,0.2,0.4,5703,0.11928965863453815,0.38523584078555145,0.6147641592144486,0.2261967385586533,0.2868437697659709,0.8409608977731019,0.8362373002027086,0.9098091418028162,0.1797673576208514,0.15159033507567182,resnet50,gz2,soft,d4,224,full,bce,10000,1,False,True
resnet50_soft_d4_s224_full_bce_n10000_seed1,2,0.4,0.6,6995,0.14631442436412315,0.2923516797712652,0.7076483202287348,0.2504646175839885,0.09266287160025301,0.9581129378127233,0.9484502729001507,0.9876366599985182,0.21670289528559492,0.08477928110111559,resnet50,gz2,soft,d4,224,full,bce,10000,1,False,True
resnet50_soft_d4_s224_full_bce_n10000_seed1,3,0.6,0.8,13270,0.2775686077643909,0.16729464958553128,0.8327053504144687,0.16081386586284852,0.02719797596457938,0.9935192162773172,0.9845901104724635,0.9995777383718559,0.14807356806442468,0.03199671600359318,resnet50,gz2,soft,d4,224,full,bce,10000,1,False,True
resnet50_soft_d4_s224_full_bce_n10000_seed1,4,0.8,1.0,16733,0.35000418340026773,0.22769377876053307,0.7723062212394669,0.22709615729397004,0.0031625553447185324,0.9994023785334369,0.998780206931303,0.9999307629299569,0.09410762894863697,0.012127353463085612,resnet50,gz2,soft,d4,224,full,bce,10000,1,False,True
resnet50_soft_d4_s224_full_bce_n2000_seed0,0,0.0,0.2,5107,0.10682312583668005,0.4315645192872528,0.5684354807127472,0.027609163892696298,0.4470205850487541,0.5960446446054435,0.588906166285206,0.6185034975396252,0.053481101537488425,0.24302499242993428,resnet50,gz2,soft,d4,224,full,bce,2000,0,False,True
resnet50_soft_d4_s224_full_bce_n2000_seed0,1,0.2,0.4,5703,0.11928965863453815,0.38523584078555145,0.6147641592144486,0.14395931965632114,0.2981581798483207,0.7587234788707697,0.7432660468133048,0.812107458155484,0.08240954433235496,0.17649433899584274,resnet50,gz2,soft,d4,224,full,bce,2000,0,False,True
resnet50_soft_d4_s224_full_bce_n2000_seed0,2,0.4,0.6,6995,0.14631442436412315,0.2923516797712652,0.7076483202287348,0.1885632594710508,0.15731310942578547,0.8962115796997856,0.8702756168037342,0.9450615692376083,0.16288951196846913,0.10688320747078638,resnet50,gz2,soft,d4,224,full,bce,2000,0,False,True
resnet50_soft_d4_s224_full_bce_n2000_seed0,3,0.6,0.8,13270,0.2775686077643909,0.16729464958553128,0.8327053504144687,0.1418990203466466,0.07302275189599133,0.9746043707611153,0.9413768293180058,0.9931415759651053,0.1481456144359847,0.045543393345136664,resnet50,gz2,soft,d4,224,full,bce,2000,0,False,True
resnet50_soft_d4_s224_full_bce_n2000_seed0,4,0.8,1.0,16733,0.35000418340026773,0.22769377876053307,0.7723062212394669,0.22094065618837033,0.02448537378114843,0.9932468774278372,0.986558747014164,0.9993189420153248,0.11121014908108848,0.02106378076451563,resnet50,gz2,soft,d4,224,full,bce,2000,0,False,True
resnet50_soft_d4_s224_full_bce_n2000_seed1,0,0.0,0.2,5107,0.10682312583668005,0.4315645192872528,0.5684354807127472,0.034070883101625205,0.42247658688865763,0.6025063638143724,0.58885435493541,0.614994626623813,0.05180075480682012,0.2415922447903614,resnet50,gz2,soft,d4,224,full,bce,2000,1,False,True
resnet50_soft_d4_s224_full_bce_n2000_seed1,1,0.2,0.4,5703,0.11928965863453815,0.38523584078555145,0.6147641592144486,0.14010170085919682,0.29094693028095736,0.7548658600736454,0.7318014686313157,0.8057487638721161,0.08820569376811824,0.17850212801967136,resnet50,gz2,soft,d4,224,full,bce,2000,1,False,True
resnet50_soft_d4_s224_full_bce_n2000_seed1,2,0.4,0.6,6995,0.14631442436412315,0.2923516797712652,0.7076483202287348,0.18041458184417436,0.16295525494276794,0.8880629020729092,0.8504561507495493,0.9377096144822307,0.16115598516502788,0.11197204235690071,resnet50,gz2,soft,d4,224,full,bce,2000,1,False,True
resnet50_soft_d4_s224_full_bce_n2000_seed1,3,0.6,0.8,13270,0.2775686077643909,0.16729464958553128,0.8327053504144687,0.13519216277317259,0.0886576482830385,0.9678975131876413,0.9207918552036198,0.989379866291631,0.14789550839709267,0.050621933968191944,resnet50,gz2,soft,d4,224,full,bce,2000,1,False,True
resnet50_soft_d4_s224_full_bce_n2000_seed1,4,0.8,1.0,16733,0.35000418340026773,0.22769377876053307,0.7723062212394669,0.2176537381222734,0.03496357960457856,0.9899599593617403,0.9790632705772105,0.999354484659084,0.11271003743082947,0.02361172092224118,resnet50,gz2,soft,d4,224,full,bce,2000,1,False,True
resnet50_soft_d4_s224_full_bce_n25000_seed0,0,0.0,0.2,5107,0.10682312583668005,0.4315645192872528,0.5684354807127472,0.0796945369101234,0.6584829607914987,0.6481300176228706,0.6425321636732262,0.6926602307019525,0.041663836176460266,0.2224190892147891,resnet50,gz2,soft,d4,224,full,bce,25000,0,False,True
resnet50_soft_d4_s224_full_bce_n25000_seed0,1,0.2,0.4,5703,0.11928965863453815,0.38523584078555145,0.6147641592144486,0.259863229879011,0.26200073286918285,0.8746273890934596,0.866337984613671,0.9373905738287003,0.21260884120817375,0.14248528651078407,resnet50,gz2,soft,d4,224,full,bce,25000,0,False,True
resnet50_soft_d4_s224_full_bce_n25000_seed0,2,0.4,0.6,6995,0.14631442436412315,0.2923516797712652,0.7076483202287348,0.26704789135096496,0.06485892268230121,0.9746962115796998,0.967054901089131,0.9951564051270653,0.22598252625785784,0.07610326310898162,resnet50,gz2,soft,d4,224,full,bce,25000,0,False,True
resnet50_soft_d4_s224_full_bce_n25000_seed0,3,0.6,0.8,13270,0.2775686077643909,0.16729464958553128,0.8327053504144687,0.16480783722682746,0.012092341517039208,0.9975131876412962,0.9940073784191431,0.9999379152908564,0.145044531779309,0.02802276450854693,resnet50,gz2,soft,d4,224,full,bce,25000,0,False,True
resnet50_soft_d4_s224_full_bce_n25000_seed0,4,0.8,1.0,16733,0.35000418340026773,0.22769377876053307,0.7723062212394669,0.22727544373393893,0.002565042139978014,0.9995816649734058,0.9991739077187045,0.9999938765102323,0.08718781462844769,0.009941870348655403,resnet50,gz2,soft,d4,224,full,bce,25000,0,False,True
resnet50_soft_d4_s224_full_bce_n25000_seed1,0,0.0,0.2,5107,0.10682312583668005,0.4315645192872528,0.5684354807127472,0.07147053064421383,0.6650994575045208,0.639906011356961,0.6341511503526298,0.6919712100818165,0.032301228819515276,0.221934237690933,resnet50,gz2,soft,d4,224,full,bce,25000,1,False,True
resnet50_soft_d4_s224_full_bce_n25000_seed1,1,0.2,0.4,5703,0.11928965863453815,0.38523584078555145,0.6147641592144486,0.25863580571628964,0.26112115732368896,0.8733999649307382,0.8664443112152365,0.9393551492843661,0.21285654385868924,0.14253279576510208,resnet50,gz2,soft,d4,224,full,bce,25000,1,False,True
resnet50_soft_d4_s224_full_bce_n25000_seed1,2,0.4,0.6,6995,0.14631442436412315,0.2923516797712652,0.7076483202287348,0.268048606147248,0.06148282097649186,0.9756969263759828,0.9686229038551777,0.99463130078289,0.22677793779634764,0.07611149656659101,resnet50,gz2,soft,d4,224,full,bce,25000,1,False,True
resnet50_soft_d4_s224_full_bce_n25000_seed1,3,0.6,0.8,13270,0.2775686077643909,0.16729464958553128,0.8327053504144687,0.16495855312735497,0.011211573236889693,0.9976639035418237,0.9942778525131466,0.9999335534629653,0.14589551305854534,0.028077617482650037,resnet50,gz2,soft,d4,224,full,bce,25000,1,False,True
resnet50_soft_d4_s224_full_bce_n25000_seed1,4,0.8,1.0,16733,0.35000418340026773,0.22769377876053307,0.7723062212394669,0.2275144923205642,0.00108499095840868,0.9998207135600311,0.9996062992125985,0.9999944553475735,0.08792576531173917,0.010096637380192564,resnet50,gz2,soft,d4,224,full,bce,25000,1,False,True
resnet50_soft_d4_s224_full_bce_n50000_seed0,0,0.0,0.2,5107,0.10682312583668005,0.4315645192872528,0.5684354807127472,0.0849813980810652,0.6990521327014217,0.6534168787938124,0.6533004845728776,0.7117656464024638,0.04970475594364128,0.21955108854104152,resnet50,gz2,soft,d4,224,full,bce,50000,0,False,True
resnet50_soft_d4_s224_full_bce_n50000_seed0,1,0.2,0.4,5703,0.11928965863453815,0.38523584078555145,0.6147641592144486,0.27459231983166743,0.24921011058451817,0.889356479046116,0.8876641928097253,0.9558399918366096,0.23051101103419797,0.13897878012712703,resnet50,gz2,soft,d4,224,full,bce,50000,0,False,True
resnet50_soft_d4_s224_full_bce_n50000_seed0,2,0.4,0.6,6995,0.14631442436412315,0.2923516797712652,0.7076483202287348,0.27605432451751255,0.045023696682464455,0.9837026447462474,0.981310414660048,0.9972570200785359,0.23250252563264048,0.07296292923789505,resnet50,gz2,soft,d4,224,full,bce,50000,0,False,True
resnet50_soft_d4_s224_full_bce_n50000_seed0,3,0.6,0.8,13270,0.2775686077643909,0.16729464958553128,0.8327053504144687,0.16608892238131123,0.00631911532385466,0.9987942727957799,0.9967563491092903,0.9999822469528351,0.14364738104066277,0.026294048295152053,resnet50,gz2,soft,d4,224,full,bce,50000,0,False,True
resnet50_soft_d4_s224_full_bce_n50000_seed0,4,0.8,1.0,16733,0.35000418340026773,0.22769377876053307,0.7723062212394669,0.22763401661387683,0.00039494470774091627,0.9999402378533437,0.9998687664041994,0.9999996141084393,0.0849996733482597,0.009132357597245365,resnet50,gz2,soft,d4,224,full,bce,50000,0,False,True
resnet50_soft_d4_s224_full_bce_n50000_seed1,0,0.0,0.2,5107,0.10682312583668005,0.4315645192872528,0.5684354807127472,0.08361073037008027,0.7004335829720142,0.6520462110828275,0.652313333787627,0.706267391577522,0.05918441063064127,0.22189134499548252,resnet50,gz2,soft,d4,224,full,bce,50000,1,False,True
resnet50_soft_d4_s224_full_bce_n50000_seed1,1,0.2,0.4,5703,0.11928965863453815,0.38523584078555145,0.6147641592144486,0.2770471681571103,0.24320063066614112,0.8918113273715589,0.8897457405096043,0.9544754671165186,0.24131055971548446,0.14353998579478577,resnet50,gz2,soft,d4,224,full,bce,50000,1,False,True
resnet50_soft_d4_s224_full_bce_n50000_seed1,2,0.4,0.6,6995,0.14631442436412315,0.2923516797712652,0.7076483202287348,0.2747676912080057,0.048482459597950334,0.9824160114367405,0.9786794596330048,0.997114222913734,0.24209549738902378,0.07838865658747762,resnet50,gz2,soft,d4,224,full,bce,50000,1,False,True
resnet50_soft_d4_s224_full_bce_n50000_seed1,3,0.6,0.8,13270,0.2775686077643909,0.16729464958553128,0.8327053504144687,0.16593820648078372,0.007094994087504927,0.9986435568952524,0.9973857567975215,0.9999797195385431,0.15159324965163917,0.028985926675320652,resnet50,gz2,soft,d4,224,full,bce,50000,1,False,True
resnet50_soft_d4_s224_full_bce_n50000_seed1,4,0.8,1.0,16733,0.35000418340026773,0.22769377876053307,0.7723062212394669,0.22757425446722046,0.0007883326763894363,0.9998804757066874,0.9997375328083989,0.9999961004642275,0.09152065856313349,0.0105284809931148,resnet50,gz2,soft,d4,224,full,bce,50000,1,False,True
resnet50_soft_d4_s224_full_bce_n5000_seed0,0,0.0,0.2,5107,0.10682312583668005,0.4315645192872528,0.5684354807127472,0.03798707656158218,0.5296442687747036,0.6064225572743294,0.6070477189564835,0.6468750957298696,0.026804787613231205,0.2353439647863822,resnet50,gz2,soft,d4,224,full,bce,5000,0,False,True
resnet50_soft_d4_s224_full_bce_n5000_seed0,1,0.2,0.4,5703,0.11928965863453815,0.38523584078555145,0.6147641592144486,0.19007539891285286,0.2932806324110672,0.8048395581273015,0.8014209855735963,0.8766979475460626,0.13979601316192478,0.1612934732867946,resnet50,gz2,soft,d4,224,full,bce,5000,0,False,True
resnet50_soft_d4_s224_full_bce_n5000_seed0,2,0.4,0.6,6995,0.14631442436412315,0.2923516797712652,0.7076483202287348,0.2253037884203002,0.1235836627140975,0.932952108649035,0.9213457311501321,0.9748112913980885,0.19731839626196712,0.09439152800264021,resnet50,gz2,soft,d4,224,full,bce,5000,0,False,True
resnet50_soft_d4_s224_full_bce_n5000_seed0,3,0.6,0.8,13270,0.2775686077643909,0.16729464958553128,0.8327053504144687,0.15508666164280338,0.042687747035573126,0.9877920120572721,0.9750320003261179,0.9984859361624068,0.1495130838875426,0.03673450077101462,resnet50,gz2,soft,d4,224,full,bce,5000,0,False,True
resnet50_soft_d4_s224_full_bce_n5000_seed0,4,0.8,1.0,16733,0.35000418340026773,0.22769377876053307,0.7723062212394669,0.2252435307476245,0.01080368906455863,0.9975497519870914,0.9953597656866442,0.9998920519133824,0.09878116498501402,0.014340488645815328,resnet50,gz2,soft,d4,224,full,bce,5000,0,False,True
resnet50_soft_d4_s224_full_bce_n5000_seed1,0,0.0,0.2,5107,0.10682312583668005,0.4315645192872528,0.5684354807127472,0.04288231838652834,0.532028946663093,0.6113177990992755,0.6037061604085641,0.6481605329738995,0.02263709470492551,0.23288728820469576,resnet50,gz2,soft,d4,224,full,bce,5000,1,False,True
resnet50_soft_d4_s224_full_bce_n5000_seed1,1,0.2,0.4,5703,0.11928965863453815,0.38523584078555145,0.6147641592144486,0.19428371032789749,0.29187885285446263,0.8090478695423461,0.7959217971091108,0.8737503378693291,0.1406143153487706,0.15932093746238513,resnet50,gz2,soft,d4,224,full,bce,5000,1,False,True
resnet50_soft_d4_s224_full_bce_n5000_seed1,2,0.4,0.6,6995,0.14631442436412315,0.2923516797712652,0.7076483202287348,0.22773409578270198,0.12114714553738944,0.9353824160114368,0.9158884690425033,0.975131411918698,0.1977633602198232,0.09259889472579583,resnet50,gz2,soft,d4,224,full,bce,5000,1,False,True
resnet50_soft_d4_s224_full_bce_n5000_seed1,3,0.6,0.8,13270,0.2775686077643909,0.16729464958553128,0.8327053504144687,0.15448379804069334,0.04556419190565532,0.987189148455162,0.9701706004647181,0.998336594513065,0.14769010696989662,0.03639728241895565,resnet50,gz2,soft,d4,224,full,bce,5000,1,False,True
resnet50_soft_d4_s224_full_bce_n5000_seed1,4,0.8,1.0,16733,0.35000418340026773,0.22769377876053307,0.7723062212394669,0.22560210362756228,0.009380863039399626,0.9979083248670292,0.9955919099255981,0.9999649752633354,0.09989339524279725,0.014528235591690147,resnet50,gz2,soft,d4,224,full,bce,5000,1,False,True
resnet50_soft_d4_s224_full_bce_nfull_seed0,0,0.0,0.2,5107,0.10682312583668005,0.4315645192872528,0.5684354807127472,0.10358331701586065,0.7461024498886414,0.6720187977286078,0.6644189032811041,0.7281771063540876,0.07833109969655806,0.21658641710776236,resnet50,gz2,soft,d4,224,full,bce,0,0,False,True
resnet50_soft_d4_s224_full_bce_nfull_seed0,1,0.2,0.4,5703,0.11928965863453815,0.38523584078555145,0.6147641592144486,0.2991408030860949,0.21870824053452115,0.9139049623005435,0.9073750545589185,0.9705279927173418,0.2601261603483166,0.13671987452321413,resnet50,gz2,soft,d4,224,full,bce,0,0,False,True
resnet50_soft_d4_s224_full_bce_nfull_seed0,2,0.4,0.6,6995,0.14631442436412315,0.2923516797712652,0.7076483202287348,0.28277340957827024,0.029844097995545656,0.990421729807005,0.9866318441135067,0.9991191622829765,0.23978042869939814,0.07101002804883752,resnet50,gz2,soft,d4,224,full,bce,0,0,False,True
resnet50_soft_d4_s224_full_bce_nfull_seed0,3,0.6,0.8,13270,0.2775686077643909,0.16729464958553128,0.8327053504144687,0.16654107008289376,0.004454342984409799,0.9992464204973625,0.9982876768170885,0.999997982145041,0.1433393292404155,0.025530393936406236,resnet50,gz2,soft,d4,224,full,bce,0,0,False,True
resnet50_soft_d4_s224_full_bce_nfull_seed0,4,0.8,1.0,16733,0.35000418340026773,0.22769377876053307,0.7723062212394669,0.22757425446722046,0.0008908685968819599,0.9998804757066874,0.9997375328083989,0.9999974206195672,0.08268825889216129,0.008608632524229136,resnet50,gz2,soft,d4,224,full,bce,0,0,False,True
resnet50_soft_d4_s224_full_bce_nfull_seed0_scratch,0,0.0,0.2,5107,0.10682312583668005,0.4315645192872528,0.5684354807127472,0.09947131388290587,0.7069612338474365,0.667906794595653,0.6633146885411112,0.7171626229327819,0.06867969793998634,0.218245059575111,resnet50,gz2,soft,d4,224,full,bce,0,0,False,False
resnet50_soft_d4_s224_full_bce_nfull_seed0_scratch,1,0.2,0.4,5703,0.11928965863453815,0.38523584078555145,0.6147641592144486,0.28371032789759765,0.2413505627344727,0.8984744871120462,0.8938054952807346,0.9611909851659461,0.24350189415249057,0.1390631887355665,resnet50,gz2,soft,d4,224,full,bce,0,0,False,False
resnet50_soft_d4_s224_full_bce_nfull_seed0_scratch,2,0.4,0.6,6995,0.14631442436412315,0.2923516797712652,0.7076483202287348,0.2769120800571837,0.045018757815756566,0.9845604002859185,0.9800511224716604,0.9984591143710948,0.23693562823695916,0.0738718860010267,resnet50,gz2,soft,d4,224,full,bce,0,0,False,False
resnet50_soft_d4_s224_full_bce_nfull_seed0_scratch,3,0.6,0.8,13270,0.2775686077643909,0.16729464958553128,0.8327053504144687,0.16616428033157504,0.006252605252188412,0.9988696307460437,0.9977014797603033,0.9998785210549916,0.14566077474327851,0.026779211309435457,resnet50,gz2,soft,d4,224,full,bce,0,0,False,False
resnet50_soft_d4_s224_full_bce_nfull_seed0_scratch,4,0.8,1.0,16733,0.35000418340026773,0.22769377876053307,0.7723062212394669,0.22763401661387683,0.00041684035014589413,0.9999402378533437,0.9998687664041994,0.9999999593798357,0.08693957201095051,0.009502295933356717,resnet50,gz2,soft,d4,224,full,bce,0,0,False,False
resnet50_soft_d4_s224_full_bce_nfull_seed1,0,0.0,0.2,5107,0.10682312583668005,0.4315645192872528,0.5684354807127472,0.10554141374583903,0.7516930022573364,0.6739768944585862,0.6704019810534568,0.731437157755948,0.07967740725357518,0.21635424233393089,resnet50,gz2,soft,d4,224,full,bce,0,1,False,True
resnet50_soft_d4_s224_full_bce_nfull_seed1,1,0.2,0.4,5703,0.11928965863453815,0.38523584078555145,0.6147641592144486,0.29949149570401534,0.22076749435665916,0.914255654918464,0.9099544807899378,0.9732828773146809,0.2583058620678131,0.13479090986189077,resnet50,gz2,soft,d4,224,full,bce,0,1,False,True
resnet50_soft_d4_s224_full_bce_nfull_seed1,2,0.4,0.6,6995,0.14631442436412315,0.2923516797712652,0.7076483202287348,0.28448892065761255,0.024830699774266364,0.9921372408863474,0.990139784149564,0.9991933516089995,0.2395089459385166,0.06991031485891298,resnet50,gz2,soft,d4,224,full,bce,0,1,False,True
resnet50_soft_d4_s224_full_bce_nfull_seed1,3,0.6,0.8,13270,0.2775686077643909,0.16729464958553128,0.8327053504144687,0.1669932177844763,0.0018058690744920992,0.999698568198945,0.999459051811993,0.9999912559618442,0.14197329843533316,0.0248840497027147,resnet50,gz2,soft,d4,224,full,bce,0,1,False,True
resnet50_soft_d4_s224_full_bce_nfull_seed1,4,0.8,1.0,16733,0.35000418340026773,0.22769377876053307,0.7723062212394669,0.22757425446722046,0.0009029345372460496,0.9998804757066874,0.9998300756977072,0.9999995328681106,0.0827869033423248,0.008580285227069998,resnet50,gz2,soft,d4,224,full,bce,0,1,False,True
resnet50_soft_d4_s224_full_bce_nfull_seed1_scratch,0,0.0,0.2,5107,0.10682312583668005,0.4315645192872528,0.5684354807127472,0.0892892108870178,0.7105691056910569,0.657724691599765,0.6551778059245301,0.7169059887356031,0.06125182742903981,0.2185548630838787,resnet50,gz2,soft,d4,224,full,bce,0,1,False,False
resnet50_soft_d4_s224_full_bce_nfull_seed1_scratch,1,0.2,0.4,5703,0.11928965863453815,0.38523584078555145,0.6147641592144486,0.28213221111695597,0.23902439024390243,0.8968963703314046,0.8928618629199543,0.9588982772494048,0.24182111785199883,0.13979751260092907,resnet50,gz2,soft,d4,224,full,bce,0,1,False,False
resnet50_soft_d4_s224_full_bce_nfull_seed1_scratch,2,0.4,0.6,6995,0.14631442436412315,0.2923516797712652,0.7076483202287348,0.2773409578270193,0.042682926829268296,0.9849892780557541,0.9809281074806747,0.9985030747573536,0.23832187869714533,0.07429513611512971,resnet50,gz2,soft,d4,224,full,bce,0,1,False,False
resnet50_soft_d4_s224_full_bce_nfull_seed1_scratch,3,0.6,0.8,13270,0.2775686077643909,0.16729464958553128,0.8327053504144687,0.16601356443104753,0.006910569105691057,0.9987189148455162,0.9974310056662998,0.9998996983408748,0.14599838705049845,0.027062008410307044,resnet50,gz2,soft,d4,224,full,bce,0,1,False,False
resnet50_soft_d4_s224_full_bce_nfull_seed1_scratch,4,0.8,1.0,16733,0.35000418340026773,0.22769377876053307,0.7723062212394669,0.22757425446722046,0.0008130081300813008,0.9998804757066874,0.9998300756977072,0.9999999390697536,0.08656476563531662,0.009439569545826032,resnet50,gz2,soft,d4,224,full,bce,0,1,False,False
resnet50_soft_d4_s224_full_bce_nfull_seed2,0,0.0,0.2,5107,0.10682312583668005,0.4315645192872528,0.5684354807127472,0.10221264930487572,0.7478879502000889,0.6706481300176229,0.6682933450782813,0.7276500841172502,0.07677804389379486,0.21751880679463798,resnet50,gz2,soft,d4,224,full,bce,0,2,False,True
resnet50_soft_d4_s224_full_bce_nfull_seed2,1,0.2,0.4,5703,0.11928965863453815,0.38523584078555145,0.6147641592144486,0.29966684201297555,0.2169853268119164,0.9144310012274242,0.9105219454730183,0.9717266012020229,0.25872030852069544,0.13538031815640345,resnet50,gz2,soft,d4,224,full,bce,0,2,False,True
resnet50_soft_d4_s224_full_bce_nfull_seed2,2,0.4,0.6,6995,0.14631442436412315,0.2923516797712652,0.7076483202287348,0.282916368834882,0.029346376167185415,0.9905646890636168,0.9877372749499889,0.9991252377071449,0.23993261906453503,0.07093063939653443,resnet50,gz2,soft,d4,224,full,bce,0,2,False,True
resnet50_soft_d4_s224_full_bce_nfull_seed2,3,0.6,0.8,13270,0.2775686077643909,0.16729464958553128,0.8327053504144687,0.16646571213263006,0.004891062694530902,0.9991710625470988,0.9984224043047573,0.9999881578410991,0.14338281777320314,0.025420624172871418,resnet50,gz2,soft,d4,224,full,bce,0,2,False,True
resnet50_soft_d4_s224_full_bce_nfull_seed2,4,0.8,1.0,16733,0.35000418340026773,0.22769377876053307,0.7723062212394669,0.22757425446722046,0.0008892841262783459,0.9998804757066874,0.9997375328083989,0.9999999796899179,0.08470436699331332,0.008897805574547257,resnet50,gz2,soft,d4,224,full,bce,0,2,False,True
resnet50_soft_d4_s224_full_bce_nfull_seed2_scratch,0,0.0,0.2,5107,0.10682312583668005,0.4315645192872528,0.5684354807127472,0.08791854317603287,0.7090909090909091,0.6563540238887801,0.650585429179277,0.7143932554907527,0.06128610141716846,0.21855879427918234,resnet50,gz2,soft,d4,224,full,bce,0,2,False,False
resnet50_soft_d4_s224_full_bce_nfull_seed2_scratch,1,0.2,0.4,5703,0.11928965863453815,0.38523584078555145,0.6147641592144486,0.2828335963527967,0.23595959595959595,0.8975977555672453,0.8921577575187447,0.9579671080800167,0.2417973650639964,0.13946149930472662,resnet50,gz2,soft,d4,224,full,bce,0,2,False,False
resnet50_soft_d4_s224_full_bce_nfull_seed2_scratch,2,0.4,0.6,6995,0.14631442436412315,0.2923516797712652,0.7076483202287348,0.27576840600428876,0.04686868686868687,0.9834167262330236,0.9782386209281075,0.9982401027388803,0.23519179235565996,0.07376865888427754,resnet50,gz2,soft,d4,224,full,bce,0,2,False,False
resnet50_soft_d4_s224_full_bce_nfull_seed2_scratch,3,0.6,0.8,13270,0.2775686077643909,0.16729464958553128,0.8327053504144687,0.16586284853052002,0.007676767676767677,0.9985681989449887,0.9966206025029554,0.9999231992173168,0.14489569518049814,0.026670893788523335,resnet50,gz2,soft,d4,224,full,bce,0,2,False,False
resnet50_soft_d4_s224_full_bce_nfull_seed2_scratch,4,0.8,1.0,16733,0.35000418340026773,0.22769377876053307,0.7723062212394669,0.22763401661387683,0.00040404040404040404,0.9999402378533437,0.9998687664041994,1.0,0.08671507808688005,0.00940999311389368,resnet50,gz2,soft,d4,224,full,bce,0,2,False,False
resnet50_soft_d4_s224_full_bce_nfull_seed3,0,0.0,0.2,5107,0.10682312583668005,0.4315645192872528,0.5684354807127472,0.0957509300959467,0.74792847797645,0.6641864108086939,0.6658324231832269,0.7252639487406795,0.07074673326194737,0.21884430993636642,resnet50,gz2,soft,d4,224,full,bce,0,3,False,True
resnet50_soft_d4_s224_full_bce_nfull_seed3,1,0.2,0.4,5703,0.11928965863453815,0.38523584078555145,0.6147641592144486,0.29808872523233376,0.21674662014827736,0.9128528844467824,0.9124673068419545,0.9713985985660579,0.25937180838761736,0.13701608123655215,resnet50,gz2,soft,d4,224,full,bce,0,3,False,True
resnet50_soft_d4_s224_full_bce_nfull_seed3,2,0.4,0.6,6995,0.14631442436412315,0.2923516797712652,0.7076483202287348,0.2817726947819872,0.032272132577409504,0.989421015010722,0.9876466375243881,0.9989641154824529,0.24074107780892817,0.07217265945105301,resnet50,gz2,soft,d4,224,full,bce,0,3,False,True
resnet50_soft_d4_s224_full_bce_nfull_seed3,3,0.6,0.8,13270,0.2775686077643909,0.16729464958553128,0.8327053504144687,0.16684250188394878,0.0026166593981683385,0.9995478522984175,0.9991885777179894,0.999997859850801,0.1450027955509301,0.0258427234675453,resnet50,gz2,soft,d4,224,full,bce,0,3,False,True
resnet50_soft_d4_s224_full_bce_nfull_seed3,4,0.8,1.0,16733,0.35000418340026773,0.22769377876053307,0.7723062212394669,0.22763401661387683,0.0004361098996947231,0.9999402378533437,0.9998687664041994,0.9999999390697536,0.085063398999084,0.008989137731510057,resnet50,gz2,soft,d4,224,full,bce,0,3,False,True
resnet50_soft_d4_s224_full_bce_nfull_seed4,0,0.0,0.2,5107,0.10682312583668005,0.4315645192872528,0.5684354807127472,0.10397493636185628,0.7502242152466367,0.6724104170746035,0.6714822047159426,0.730588717597979,0.07816466874973119,0.21710053242693747,resnet50,gz2,soft,d4,224,full,bce,0,4,False,True
resnet50_soft_d4_s224_full_bce_nfull_seed4,1,0.2,0.4,5703,0.11928965863453815,0.38523584078555145,0.6147641592144486,0.29949149570401534,0.21928251121076234,0.914255654918464,0.912673533712024,0.9724669277532163,0.2597955451560046,0.13603174054737646,resnet50,gz2,soft,d4,224,full,bce,0,4,False,True
resnet50_soft_d4_s224_full_bce_nfull_seed4,2,0.4,0.6,6995,0.14631442436412315,0.2923516797712652,0.7076483202287348,0.2839170836311651,0.026457399103139014,0.9915654038598999,0.9893052777160356,0.9992314835395518,0.24074096793390073,0.07078988231309395,resnet50,gz2,soft,d4,224,full,bce,0,4,False,True
resnet50_soft_d4_s224_full_bce_nfull_seed4,3,0.6,0.8,13270,0.2775686077643909,0.16729464958553128,0.8327053504144687,0.16676714393368508,0.003139013452914798,0.9994724943481538,0.9991433288492112,0.9999948636419225,0.14306139094922088,0.02526385087966552,resnet50,gz2,soft,d4,224,full,bce,0,4,False,True
resnet50_soft_d4_s224_full_bce_nfull_seed4,4,0.8,1.0,16733,0.35000418340026773,0.22769377876053307,0.7723062212394669,0.22757425446722046,0.0008968609865470852,0.9998804757066874,0.9998300756977072,0.9999999796899178,0.08331908196509634,0.008637004676860007,resnet50,gz2,soft,d4,224,full,bce,0,4,False,True
resnet50_soft_d4_s224_full_focal_nfull_seed0,0,0.0,0.2,5107,0.10682312583668005,0.4315645192872528,0.5684354807127472,0.10142941061288435,0.7320885801128962,0.6698648913256315,0.6694070155849791,0.7226089882610954,0.022380302133323482,0.2127616795319017,resnet50,gz2,soft,d4,224,full,focal,0,0,False,True
resnet50_soft_d4_s224_full_focal_nfull_seed0,1,0.2,0.4,5703,0.11928965863453815,0.38523584078555145,0.6147641592144486,0.29212695072768713,0.23056882327399045,0.9068911099421357,0.9064288906123867,0.967252575142009,0.1407406577068346,0.09114980420328817,resnet50,gz2,soft,d4,224,full,focal,0,0,False,True
resnet50_soft_d4_s224_full_focal_nfull_seed0,2,0.4,0.6,6995,0.14631442436412315,0.2923516797712652,0.7076483202287348,0.2813438170121515,0.03343465045592705,0.9889921372408863,0.9876305845743498,0.9988703662542293,0.1143753907172605,0.026675627183702057,resnet50,gz2,soft,d4,224,full,focal,0,0,False,True
resnet50_soft_d4_s224_full_focal_nfull_seed0,3,0.6,0.8,13270,0.2775686077643909,0.16729464958553128,0.8327053504144687,0.16676714393368508,0.00303951367781155,0.9994724943481538,0.9993233052056582,0.9999974725857079,0.04804977643006699,0.004564372536055368,resnet50,gz2,soft,d4,224,full,focal,0,0,False,True
resnet50_soft_d4_s224_full_focal_nfull_seed0,4,0.8,1.0,16733,0.35000418340026773,0.22769377876053307,0.7723062212394669,0.22757425446722046,0.0008684324793747286,0.9998804757066874,0.9998300756977072,0.9999999187596714,0.0224416076893268,0.0008405798665756069,resnet50,gz2,soft,d4,224,full,focal,0,0,False,True
resnet50_soft_d4_s224_full_focal_nfull_seed1,0,0.0,0.2,5107,0.10682312583668005,0.4315645192872528,0.5684354807127472,0.10338750734286273,0.7376760563380281,0.6718229880556099,0.670255377596116,0.7279151581723143,0.0077230840416624225,0.2100466631365778,resnet50,gz2,soft,d4,224,full,focal,0,1,False,True
resnet50_soft_d4_s224_full_focal_nfull_seed1,1,0.2,0.4,5703,0.11928965863453815,0.38523584078555145,0.6147641592144486,0.29598456952481145,0.22403169014084506,0.91074872873926,0.9088866059899656,0.9706051736265368,0.147761407079165,0.08986766887889358,resnet50,gz2,soft,d4,224,full,focal,0,1,False,True
resnet50_soft_d4_s224_full_focal_nfull_seed1,2,0.4,0.6,6995,0.14631442436412315,0.2923516797712652,0.7076483202287348,0.2813438170121515,0.03389084507042254,0.9889921372408863,0.9866261638388778,0.9990173618828876,0.11718086647369061,0.02762592103090982,resnet50,gz2,soft,d4,224,full,focal,0,1,False,True
resnet50_soft_d4_s224_full_focal_nfull_seed1,3,0.6,0.8,13270,0.2775686077643909,0.16729464958553128,0.8327053504144687,0.16669178598342127,0.0035211267605633804,0.99939713639789,0.998918103623986,0.999996983408748,0.04883938571897889,0.004701346506479833,resnet50,gz2,soft,d4,224,full,focal,0,1,False,True
resnet50_soft_d4_s224_full_focal_nfull_seed1,4,0.8,1.0,16733,0.35000418340026773,0.22769377876053307,0.7723062212394669,0.22757425446722046,0.0008802816901408451,0.9998804757066874,0.9998300756977072,0.9999999187596714,0.022444289164075648,0.0008593059810721961,resnet50,gz2,soft,d4,224,full,focal,0,1,False,True
resnet50_soft_d4_s224_full_smooth_nfull_seed0,0,0.0,0.2,5107,0.10682312583668005,0.4315645192872528,0.5684354807127472,0.10162522028588217,0.7396839332748024,0.6700607009986294,0.665591652792999,0.7278712396525779,0.08686997699298717,0.2194321011304435,resnet50,gz2,soft,d4,224,full,smooth,0,0,False,True
resnet50_soft_d4_s224_full_smooth_nfull_seed0,1,0.2,0.4,5703,0.11928965863453815,0.38523584078555145,0.6147641592144486,0.2930036822724881,0.2309043020193152,0.9077678414869367,0.9036581673759867,0.9698825681756043,0.2701708300399421,0.1459190453608058,resnet50,gz2,soft,d4,224,full,smooth,0,0,False,True
resnet50_soft_d4_s224_full_smooth_nfull_seed0,2,0.4,0.6,6995,0.14631442436412315,0.2923516797712652,0.7076483202287348,0.2833452466047176,0.0276558384547849,0.9909935668334524,0.9878968165765232,0.998989207478205,0.2677216003235533,0.08364720512306584,resnet50,gz2,soft,d4,224,full,smooth,0,0,False,True
resnet50_soft_d4_s224_full_smooth_nfull_seed0,3,0.6,0.8,13270,0.2775686077643909,0.16729464958553128,0.8327053504144687,0.1670685757347401,0.0013169446883230904,0.9997739261492088,0.9996842770372183,0.9999993069993071,0.18153989330922293,0.036831089492161365,resnet50,gz2,soft,d4,224,full,smooth,0,0,False,True
resnet50_soft_d4_s224_full_smooth_nfull_seed0,4,0.8,1.0,16733,0.35000418340026773,0.22769377876053307,0.7723062212394669,0.22763401661387683,0.0004389815627743635,0.9999402378533437,0.9998687664041994,0.9999999187596714,0.12669342320804455,0.01752381078905602,resnet50,gz2,soft,d4,224,full,smooth,0,0,False,True
resnet50_soft_d4_s224_full_smooth_nfull_seed1,0,0.0,0.2,5107,0.10682312583668005,0.4315645192872528,0.5684354807127472,0.10397493636185628,0.7488809310653536,0.6724104170746035,0.6680408526632128,0.7303495101443966,0.08691957879783074,0.21842770217563276,resnet50,gz2,soft,d4,224,full,smooth,0,1,False,True
resnet50_soft_d4_s224_full_smooth_nfull_seed1,1,0.2,0.4,5703,0.11928965863453815,0.38523584078555145,0.6147641592144486,0.2986147641592144,0.22112802148612354,0.913378923373663,0.9089015358546543,0.9723385958293489,0.2734937086785005,0.14390968095395884,resnet50,gz2,soft,d4,224,full,smooth,0,1,False,True
resnet50_soft_d4_s224_full_smooth_nfull_seed1,2,0.4,0.6,6995,0.14631442436412315,0.2923516797712652,0.7076483202287348,0.2839170836311651,0.026410026857654433,0.9915654038598999,0.9888748116865476,0.9992975229063249,0.26479769903285066,0.08179356884549928,resnet50,gz2,soft,d4,224,full,smooth,0,1,False,True
resnet50_soft_d4_s224_full_smooth_nfull_seed1,3,0.6,0.8,13270,0.2775686077643909,0.16729464958553128,0.8327053504144687,0.16676714393368508,0.003133393017009848,0.9994724943481538,0.9989633524927642,0.9999952712893889,0.17897599863664676,0.035900971034220894,resnet50,gz2,soft,d4,224,full,smooth,0,1,False,True
resnet50_soft_d4_s224_full_smooth_nfull_seed1,4,0.8,1.0,16733,0.35000418340026773,0.22769377876053307,0.7723062212394669,0.22763401661387683,0.0004476275738585497,0.9999402378533437,0.9998687664041994,0.9999995531781928,0.12608159308933514,0.017308882607820337,resnet50,gz2,soft,d4,224,full,smooth,0,1,False,True
resnet50_soft_d4_s224_partial_bce_nfull_seed0,0,0.0,0.2,5107,0.10682312583668005,0.4315645192872528,0.5684354807127472,0.031329547679655345,0.4963574550752793,0.5997650283924025,0.5925063908479431,0.630294682326875,0.03523137302391214,0.23783612101998342,resnet50,gz2,soft,d4,224,partial,bce,0,0,False,True
resnet50_soft_d4_s224_partial_bce_nfull_seed0,1,0.2,0.4,5703,0.11928965863453815,0.38523584078555145,0.6147641592144486,0.17867788883044,0.2860611947547353,0.7934420480448886,0.7798304538600971,0.8517618928056487,0.12412065167751472,0.16558341576167687,resnet50,gz2,soft,d4,224,partial,bce,0,0,False,True
resnet50_soft_d4_s224_partial_bce_nfull_seed0,2,0.4,0.6,6995,0.14631442436412315,0.2923516797712652,0.7076483202287348,0.2101501072194425,0.13963088878096164,0.9177984274481773,0.8960028154404682,0.9631587266306093,0.18291218528008787,0.09907552259625697,resnet50,gz2,soft,d4,224,partial,bce,0,0,False,True
resnet50_soft_d4_s224_partial_bce_nfull_seed0,3,0.6,0.8,13270,0.2775686077643909,0.16729464958553128,0.8327053504144687,0.14837980406932938,0.06095191840699369,0.9810851544837981,0.9557068607068606,0.9968670865435572,0.14750531403672093,0.040482750643350135,resnet50,gz2,soft,d4,224,partial,bce,0,0,False,True
resnet50_soft_d4_s224_partial_bce_nfull_seed0,4,0.8,1.0,16733,0.35000418340026773,0.22769377876053307,0.7723062212394669,0.22351042849459157,0.016998542982030112,0.9958166497340585,0.991553991408429,0.9998820187328012,0.10257257067719232,0.016726603047417878,resnet50,gz2,soft,d4,224,partial,bce,0,0,False,True
resnet50_soft_d4_s224_partial_bce_nfull_seed1,0,0.0,0.2,5107,0.10682312583668005,0.4315645192872528,0.5684354807127472,0.03661640885059725,0.4900388726919339,0.6050518895633444,0.5968836293639536,0.6332687163226226,0.029187086847796237,0.23663993150340534,resnet50,gz2,soft,d4,224,partial,bce,0,1,False,True
resnet50_soft_d4_s224_partial_bce_nfull_seed1,1,0.2,0.4,5703,0.11928965863453815,0.38523584078555145,0.6147641592144486,0.17394353848851474,0.29275996112730807,0.7887076977029633,0.7736007406251485,0.8519968758933576,0.1200655611780951,0.16597165559224103,resnet50,gz2,soft,d4,224,partial,bce,0,1,False,True
resnet50_soft_d4_s224_partial_bce_nfull_seed1,2,0.4,0.6,6995,0.14631442436412315,0.2923516797712652,0.7076483202287348,0.21086490350250175,0.13848396501457727,0.9185132237312366,0.8963643772690227,0.9643121187424366,0.18461740437663393,0.09895828550104731,resnet50,gz2,soft,d4,224,partial,bce,0,1,False,True
resnet50_soft_d4_s224_partial_bce_nfull_seed1,3,0.6,0.8,13270,0.2775686077643909,0.16729464958553128,0.8327053504144687,0.14845516201959308,0.060738581146744415,0.9811605124340618,0.9559320859320859,0.9972324202030084,0.14812158223047864,0.04041762935300063,resnet50,gz2,soft,d4,224,partial,bce,0,1,False,True
resnet50_soft_d4_s224_partial_bce_nfull_seed1,4,0.8,1.0,16733,0.35000418340026773,0.22769377876053307,0.7723062212394669,0.2232713799079663,0.017978620019436346,0.9955776011474332,0.9910290570252269,0.9998795002826149,0.10298520147618777,0.01705343677385847,resnet50,gz2,soft,d4,224,partial,bce,0,1,False,True
resnet50_soft_debiased_d4_s224_full_bce_nfull_seed0,0,0.0,0.2,5107,0.10682312583668005,0.4315645192872528,0.5684354807127472,-0.10377912668885841,0.19074862206097817,0.4646563540238888,0.5235361066497953,0.5875114016228284,0.3748105683741282,0.40891198849172894,resnet50,gz2,soft_debiased,d4,224,full,bce,0,0,False,True
resnet50_soft_debiased_d4_s224_full_bce_nfull_seed0,1,0.2,0.4,5703,0.11928965863453815,0.38523584078555145,0.6147641592144486,-0.14255654918463972,0.21000488383450777,0.4722076100298089,0.5673370651936559,0.7444893869434048,0.3479354809678982,0.37572271105997096,resnet50,gz2,soft_debiased,d4,224,full,bce,0,0,False,True
resnet50_soft_debiased_d4_s224_full_bce_nfull_seed0,2,0.4,0.6,6995,0.14631442436412315,0.2923516797712652,0.7076483202287348,-0.20629020729092207,0.24335449661620037,0.5013581129378127,0.6449504828233434,0.893028673038453,0.2771663604244281,0.3190196378726555,resnet50,gz2,soft_debiased,d4,224,full,bce,0,0,False,True
resnet50_soft_debiased_d4_s224_full_bce_nfull_seed0,3,0.6,0.8,13270,0.2775686077643909,0.16729464958553128,0.8327053504144687,-0.11009796533534288,0.25681992604479176,0.7226073850791258,0.8321790795320207,0.9845144918674331,0.02105153754055949,0.183603575033714,resnet50,gz2,soft_debiased,d4,224,full,bce,0,0,False,True
resnet50_soft_debiased_d4_s224_full_bce_nfull_seed0,4,0.8,1.0,16733,0.35000418340026773,0.22769377876053307,0.7723062212394669,0.1428315305085759,0.09907207144352194,0.9151377517480428,0.9448741110023168,0.9994399190196405,0.12441825373593053,0.08376346702623642,resnet50,gz2,soft_debiased,d4,224,full,bce,0,0,False,True
resnet50_soft_debiased_d4_s224_full_bce_nfull_seed1,0,0.0,0.2,5107,0.10682312583668005,0.4315645192872528,0.5684354807127472,-0.10965341687879376,0.2015458655388654,0.4587820638339534,0.5198439032654748,0.5892140648043547,0.36492659620151424,0.39438033851494264,resnet50,gz2,soft_debiased,d4,224,full,bce,0,1,False,True
resnet50_soft_debiased_d4_s224_full_bce_nfull_seed1,1,0.2,0.4,5703,0.11928965863453815,0.38523584078555145,0.6147641592144486,-0.13589338944415225,0.21671284818433717,0.47887076977029636,0.5747106657135788,0.7504356274866338,0.3300221786908929,0.35977295538477344,resnet50,gz2,soft_debiased,d4,224,full,bce,0,1,False,True
resnet50_soft_debiased_d4_s224_full_bce_nfull_seed1,2,0.4,0.6,6995,0.14631442436412315,0.2923516797712652,0.7076483202287348,-0.19299499642601858,0.2475572407758495,0.5146533238027162,0.656066286335235,0.9074472351880665,0.2548422818181981,0.30515786923144067,resnet50,gz2,soft_debiased,d4,224,full,bce,0,1,False,True
resnet50_soft_debiased_d4_s224_full_bce_nfull_seed1,3,0.6,0.8,13270,0.2775686077643909,0.16729464958553128,0.8327053504144687,-0.09065561416729462,0.24959894997812454,0.7420497362471741,0.8445731931026048,0.9891239859769272,0.027570324254130273,0.17663405124672846,resnet50,gz2,soft_debiased,d4,224,full,bce,0,1,False,True
resnet50_soft_debiased_d4_s224_full_bce_nfull_seed1,4,0.8,1.0,16733,0.35000418340026773,0.22769377876053307,0.7723062212394669,0.15836968863921597,0.0845850955228234,0.9306759098786829,0.9550262375796231,0.9997849873153383,0.13957207050377735,0.07972615761779173,resnet50,gz2,soft_debiased,d4,224,full,bce,0,1,False,True
resnet50_soft_debiased_d4_s224_full_bce_nfull_seed2,0,0.0,0.2,5107,0.10682312583668005,0.4315645192872528,0.5684354807127472,-0.10593303309183472,0.20631341600901917,0.46250244762091247,0.523881124914273,0.5885772462681762,0.36254134199111365,0.39499581266893846,resnet50,gz2,soft_debiased,d4,224,full,bce,0,2,False,True
resnet50_soft_debiased_d4_s224_full_bce_nfull_seed2,1,0.2,0.4,5703,0.11928965863453815,0.38523584078555145,0.6147641592144486,-0.13904962300543583,0.22472754603532508,0.4757145362090128,0.5718887265500511,0.741179241204557,0.3313501108357431,0.3636420352955891,resnet50,gz2,soft_debiased,d4,224,full,bce,0,2,False,True
resnet50_soft_debiased_d4_s224_full_bce_nfull_seed2,2,0.4,0.6,6995,0.14631442436412315,0.2923516797712652,0.7076483202287348,-0.18799142244460332,0.2525366403607666,0.5196568977841315,0.6598886172235806,0.9007354720802153,0.2503128851403757,0.30486221510602407,resnet50,gz2,soft_debiased,d4,224,full,bce,0,2,False,True
resnet50_soft_debiased_d4_s224_full_bce_nfull_seed2,3,0.6,0.8,13270,0.2775686077643909,0.16729464958553128,0.8327053504144687,-0.07272042200452145,0.2393836903419767,0.7599849284099472,0.8553424238718357,0.9882061065590478,0.024249470029264898,0.16746782826594125,resnet50,gz2,soft_debiased,d4,224,full,bce,0,2,False,True
resnet50_soft_debiased_d4_s224_full_bce_nfull_seed2,4,0.8,1.0,16733,0.35000418340026773,0.22769377876053307,0.7723062212394669,0.16643757843781748,0.07703870725291244,0.9387437996772844,0.9603420258453919,0.9997893742930823,0.1299283202880722,0.06940940333469856,resnet50,gz2,soft_debiased,d4,224,full,bce,0,2,False,True
resnet50_soft_flip_s224_full_bce_nfull_seed0,0,0.0,0.2,5107,0.10682312583668005,0.4315645192872528,0.5684354807127472,0.0881143528490308,0.7302248126561199,0.656549833561778,0.6602077267836701,0.7167989275753913,0.061458305671113746,0.22101339776242418,resnet50,gz2,soft,flip,224,full,bce,0,0,False,True
resnet50_soft_flip_s224_full_bce_nfull_seed0,1,0.2,0.4,5703,0.11928965863453815,0.38523584078555145,0.6147641592144486,0.2879186393126424,0.23105745212323064,0.902682798527091,0.9045356539449506,0.9652326293620844,0.2528533894694753,0.14154519254927975,resnet50,gz2,soft,flip,224,full,bce,0,0,False,True
resnet50_soft_flip_s224_full_bce_nfull_seed0,2,0.4,0.6,6995,0.14631442436412315,0.2923516797712652,0.7076483202287348,0.28062902072909224,0.03413821815154038,0.988277340957827,0.9882734434812674,0.9987978069200564,0.24654126760627731,0.07616804341035964,resnet50,gz2,soft,flip,224,full,bce,0,0,False,True
resnet50_soft_flip_s224_full_bce_nfull_seed0,3,0.6,0.8,13270,0.2775686077643909,0.16729464958553128,0.8327053504144687,0.16669178598342127,0.0033305578684429643,0.99939713639789,0.998918103623986,0.999957665810607,0.15069762516974525,0.028075266669611423,resnet50,gz2,soft,flip,224,full,bce,0,0,False,True
resnet50_soft_flip_s224_full_bce_nfull_seed0,4,0.8,1.0,16733,0.35000418340026773,0.22769377876053307,0.7723062212394669,0.2275144923205642,0.0012489592006661116,0.9998207135600311,0.9997913849912149,0.9999357795202475,0.08722964740611928,0.009803335549201458,resnet50,gz2,soft,flip,224,full,bce,0,0,False,True
resnet50_soft_flip_s224_full_bce_nfull_seed1,0,0.0,0.2,5107,0.10682312583668005,0.4315645192872528,0.5684354807127472,0.09594673976894463,0.7327917913638307,0.6643822204816918,0.6600505735039727,0.7253801530802667,0.07201809248906517,0.21763867366343997,resnet50,gz2,soft,flip,224,full,bce,0,1,False,True
resnet50_soft_flip_s224_full_bce_nfull_seed1,1,0.2,0.4,5703,0.11928965863453815,0.38523584078555145,0.6147641592144486,0.2896721024022444,0.23300555793073963,0.904436261616693,0.9000138523179328,0.9666114348223125,0.25461788873060665,0.14003203347410456,resnet50,gz2,soft,flip,224,full,bce,0,1,False,True
resnet50_soft_flip_s224_full_bce_nfull_seed1,2,0.4,0.6,6995,0.14631442436412315,0.2923516797712652,0.7076483202287348,0.28205861329521087,0.030782385634886705,0.9897069335239457,0.9864137709614482,0.998898767627374,0.24699038758213557,0.07502352923518343,resnet50,gz2,soft,flip,224,full,bce,0,1,False,True
resnet50_soft_flip_s224_full_bce_nfull_seed1,3,0.6,0.8,13270,0.2775686077643909,0.16729464958553128,0.8327053504144687,0.16684250188394878,0.0025651988029072254,0.9995478522984175,0.9991885777179894,0.9999970853206147,0.15120968715552333,0.027985364923121373,resnet50,gz2,soft,flip,224,full,bce,0,1,False,True
resnet50_soft_flip_s224_full_bce_nfull_seed1,4,0.8,1.0,16733,0.35000418340026773,0.22769377876053307,0.7723062212394669,0.22757425446722046,0.0008550662676357417,0.9998804757066874,0.9997375328083989,0.9999999593798357,0.09035453481223105,0.01007407739215246,resnet50,gz2,soft,flip,224,full,bce,0,1,False,True
resnet50_soft_flip_s224_full_bce_nfull_seed2,0,0.0,0.2,5107,0.10682312583668005,0.4315645192872528,0.5684354807127472,0.10338750734286273,0.7277464177160226,0.6718229880556099,0.6663770284573253,0.7223788458400565,0.07808802582780183,0.218067079561112,resnet50,gz2,soft,flip,224,full,bce,0,2,False,True
resnet50_soft_flip_s224_full_bce_nfull_seed2,1,0.2,0.4,5703,0.11928965863453815,0.38523584078555145,0.6147641592144486,0.29212695072768713,0.23056882327399045,0.9068911099421357,0.901670547998736,0.9656877305852689,0.2560926525230243,0.13997607713371668,resnet50,gz2,soft,flip,224,full,bce,0,2,False,True
resnet50_soft_flip_s224_full_bce_nfull_seed2,2,0.4,0.6,6995,0.14631442436412315,0.2923516797712652,0.7076483202287348,0.28034310221586844,0.0364741641337386,0.9879914224446033,0.9840537403373588,0.998593119458645,0.2413646173187458,0.07384170716923028,resnet50,gz2,soft,flip,224,full,bce,0,2,False,True
resnet50_soft_flip_s224_full_bce_nfull_seed2,3,0.6,0.8,13270,0.2775686077643909,0.16729464958553128,0.8327053504144687,0.16646571213263006,0.004776378636561007,0.9991710625470988,0.9982424279483103,0.9999940075822429,0.14368414536915783,0.026102290585791763,resnet50,gz2,soft,flip,224,full,bce,0,2,False,True
resnet50_soft_flip_s224_full_bce_nfull_seed2,4,0.8,1.0,16733,0.35000418340026773,0.22769377876053307,0.7723062212394669,0.22763401661387683,0.0004342162396873643,0.9999402378533437,0.9998687664041994,1.0,0.08266634632275778,0.008685956689091284,resnet50,gz2,soft,flip,224,full,bce,0,2,False,True
resnet50_soft_none_s224_full_bce_nfull_seed0,0,0.0,0.2,5107,0.10682312583668005,0.4315645192872528,0.5684354807127472,0.07773644018014492,0.6772863568215892,0.6461719208928921,0.6540835939790679,0.7035425678298876,0.0463205215668688,0.22524376299504745,resnet50,gz2,soft,none,224,full,bce,0,0,False,True
resnet50_soft_none_s224_full_bce_nfull_seed0,1,0.2,0.4,5703,0.11928965863453815,0.38523584078555145,0.6147641592144486,0.26284411713133427,0.2616191904047976,0.8776082763457829,0.8820177828969182,0.9481486448486385,0.23254063943906894,0.1500166176545619,resnet50,gz2,soft,none,224,full,bce,0,0,False,True
resnet50_soft_none_s224_full_bce_nfull_seed0,2,0.4,0.6,6995,0.14631442436412315,0.2923516797712652,0.7076483202287348,0.27162258756254465,0.05434782608695652,0.9792709077912795,0.9787530562347189,0.996782099725865,0.24828823161517152,0.08384744104556621,resnet50,gz2,soft,none,224,full,bce,0,0,False,True
resnet50_soft_none_s224_full_bce_nfull_seed0,3,0.6,0.8,13270,0.2775686077643909,0.16729464958553128,0.8327053504144687,0.16623963828183874,0.005247376311844078,0.9989449886963074,0.9986466104113163,0.99997933227345,0.16318028799308001,0.032877924808710296,resnet50,gz2,soft,none,224,full,bce,0,0,False,True
resnet50_soft_none_s224_full_bce_nfull_seed0,4,0.8,1.0,16733,0.35000418340026773,0.22769377876053307,0.7723062212394669,0.22745473017390783,0.0014992503748125937,0.9997609514133747,0.9997526942847226,0.999995897363406,0.09919934725923316,0.012355809226029633,resnet50,gz2,soft,none,224,full,bce,0,0,False,True
resnet50_soft_none_s224_full_bce_nfull_seed0_op,0,0.0,0.2,5107,0.10682312583668005,0.4315645192872528,0.5684354807127472,0.10260426865087136,0.7417218543046358,0.6710397493636185,0.6566750210840153,0.7294704364281771,0.08207177286316603,0.2144010322914603,resnet50,gz2,soft,none,224,full,bce,0,0,True,True
resnet50_soft_none_s224_full_bce_nfull_seed0_op,1,0.2,0.4,5703,0.11928965863453815,0.38523584078555145,0.6147641592144486,0.297387339996493,0.22119205298013245,0.9121514992109416,0.901530466920483,0.9716698028037506,0.2502672918142195,0.13225634314084742,resnet50,gz2,soft,none,224,full,bce,0,0,True,True
resnet50_soft_none_s224_full_bce_nfull_seed0_op,2,0.4,0.6,6995,0.14631442436412315,0.2923516797712652,0.7076483202287348,0.28205861329521087,0.031788079470198675,0.9897069335239457,0.9849788841964882,0.9990873033513621,0.22931934364028192,0.06647158786428153,resnet50,gz2,soft,none,224,full,bce,0,0,True,True
resnet50_soft_none_s224_full_bce_nfull_seed0_op,3,0.6,0.8,13270,0.2775686077643909,0.16729464958553128,0.8327053504144687,0.16639035418236625,0.005298013245033113,0.9990957045968349,0.9976572500101912,0.9999924992866168,0.13630822778264653,0.023315351385110615,resnet50,gz2,soft,none,224,full,bce,0,0,True,True
resnet50_soft_none_s224_full_bce_nfull_seed0_op,4,0.8,1.0,16733,0.35000418340026773,0.22769377876053307,0.7723062212394669,0.2276937787605331,0.0,1.0,1.0,1.0,0.08044052729280146,0.00801001753801907,resnet50,gz2,soft,none,224,full,bce,0,0,True,True
resnet50_soft_none_s224_full_bce_nfull_seed1,0,0.0,0.2,5107,0.10682312583668005,0.4315645192872528,0.5684354807127472,0.07147053064421383,0.6692139737991266,0.639906011356961,0.6525596526029459,0.710183563783132,0.03507649781525614,0.2248118032466004,resnet50,gz2,soft,none,224,full,bce,0,1,False,True
resnet50_soft_none_s224_full_bce_nfull_seed1,1,0.2,0.4,5703,0.11928965863453815,0.38523584078555145,0.6147641592144486,0.2567069963177274,0.26673944687045126,0.871471155532176,0.8807650374246269,0.951221405738936,0.21639272456427908,0.14589292054336767,resnet50,gz2,soft,none,224,full,bce,0,1,False,True
resnet50_soft_none_s224_full_bce_nfull_seed1,2,0.4,0.6,6995,0.14631442436412315,0.2923516797712652,0.7076483202287348,0.26976411722659044,0.05749636098981077,0.9774124374553252,0.9794487663925316,0.9972004643007089,0.2342776782581686,0.07819534660833592,resnet50,gz2,soft,none,224,full,bce,0,1,False,True
resnet50_soft_none_s224_full_bce_nfull_seed1,3,0.6,0.8,13270,0.2775686077643909,0.16729464958553128,0.8327053504144687,0.16623963828183874,0.005094614264919942,0.9989449886963074,0.9988265867677633,0.9999863234274999,0.1507510132680576,0.029007391359663133,resnet50,gz2,soft,none,224,full,bce,0,1,False,True
resnet50_soft_none_s224_full_bce_nfull_seed1,4,0.8,1.0,16733,0.35000418340026773,0.22769377876053307,0.7723062212394669,0.22745473017390783,0.001455604075691412,0.9997609514133747,0.9996601513954144,0.9999998984495893,0.08772080712434938,0.009966132537581933,resnet50,gz2,soft,none,224,full,bce,0,1,False,True
resnet50_soft_none_s224_full_bce_nfull_seed1_op,0,0.0,0.2,5107,0.10682312583668005,0.4315645192872528,0.5684354807127472,0.11376542001174861,0.7441540577716643,0.6822009007244958,0.675123143778293,0.7330255702686939,0.09114912617240417,0.21643147270238852,resnet50,gz2,soft,none,224,full,bce,0,1,True,True
resnet50_soft_none_s224_full_bce_nfull_seed1_op,1,0.2,0.4,5703,0.11928965863453815,0.38523584078555145,0.6147641592144486,0.30457653866386103,0.21091242549289316,0.9193406978783096,0.9138353368346246,0.9717608100658967,0.26827898538078154,0.13782245802495802,resnet50,gz2,soft,none,224,full,bce,0,1,True,True
resnet50_soft_none_s224_full_bce_nfull_seed1_op,2,0.4,0.6,6995,0.14631442436412315,0.2923516797712652,0.7076483202287348,0.2816297355253753,0.0343878954607978,0.9892780557541101,0.9856802746289299,0.9989952829023734,0.24501830537066535,0.07389821706680044,resnet50,gz2,soft,none,224,full,bce,0,1,True,True
resnet50_soft_none_s224_full_bce_nfull_seed1_op,3,0.6,0.8,13270,0.2775686077643909,0.16729464958553128,0.8327053504144687,0.16623963828183874,0.006419073819348923,0.9989449886963074,0.9979267049855285,0.9997557784028372,0.15154058557247976,0.028448678901398756,resnet50,gz2,soft,none,224,full,bce,0,1,True,True
resnet50_soft_none_s224_full_bce_nfull_seed1_op,4,0.8,1.0,16733,0.35000418340026773,0.22769377876053307,0.7723062212394669,0.2271559194406263,0.0041265474552957355,0.9994621406800932,0.9995592407522611,0.9998074908863583,0.0916304888932524,0.010780884765525295,resnet50,gz2,soft,none,224,full,bce,0,1,True,True
resnet50_soft_none_s224_full_bce_nfull_seed2,0,0.0,0.2,5107,0.10682312583668005,0.4315645192872528,0.5684354807127472,0.0902682592520071,0.699438202247191,0.6587037399647543,0.6551103652082801,0.7118078456918902,0.05685299731512371,0.21897867720461053,resnet50,gz2,soft,none,224,full,bce,0,2,False,True
resnet50_soft_none_s224_full_bce_nfull_seed2,1,0.2,0.4,5703,0.11928965863453815,0.38523584078555145,0.6147641592144486,0.2754690513764685,0.25120385232744785,0.8902332105909171,0.8841287359389884,0.9541677820790213,0.2330301596332219,0.139998894716244,resnet50,gz2,soft,none,224,full,bce,0,2,False,True
resnet50_soft_none_s224_full_bce_nfull_seed2,2,0.4,0.6,6995,0.14631442436412315,0.2923516797712652,0.7076483202287348,0.2767691208005718,0.04373996789727127,0.9844174410293066,0.9798066236941543,0.9978530537650342,0.23394701449710442,0.07324459540509341,resnet50,gz2,soft,none,224,full,bce,0,2,False,True
resnet50_soft_none_s224_full_bce_nfull_seed2,3,0.6,0.8,13270,0.2775686077643909,0.16729464958553128,0.8327053504144687,0.16646571213263006,0.004414125200642055,0.9991710625470988,0.9980624515918634,0.9999941298764828,0.14229421641890974,0.026353624146184598,resnet50,gz2,soft,none,224,full,bce,0,2,False,True
resnet50_soft_none_s224_full_bce_nfull_seed2,4,0.8,1.0,16733,0.35000418340026773,0.22769377876053307,0.7723062212394669,0.2275144923205642,0.001203852327447833,0.9998207135600311,0.9996062992125985,1.0,0.0807722635000146,0.009007912627126611,resnet50,gz2,soft,none,224,full,bce,0,2,False,True
resnet50_soft_none_s224_full_bce_nfull_seed2_op,0,0.0,0.2,5107,0.10682312583668005,0.4315645192872528,0.5684354807127472,0.08948502056001573,0.7443544951001279,0.6579205012727629,0.6637076108137712,0.7241676268307459,0.061198468346149455,0.220142508647975,resnet50,gz2,soft,none,224,full,bce,0,2,True,True
resnet50_soft_none_s224_full_bce_nfull_seed2_op,1,0.2,0.4,5703,0.11928965863453815,0.38523584078555145,0.6147641592144486,0.29388041381728913,0.221985513421389,0.9086445730317377,0.9123584486546374,0.9719423702030021,0.2515476630857256,0.13618225174913998,resnet50,gz2,soft,none,224,full,bce,0,2,True,True
resnet50_soft_none_s224_full_bce_nfull_seed2_op,2,0.4,0.6,6995,0.14631442436412315,0.2923516797712652,0.7076483202287348,0.28205861329521087,0.03067746058798466,0.9897069335239457,0.9897140105208565,0.9986194462967078,0.2376239235759889,0.07077273123749182,resnet50,gz2,soft,none,224,full,bce,0,2,True,True
resnet50_soft_none_s224_full_bce_nfull_seed2_op,3,0.6,0.8,13270,0.2775686077643909,0.16729464958553128,0.8327053504144687,0.16684250188394878,0.0025564550489987218,0.9995478522984175,0.9993685540744364,0.9999956585544821,0.1424793881013956,0.025269600501579864,resnet50,gz2,soft,none,224,full,bce,0,2,True,True
resnet50_soft_none_s224_full_bce_nfull_seed2_op,4,0.8,1.0,16733,0.35000418340026773,0.22769377876053307,0.7723062212394669,0.22763401661387683,0.00042607584149978694,0.9999402378533437,0.9998687664041994,0.9999999593798358,0.0809780009660169,0.008423079113855718,resnet50,gz2,soft,none,224,full,bce,0,2,True,True
resnet50_soft_w_d4_s224_full_bce_nfull_seed0,0,0.0,0.2,5107,0.10682312583668005,0.4315645192872528,0.5684354807127472,0.10005874290189942,0.7524444444444445,0.6684942236146466,0.6615917853300266,0.7285186861579453,0.0767994490806805,0.21652427699258525,resnet50,gz2,soft_w,d4,224,full,bce,0,0,False,True
resnet50_soft_w_d4_s224_full_bce_nfull_seed0,1,0.2,0.4,5703,0.11928965863453815,0.38523584078555145,0.6147641592144486,0.3001928809398562,0.21555555555555556,0.9149570401543048,0.9083157009467612,0.9710343098676538,0.2609486332417642,0.1364145694743954,resnet50,gz2,soft_w,d4,224,full,bce,0,0,False,True
resnet50_soft_w_d4_s224_full_bce_nfull_seed0,2,0.4,0.6,6995,0.14631442436412315,0.2923516797712652,0.7076483202287348,0.28277340957827024,0.029777777777777778,0.990421729807005,0.9867753327900026,0.9992233829739943,0.2407172051224434,0.07129833339238167,resnet50,gz2,soft_w,d4,224,full,bce,0,0,False,True
resnet50_soft_w_d4_s224_full_bce_nfull_seed0,3,0.6,0.8,13270,0.2775686077643909,0.16729464958553128,0.8327053504144687,0.1669932177844763,0.0017777777777777779,0.999698568198945,0.9992790754555461,0.9999982063511476,0.14438725601932273,0.025675297232648105,resnet50,gz2,soft_w,d4,224,full,bce,0,0,False,True
resnet50_soft_w_d4_s224_full_bce_nfull_seed0,4,0.8,1.0,16733,0.35000418340026773,0.22769377876053307,0.7723062212394669,0.22763401661387683,0.00044444444444444447,0.9999402378533437,0.9998687664041994,0.9999991875967141,0.08404722894469395,0.008849814068990491,resnet50,gz2,soft_w,d4,224,full,bce,0,0,False,True
resnet50_soft_w_d4_s224_full_bce_nfull_seed1,0,0.0,0.2,5107,0.10682312583668005,0.4315645192872528,0.5684354807127472,0.10671627178382614,0.7506787330316742,0.6751517524965733,0.6727463860215948,0.73179952461719,0.08035981683423424,0.21667707543668102,resnet50,gz2,soft_w,d4,224,full,bce,0,1,False,True
resnet50_soft_w_d4_s224_full_bce_nfull_seed1,1,0.2,0.4,5703,0.11928965863453815,0.38523584078555145,0.6147641592144486,0.29984218832193577,0.22036199095022624,0.9146063475363844,0.9121090550018811,0.9727204108906481,0.25847150822381226,0.1348696348864903,resnet50,gz2,soft_w,d4,224,full,bce,0,1,False,True
resnet50_soft_w_d4_s224_full_bce_nfull_seed1,2,0.4,0.6,6995,0.14631442436412315,0.2923516797712652,0.7076483202287348,0.2837741243745533,0.027149321266968326,0.9914224446032881,0.9894912449680175,0.9989655972932255,0.23833332393981457,0.06977068470035715,resnet50,gz2,soft_w,d4,224,full,bce,0,1,False,True
resnet50_soft_w_d4_s224_full_bce_nfull_seed1,3,0.6,0.8,13270,0.2775686077643909,0.16729464958553128,0.8327053504144687,0.1670685757347401,0.0013574660633484162,0.9997739261492088,0.9995043006807713,0.9999880559292323,0.14178311534074348,0.024683200973339404,resnet50,gz2,soft_w,d4,224,full,bce,0,1,False,True
resnet50_soft_w_d4_s224_full_bce_nfull_seed1,4,0.8,1.0,16733,0.35000418340026773,0.22769377876053307,0.7723062212394669,0.22763401661387683,0.00045248868778280545,0.9999402378533437,0.9998687664041994,0.9999998273643018,0.08273011084846577,0.00854336770273323,resnet50,gz2,soft_w,d4,224,full,bce,0,1,False,True
resnet50_soft_w_d4_s224_full_bce_nfull_seed2,0,0.0,0.2,5107,0.10682312583668005,0.4315645192872528,0.5684354807127472,0.10162522028588217,0.7462356067316209,0.6700607009986294,0.6644445354420891,0.7271563524309604,0.07701365427072676,0.21712214657199688,resnet50,gz2,soft_w,d4,224,full,bce,0,2,False,True
resnet50_soft_w_d4_s224_full_bce_nfull_seed2,1,0.2,0.4,5703,0.11928965863453815,0.38523584078555145,0.6147641592144486,0.298264071541294,0.21966341895482727,0.9130282307557426,0.9088712217380908,0.9708955919509594,0.2576435350499591,0.1357328609581181,resnet50,gz2,soft_w,d4,224,full,bce,0,2,False,True
resnet50_soft_w_d4_s224_full_bce_nfull_seed2,2,0.4,0.6,6995,0.14631442436412315,0.2923516797712652,0.7076483202287348,0.28277340957827024,0.02967227635075288,0.990421729807005,0.9874927761724828,0.9991386727914845,0.23881020448606638,0.07049073556713382,resnet50,gz2,soft_w,d4,224,full,bce,0,2,False,True
resnet50_soft_w_d4_s224_full_bce_nfull_seed2,3,0.6,0.8,13270,0.2775686077643909,0.16729464958553128,0.8327053504144687,0.16661642803315757,0.003985828166519044,0.9993217784476263,0.9985129020423138,0.9999976152623211,0.14247498685450552,0.025081067489866635,resnet50,gz2,soft_w,d4,224,full,bce,0,2,False,True
resnet50_soft_w_d4_s224_full_bce_nfull_seed2,4,0.8,1.0,16733,0.35000418340026773,0.22769377876053307,0.7723062212394669,0.22763401661387683,0.0004428697962798937,0.9999402378533437,0.9998687664041994,0.9999999390697535,0.08343818531707992,0.008681972978661634,resnet50,gz2,soft_w,d4,224,full,bce,0,2,False,True
swin_tiny_hard_d4_s224_full_bce_nfull_seed0,0,0.0,0.2,5107,0.10682312583668005,0.4315645192872528,0.5684354807127472,0.08654787546504794,0.7003179650238474,0.6549833561777951,0.6515647652813005,0.710148163268113,0.15669618520034603,0.24351665644315584,swin_tiny,gz2,hard,d4,224,full,bce,0,0,False,True
swin_tiny_hard_d4_s224_full_bce_nfull_seed0,1,0.2,0.4,5703,0.11928965863453815,0.38523584078555145,0.6147641592144486,0.27809924601087144,0.24284578696343403,0.89286340522532,0.8891569196287734,0.9582716773196661,0.006173966649318486,0.07764006052004178,swin_tiny,gz2,hard,d4,224,full,bce,0,0,False,True
swin_tiny_hard_d4_s224_full_bce_nfull_seed0,2,0.4,0.6,6995,0.14631442436412315,0.2923516797712652,0.7076483202287348,0.2746247319513938,0.0492845786963434,0.9822730521801286,0.9775740287965227,0.9982329406534786,0.01702640693331109,0.01415434725270714,swin_tiny,gz2,hard,d4,224,full,bce,0,0,False,True
swin_tiny_hard_d4_s224_full_bce_nfull_seed0,3,0.6,0.8,13270,0.2775686077643909,0.16729464958553128,0.8327053504144687,0.16601356443104753,0.006756756756756757,0.9987189148455162,0.996891076596959,0.9999901349313114,0.003353523491814418,0.0010734278115958537,swin_tiny,gz2,hard,d4,224,full,bce,0,0,False,True
swin_tiny_hard_d4_s224_full_bce_nfull_seed0,4,0.8,1.0,16733,0.35000418340026773,0.22769377876053307,0.7723062212394669,0.22757425446722046,0.000794912559618442,0.9998804757066874,0.9997375328083989,0.9999999796899178,0.0004403359753166424,0.00011163540447610286,swin_tiny,gz2,hard,d4,224,full,bce,0,0,False,True
swin_tiny_hard_d4_s224_full_bce_nfull_seed1,0,0.0,0.2,5107,0.10682312583668005,0.4315645192872528,0.5684354807127472,0.09065987859800273,0.6911472806669313,0.6590953593107499,0.657967569689782,0.7118044853781026,0.1277405212265167,0.2346541771918105,swin_tiny,gz2,hard,d4,224,full,bce,0,1,False,True
swin_tiny_hard_d4_s224_full_bce_nfull_seed1,1,0.2,0.4,5703,0.11928965863453815,0.38523584078555145,0.6147641592144486,0.2752937050675083,0.24890829694323144,0.8900578642819569,0.8874699098314067,0.9556585615244144,0.027728221059377535,0.08174226362312767,swin_tiny,gz2,hard,d4,224,full,bce,0,1,False,True
swin_tiny_hard_d4_s224_full_bce_nfull_seed1,2,0.4,0.6,6995,0.14631442436412315,0.2923516797712652,0.7076483202287348,0.2730521801286633,0.053592695514092896,0.9807005003573981,0.9761759403324195,0.9979994072756909,0.027994950573872822,0.016574553273055757,swin_tiny,gz2,hard,d4,224,full,bce,0,1,False,True
swin_tiny_hard_d4_s224_full_bce_nfull_seed1,3,0.6,0.8,13270,0.2775686077643909,0.16729464958553128,0.8327053504144687,0.16631499623210255,0.005160778086542279,0.9990203466465712,0.9985118829236477,0.9999886877828055,0.005901629905359192,0.0013728256679743558,swin_tiny,gz2,hard,d4,224,full,bce,0,1,False,True
swin_tiny_hard_d4_s224_full_bce_nfull_seed1,4,0.8,1.0,16733,0.35000418340026773,0.22769377876053307,0.7723062212394669,0.2275144923205642,0.0011909487892020642,0.9998207135600311,0.9996988421019066,0.9999999390697535,0.0007615733168455127,0.00013931746294955417,swin_tiny,gz2,hard,d4,224,full,bce,0,1,False,True
swin_tiny_hard_d4_s224_full_bce_nfull_seed2,0,0.0,0.2,5107,0.10682312583668005,0.4315645192872528,0.5684354807127472,0.0924221656549834,0.6975432944019332,0.6608576463677306,0.6463531530371297,0.7096538064071649,0.16231809533785035,0.2437770641382032,swin_tiny,gz2,hard,d4,224,full,bce,0,2,False,True
swin_tiny_hard_d4_s224_full_bce_nfull_seed2,1,0.2,0.4,5703,0.11928965863453815,0.38523584078555145,0.6147641592144486,0.28002805540943354,0.24164317358034634,0.8947922146238821,0.8846927602619452,0.9600224960604632,0.012066116365017324,0.07601668108443074,swin_tiny,gz2,hard,d4,224,full,bce,0,2,False,True
swin_tiny_hard_d4_s224_full_bce_nfull_seed2,2,0.4,0.6,6995,0.14631442436412315,0.2923516797712652,0.7076483202287348,0.2733380986418871,0.05356423681031011,0.9809864188706219,0.9729342322985355,0.9980220789805142,0.01153461997519415,0.01493442443898629,swin_tiny,gz2,hard,d4,224,full,bce,0,2,False,True
swin_tiny_hard_d4_s224_full_bce_nfull_seed2,3,0.6,0.8,13270,0.2775686077643909,0.16729464958553128,0.8327053504144687,0.16601356443104753,0.00684655658477648,0.9987189148455162,0.9970710529534059,0.9999878521054992,0.002872753658836171,0.0012256745883905793,swin_tiny,gz2,hard,d4,224,full,bce,0,2,False,True
swin_tiny_hard_d4_s224_full_bce_nfull_seed2,4,0.8,1.0,16733,0.35000418340026773,0.22769377876053307,0.7723062212394669,0.22763401661387683,0.0004027386226339106,0.9999402378533437,0.9999613092935077,1.0,0.0003441642982967739,5.788528219105732e-05,swin_tiny,gz2,hard,d4,224,full,bce,0,2,False,True
swin_tiny_hard_d4_s224_full_bce_nfull_seed3,0,0.0,0.2,5107,0.10682312583668005,0.4315645192872528,0.5684354807127472,0.09065987859800273,0.7028663706096084,0.6590953593107499,0.6484628830679571,0.7058507908146837,0.17231506050749057,0.24889726050130184,swin_tiny,gz2,hard,d4,224,full,bce,0,3,False,True
swin_tiny_hard_d4_s224_full_bce_nfull_seed3,1,0.2,0.4,5703,0.11928965863453815,0.38523584078555145,0.6147641592144486,0.2812554795721549,0.2394025030278563,0.8960196387866035,0.8873904569862809,0.9589648125159522,0.01092570900033889,0.07647339223293097,swin_tiny,gz2,hard,d4,224,full,bce,0,3,False,True
swin_tiny_hard_d4_s224_full_bce_nfull_seed3,2,0.4,0.6,6995,0.14631442436412315,0.2923516797712652,0.7076483202287348,0.2750536097212295,0.04884941461445297,0.9827019299499643,0.9750072855696328,0.998378207502902,0.011453942098982223,0.013751925801914115,swin_tiny,gz2,hard,d4,224,full,bce,0,3,False,True
swin_tiny_hard_d4_s224_full_bce_nfull_seed3,3,0.6,0.8,13270,0.2775686077643909,0.16729464958553128,0.8327053504144687,0.1657874905802562,0.008074283407347598,0.9984928409947249,0.9965753536341772,0.9999910929028576,0.0022577798105383835,0.0010727444528182957,swin_tiny,gz2,hard,d4,224,full,bce,0,3,False,True
swin_tiny_hard_d4_s224_full_bce_nfull_seed3,4,0.8,1.0,16733,0.35000418340026773,0.22769377876053307,0.7723062212394669,0.22757425446722046,0.0008074283407347598,0.9998804757066874,0.9997375328083989,1.0,0.00034543126597519304,7.179357108201586e-05,swin_tiny,gz2,hard,d4,224,full,bce,0,3,False,True
swin_tiny_hard_d4_s224_full_bce_nfull_seed4,0,0.0,0.2,5107,0.10682312583668005,0.4315645192872528,0.5684354807127472,0.0859604464460545,0.7012316249503378,0.6543959271588017,0.6484260759099574,0.7086146098316216,0.17910430918035974,0.25178550555510254,swin_tiny,gz2,hard,d4,224,full,bce,0,4,False,True
swin_tiny_hard_d4_s224_full_bce_nfull_seed4,1,0.2,0.4,5703,0.11928965863453815,0.38523584078555145,0.6147641592144486,0.27844993862879175,0.24195470798569726,0.8932140978432404,0.8863832104194358,0.9580137152228276,0.010825450457337744,0.0775323680831386,swin_tiny,gz2,hard,d4,224,full,bce,0,4,False,True
swin_tiny_hard_d4_s224_full_bce_nfull_seed4,2,0.4,0.6,6995,0.14631442436412315,0.2923516797712652,0.7076483202287348,0.2749106504646176,0.04847040127135479,0.9825589706933524,0.9757672075275987,0.9980190659652761,0.01106732054102983,0.013617578276440402,swin_tiny,gz2,hard,d4,224,full,bce,0,4,False,True
swin_tiny_hard_d4_s224_full_bce_nfull_seed4,3,0.6,0.8,13270,0.2775686077643909,0.16729464958553128,0.8327053504144687,0.1657874905802562,0.007945967421533572,0.9984928409947249,0.9967553299906241,0.9999876278993927,0.0018307953045823176,0.0012334471028527475,swin_tiny,gz2,hard,d4,224,full,bce,0,4,False,True
swin_tiny_hard_d4_s224_full_bce_nfull_seed4,4,0.8,1.0,16733,0.35000418340026773,0.22769377876053307,0.7723062212394669,0.22763401661387683,0.0003972983710766786,0.9999402378533437,0.9998687664041994,1.0,0.00024042092940203025,4.254527913536778e-05,swin_tiny,gz2,hard,d4,224,full,bce,0,4,False,True
swin_tiny_soft_d4_s224_full_bce_nfull_seed0,0,0.0,0.2,5107,0.10682312583668005,0.4315645192872528,0.5684354807127472,0.10358331701586065,0.7592928377153219,0.6720187977286078,0.6680787538768643,0.7300554436145598,0.0754519365691429,0.21647089744014147,swin_tiny,gz2,soft,d4,224,full,bce,0,0,False,True
swin_tiny_soft_d4_s224_full_bce_nfull_seed0,1,0.2,0.4,5703,0.11928965863453815,0.38523584078555145,0.6147641592144486,0.3038751534280203,0.21033544877606528,0.9186393126424689,0.9171735247541051,0.9742512413208803,0.26161252371881916,0.13396765745201222,swin_tiny,gz2,soft,d4,224,full,bce,0,0,False,True
swin_tiny_soft_d4_s224_full_bce_nfull_seed0,2,0.4,0.6,6995,0.14631442436412315,0.2923516797712652,0.7076483202287348,0.2836311651179414,0.027651858567543066,0.9912794853466762,0.9888162801610234,0.9995246844977896,0.23661406617758102,0.06874478248454949,swin_tiny,gz2,soft,d4,224,full,bce,0,0,False,True
swin_tiny_soft_d4_s224_full_bce_nfull_seed0,3,0.6,0.8,13270,0.2775686077643909,0.16729464958553128,0.8327053504144687,0.1669932177844763,0.001813236627379873,0.999698568198945,0.999459051811993,0.9999967795850149,0.13941597083433285,0.02397752448341134,swin_tiny,gz2,soft,d4,224,full,bce,0,0,False,True
swin_tiny_soft_d4_s224_full_bce_nfull_seed0,4,0.8,1.0,16733,0.35000418340026773,0.22769377876053307,0.7723062212394669,0.22757425446722046,0.0009066183136899365,0.9998804757066874,0.9998300756977072,0.9999999796899178,0.08050064738068002,0.008103412485226997,swin_tiny,gz2,soft,d4,224,full,bce,0,0,False,True
swin_tiny_soft_d4_s224_full_bce_nfull_seed1,0,0.0,0.2,5107,0.10682312583668005,0.4315645192872528,0.5684354807127472,0.10436655570785203,0.7658111824014665,0.6728020364205992,0.6697509397938048,0.730769627514687,0.07749234935892804,0.21662693156475188,swin_tiny,gz2,soft,d4,224,full,bce,0,1,False,True
swin_tiny_soft_d4_s224_full_bce_nfull_seed1,1,0.2,0.4,5703,0.11928965863453815,0.38523584078555145,0.6147641592144486,0.3058039628265824,0.2076076993583868,0.920568122041031,0.9200168201153831,0.9738500174354855,0.2640790684367823,0.13445461237398013,swin_tiny,gz2,soft,d4,224,full,bce,0,1,False,True
swin_tiny_soft_d4_s224_full_bce_nfull_seed1,2,0.4,0.6,6995,0.14631442436412315,0.2923516797712652,0.7076483202287348,0.28477483917083635,0.024289642529789185,0.9924231593995712,0.9906287817045762,0.9994244646958583,0.23823620023856937,0.0690470708304961,swin_tiny,gz2,soft,d4,224,full,bce,0,1,False,True
swin_tiny_soft_d4_s224_full_bce_nfull_seed1,3,0.6,0.8,13270,0.2775686077643909,0.16729464958553128,0.8327053504144687,0.1669178598342126,0.00229147571035747,0.9996232102486813,0.9994138029432147,0.9999981655864009,0.14003276548375737,0.024182943082512395,swin_tiny,gz2,soft,d4,224,full,bce,0,1,False,True
swin_tiny_soft_d4_s224_full_bce_nfull_seed1,4,0.8,1.0,16733,0.35000418340026773,0.22769377876053307,0.7723062212394669,0.2276937787605331,0.0,1.0,1.0,1.0,0.08103111333179294,0.008179347427731647,swin_tiny,gz2,soft,d4,224,full,bce,0,1,False,True
swin_tiny_soft_d4_s224_full_bce_nfull_seed2,0,0.0,0.2,5107,0.10682312583668005,0.4315645192872528,0.5684354807127472,0.10338750734286273,0.7614720581553839,0.6718229880556099,0.667688019715508,0.7283180050926727,0.07580761087134501,0.2168578043995961,swin_tiny,gz2,soft,d4,224,full,bce,0,2,False,True
swin_tiny_soft_d4_s224_full_bce_nfull_seed2,1,0.2,0.4,5703,0.11928965863453815,0.38523584078555145,0.6147641592144486,0.3038751534280203,0.21081326669695594,0.9186393126424689,0.9164087911197685,0.9741438112075768,0.2617664419045349,0.13403472885553402,swin_tiny,gz2,soft,d4,224,full,bce,0,2,False,True
swin_tiny_soft_d4_s224_full_bce_nfull_seed2,2,0.4,0.6,6995,0.14631442436412315,0.2923516797712652,0.7076483202287348,0.28477483917083635,0.02407996365288505,0.9924231593995712,0.9896243609691042,0.999466103578573,0.23721485861535152,0.06850985613235591,swin_tiny,gz2,soft,d4,224,full,bce,0,2,False,True
swin_tiny_soft_d4_s224_full_bce_nfull_seed2,3,0.6,0.8,13270,0.2775686077643909,0.16729464958553128,0.8327053504144687,0.16669178598342127,0.003634711494775102,0.99939713639789,0.998918103623986,0.9999974318209612,0.1390138613437699,0.02387794342231311,swin_tiny,gz2,soft,d4,224,full,bce,0,2,False,True
swin_tiny_soft_d4_s224_full_bce_nfull_seed2,4,0.8,1.0,16733,0.35000418340026773,0.22769377876053307,0.7723062212394669,0.2276937787605331,0.0,1.0,1.0,1.0,0.08054875636144136,0.008086081102042113,swin_tiny,gz2,soft,d4,224,full,bce,0,2,False,True
swin_tiny_soft_d4_s224_full_bce_nfull_seed3,0,0.0,0.2,5107,0.10682312583668005,0.4315645192872528,0.5684354807127472,0.09379283336596833,0.758575197889182,0.6622283140787155,0.6648201872648172,0.7279725960940338,0.06509374297421483,0.21817835097286636,swin_tiny,gz2,soft,d4,224,full,bce,0,3,False,True
swin_tiny_soft_d4_s224_full_bce_nfull_seed3,1,0.2,0.4,5703,0.11928965863453815,0.38523584078555145,0.6147641592144486,0.30159565141153777,0.20976253298153033,0.9163598106259864,0.9193981395051749,0.9742467623614736,0.25814263422682937,0.13419968789166295,swin_tiny,gz2,soft,d4,224,full,bce,0,3,False,True
swin_tiny_soft_d4_s224_full_bce_nfull_seed3,2,0.4,0.6,6995,0.14631442436412315,0.2923516797712652,0.7076483202287348,0.2832022873481058,0.028144239226033423,0.9908506075768406,0.9895176705934652,0.999454496060853,0.2346772680875231,0.06832923175730839,swin_tiny,gz2,soft,d4,224,full,bce,0,3,False,True
swin_tiny_soft_d4_s224_full_bce_nfull_seed3,3,0.6,0.8,13270,0.2775686077643909,0.16729464958553128,0.8327053504144687,0.16676714393368508,0.0030782761653474055,0.9994724943481538,0.9991433288492112,0.9999980840569076,0.13896879279886362,0.02371715053073709,swin_tiny,gz2,soft,d4,224,full,bce,0,3,False,True
swin_tiny_soft_d4_s224_full_bce_nfull_seed3,4,0.8,1.0,16733,0.35000418340026773,0.22769377876053307,0.7723062212394669,0.22763401661387683,0.00043975373790677223,0.9999402378533437,0.9999613092935077,1.0,0.08180182453616497,0.008218210802755265,swin_tiny,gz2,soft,d4,224,full,bce,0,3,False,True
swin_tiny_soft_d4_s224_full_bce_nfull_seed4,0,0.0,0.2,5107,0.10682312583668005,0.4315645192872528,0.5684354807127472,0.1008419815938908,0.7663339382940109,0.669277462306638,0.664137965419089,0.7268249317152979,0.07315586043537446,0.21691675511557088,swin_tiny,gz2,soft,d4,224,full,bce,0,4,False,True
swin_tiny_soft_d4_s224_full_bce_nfull_seed4,1,0.2,0.4,5703,0.11928965863453815,0.38523584078555145,0.6147641592144486,0.30650534806242324,0.20372050816696916,0.9212695072768718,0.9184630106760217,0.9740526741205204,0.2640810309351274,0.13382164471945174,swin_tiny,gz2,soft,d4,224,full,bce,0,4,False,True
swin_tiny_soft_d4_s224_full_bce_nfull_seed4,2,0.4,0.6,6995,0.14631442436412315,0.2923516797712652,0.7076483202287348,0.284060042887777,0.02631578947368421,0.9917083631165118,0.9889758217875577,0.9993034995431084,0.2370518130621073,0.06894798648998551,swin_tiny,gz2,soft,d4,224,full,bce,0,4,False,True
swin_tiny_soft_d4_s224_full_bce_nfull_seed4,3,0.6,0.8,13270,0.2775686077643909,0.16729464958553128,0.8327053504144687,0.16669178598342127,0.003629764065335753,0.99939713639789,0.9987381272675391,0.9999906241082711,0.1393315575654761,0.02408193471475827,swin_tiny,gz2,soft,d4,224,full,bce,0,4,False,True
swin_tiny_soft_d4_s224_full_bce_nfull_seed4,4,0.8,1.0,16733,0.35000418340026773,0.22769377876053307,0.7723062212394669,0.2276937787605331,0.0,1.0,1.0,1.0,0.08053768449289019,0.008102073157342633,swin_tiny,gz2,soft,d4,224,full,bce,0,4,False,True
vit_base_hard_d4_s224_full_bce_nfull_seed0,0,0.0,0.2,5107,0.10682312583668005,0.4315645192872528,0.5684354807127472,0.08576463677305657,0.6884990253411306,0.6542001174858038,0.6471067229407216,0.7041665702855736,0.17978215219308952,0.2524067490972089,vit_base,gz2,hard,d4,224,full,bce,0,0,False,True
vit_base_hard_d4_s224_full_bce_nfull_seed0,1,0.2,0.4,5703,0.11928965863453815,0.38523584078555145,0.6147641592144486,0.27441697352270733,0.24639376218323586,0.8891811327371559,0.8828482079358851,0.9535103487330778,0.015868330077301405,0.0818865772027726,vit_base,gz2,hard,d4,224,full,bce,0,0,False,True
vit_base_hard_d4_s224_full_bce_nfull_seed0,2,0.4,0.6,6995,0.14631442436412315,0.2923516797712652,0.7076483202287348,0.27176554681915654,0.056140350877192984,0.9794138670478914,0.9739754513348646,0.9978074139932331,0.01359585399710499,0.015009704098538914,vit_base,gz2,hard,d4,224,full,bce,0,0,False,True
vit_base_hard_d4_s224_full_bce_nfull_seed0,3,0.6,0.8,13270,0.2775686077643909,0.16729464958553128,0.8327053504144687,0.1656367746797287,0.008576998050682261,0.9983421250941974,0.9959449268272798,0.9999862622803801,0.002278472040065456,0.001343939608426001,vit_base,gz2,hard,d4,224,full,bce,0,0,False,True
vit_base_hard_d4_s224_full_bce_nfull_seed0,4,0.8,1.0,16733,0.35000418340026773,0.22769377876053307,0.7723062212394669,0.22763401661387683,0.0003898635477582846,0.9999402378533437,0.9998687664041994,0.9999999086046303,0.00019870293829939997,7.579199120934342e-05,vit_base,gz2,hard,d4,224,full,bce,0,0,False,True
vit_base_hard_d4_s224_full_bce_nfull_seed1,0,0.0,0.2,5107,0.10682312583668005,0.4315645192872528,0.5684354807127472,0.0775406305071471,0.6929858183211959,0.6459761112198943,0.6418939384940667,0.6984464566038137,0.1868445734924027,0.258299636890341,vit_base,gz2,hard,d4,224,full,bce,0,1,False,True
vit_base_hard_d4_s224_full_bce_nfull_seed1,1,0.2,0.4,5703,0.11928965863453815,0.38523584078555145,0.6147641592144486,0.2724881641241451,0.2464545802989651,0.8872523233385937,0.8831488175157691,0.9509789577188827,0.019590872858638617,0.08369757305170834,vit_base,gz2,hard,d4,224,full,bce,0,1,False,True
vit_base_hard_d4_s224_full_bce_nfull_seed1,2,0.4,0.6,6995,0.14631442436412315,0.2923516797712652,0.7076483202287348,0.2731951393852752,0.051360674587964734,0.98084345961401,0.9755595070509496,0.9975557037366328,0.012435177248104487,0.01568479195465301,vit_base,gz2,hard,d4,224,full,bce,0,1,False,True
vit_base_hard_d4_s224_full_bce_nfull_seed1,3,0.6,0.8,13270,0.2775686077643909,0.16729464958553128,0.8327053504144687,0.165561416729465,0.008815638175546186,0.9982667671439337,0.9960796543149484,0.9999700175288411,0.0021743218289689715,0.0014190791397122168,vit_base,gz2,hard,d4,224,full,bce,0,1,False,True
vit_base_hard_d4_s224_full_bce_nfull_seed1,4,0.8,1.0,16733,0.35000418340026773,0.22769377876053307,0.7723062212394669,0.22763401661387683,0.0003832886163280951,0.9999402378533437,0.9998687664041994,1.0,0.0002968996903669711,4.797110112017169e-05,vit_base,gz2,hard,d4,224,full,bce,0,1,False,True
vit_base_hard_d4_s224_full_bce_nfull_seed2,0,0.0,0.2,5107,0.10682312583668005,0.4315645192872528,0.5684354807127472,0.08674368513804587,0.6846811819595645,0.655179165850793,0.6510268806347774,0.7064955021809217,0.1851993984544284,0.25542209097476654,vit_base,gz2,hard,d4,224,full,bce,0,2,False,True
vit_base_hard_d4_s224_full_bce_nfull_seed2,1,0.2,0.4,5703,0.11928965863453815,0.38523584078555145,0.6147641592144486,0.26985796948974217,0.2558320373250389,0.8846221287041908,0.8781206338259842,0.950986747213503,0.024298523522656858,0.08525175039971804,vit_base,gz2,hard,d4,224,full,bce,0,2,False,True
vit_base_hard_d4_s224_full_bce_nfull_seed2,2,0.4,0.6,6995,0.14631442436412315,0.2923516797712652,0.7076483202287348,0.27362401715511075,0.05093312597200622,0.9812723373838456,0.976293003383468,0.9976978587834334,0.0091662102375713,0.015308892151024338,vit_base,gz2,hard,d4,224,full,bce,0,2,False,True
vit_base_hard_d4_s224_full_bce_nfull_seed2,3,0.6,0.8,13270,0.2775686077643909,0.16729464958553128,0.8327053504144687,0.16571213262999251,0.008164852255054433,0.9984174830444612,0.9967100811218458,0.9999770698300109,0.002307711590130474,0.0013449357346064282,vit_base,gz2,hard,d4,224,full,bce,0,2,False,True
vit_base_hard_d4_s224_full_bce_nfull_seed2,4,0.8,1.0,16733,0.35000418340026773,0.22769377876053307,0.7723062212394669,0.22763401661387683,0.00038880248833592535,0.9999402378533437,0.9998687664041994,1.0,0.0002633492036072532,3.721771690462359e-05,vit_base,gz2,hard,d4,224,full,bce,0,2,False,True
vit_base_hard_d4_s224_full_bce_nfull_seed3,0,0.0,0.2,5107,0.10682312583668005,0.4315645192872528,0.5684354807127472,0.08008615625611903,0.6776141940354851,0.6485216369688662,0.631241587493506,0.7000265855523388,0.1889842268767118,0.2547341349216646,vit_base,gz2,hard,d4,224,full,bce,0,3,False,True
vit_base_hard_d4_s224_full_bce_nfull_seed3,1,0.2,0.4,5703,0.11928965863453815,0.38523584078555145,0.6147641592144486,0.26810450640014016,0.25217063042657606,0.8828686656145888,0.8676026739777132,0.9535477383072546,0.019175730247944958,0.08359722180053948,vit_base,gz2,hard,d4,224,full,bce,0,3,False,True
vit_base_hard_d4_s224_full_bce_nfull_seed3,2,0.4,0.6,6995,0.14631442436412315,0.2923516797712652,0.7076483202287348,0.270192994996426,0.058512646281615704,0.9778413152251608,0.9666943271344249,0.9973610925884765,0.010191359566155012,0.017131778414135882,vit_base,gz2,hard,d4,224,full,bce,0,3,False,True
vit_base_hard_d4_s224_full_bce_nfull_seed3,3,0.6,0.8,13270,0.2775686077643909,0.16729464958553128,0.8327053504144687,0.16503391107761878,0.011325028312570781,0.9977392614920875,0.9946830540948188,0.999970771676654,0.0030538041151109254,0.0019111772397046,vit_base,gz2,hard,d4,224,full,bce,0,3,False,True
vit_base_hard_d4_s224_full_bce_nfull_seed3,4,0.8,1.0,16733,0.35000418340026773,0.22769377876053307,0.7723062212394669,0.22763401661387683,0.00037750094375235937,0.9999402378533437,0.9998687664041994,0.9999998375193428,0.00033906623742502003,9.668532344649031e-05,vit_base,gz2,hard,d4,224,full,bce,0,3,False,True
vit_base_hard_d4_s224_full_bce_nfull_seed4,0,0.0,0.2,5107,0.10682312583668005,0.4315645192872528,0.5684354807127472,0.07793224985314273,0.680482290881688,0.6463677305658899,0.6328975970161663,0.7001331778315567,0.1688738289402445,0.24850404533657536,vit_base,gz2,hard,d4,224,full,bce,0,4,False,True
vit_base_hard_d4_s224_full_bce_nfull_seed4,1,0.2,0.4,5703,0.11928965863453815,0.38523584078555145,0.6147641592144486,0.2700333157987024,0.24755086661642803,0.884797475013151,0.8722303478191102,0.9526450657056854,0.009314242753298351,0.08325072299373988,vit_base,gz2,hard,d4,224,full,bce,0,4,False,True
vit_base_hard_d4_s224_full_bce_nfull_seed4,2,0.4,0.6,6995,0.14631442436412315,0.2923516797712652,0.7076483202287348,0.26933523945675486,0.06066314996232103,0.9769835596854897,0.9653708231458842,0.9976992912005137,0.015926013756381793,0.01793788965458293,vit_base,gz2,hard,d4,224,full,bce,0,4,False,True
vit_base_hard_d4_s224_full_bce_nfull_seed4,3,0.6,0.8,13270,0.2775686077643909,0.16729464958553128,0.8327053504144687,0.16510926902788248,0.01092690278824416,0.9978146194423512,0.9943683502507032,0.999980351392116,0.00408214810174072,0.0018525308829349144,vit_base,gz2,hard,d4,224,full,bce,0,4,False,True
vit_base_hard_d4_s224_full_bce_nfull_seed4,4,0.8,1.0,16733,0.35000418340026773,0.22769377876053307,0.7723062212394669,0.22763401661387683,0.00037678975131876413,0.9999402378533437,0.9998687664041994,1.0,0.0005989799825129869,8.071017043837617e-05,vit_base,gz2,hard,d4,224,full,bce,0,4,False,True
vit_base_soft_d4_s224_full_bce_nfull_seed0,0,0.0,0.2,5107,0.10682312583668005,0.4315645192872528,0.5684354807127472,0.09868807519091449,0.746268656716418,0.6671235559036617,0.6671049661999321,0.7246272083513332,0.07187745979831534,0.2184281353804069,vit_base,gz2,soft,d4,224,full,bce,0,0,False,True
vit_base_soft_d4_s224_full_bce_nfull_seed0,1,0.2,0.4,5703,0.11928965863453815,0.38523584078555145,0.6147641592144486,0.3005435735577765,0.21202809482001755,0.9153077327722251,0.9141240025227576,0.9706655422098432,0.2613634188463035,0.13684267908738248,vit_base,gz2,soft,d4,224,full,bce,0,0,False,True
vit_base_soft_d4_s224_full_bce_nfull_seed0,2,0.4,0.6,6995,0.14631442436412315,0.2923516797712652,0.7076483202287348,0.28034310221586844,0.03687445127304653,0.9879914224446033,0.985201649749327,0.9990577659232917,0.2410043495879632,0.0730866999733049,vit_base,gz2,soft,d4,224,full,bce,0,0,False,True
vit_base_soft_d4_s224_full_bce_nfull_seed0,3,0.6,0.8,13270,0.2775686077643909,0.16729464958553128,0.8327053504144687,0.16646571213263006,0.004828797190517998,0.9991710625470988,0.9982424279483103,0.9999942929354695,0.1469265323084553,0.026649381115652605,vit_base,gz2,soft,d4,224,full,bce,0,0,False,True
vit_base_soft_d4_s224_full_bce_nfull_seed0,4,0.8,1.0,16733,0.35000418340026773,0.22769377876053307,0.7723062212394669,0.2276937787605331,0.0,1.0,1.0,1.0,0.08613923928444195,0.009242951032010557,vit_base,gz2,soft,d4,224,full,bce,0,0,False,True
vit_base_soft_d4_s224_full_bce_nfull_seed1,0,0.0,0.2,5107,0.10682312583668005,0.4315645192872528,0.5684354807127472,0.10280007832386917,0.7354358300481822,0.6712355590366164,0.6557547639871889,0.7221587062135484,0.07349568919960897,0.21623530157043538,vit_base,gz2,soft,d4,224,full,bce,0,1,False,True
vit_base_soft_d4_s224_full_bce_nfull_seed1,1,0.2,0.4,5703,0.11928965863453815,0.38523584078555145,0.6147641592144486,0.2970366473785726,0.22032413491020586,0.9118008065930212,0.9000556559390612,0.9701681829783444,0.2556868719674193,0.1359365597255193,vit_base,gz2,soft,d4,224,full,bce,0,1,False,True
vit_base_soft_d4_s224_full_bce_nfull_seed1,2,0.4,0.6,6995,0.14631442436412315,0.2923516797712652,0.7076483202287348,0.28005718370264476,0.037669732807709154,0.9877055039313796,0.9815559013114026,0.9991943394828481,0.23658713105855625,0.07148065768686597,vit_base,gz2,soft,d4,224,full,bce,0,1,False,True
vit_base_soft_d4_s224_full_bce_nfull_seed1,3,0.6,0.8,13270,0.2775686077643909,0.16729464958553128,0.8327053504144687,0.16616428033157504,0.006570302233902759,0.9988696307460437,0.9968015979780686,0.9999971668501081,0.14152913379181842,0.025345002524922316,vit_base,gz2,soft,d4,224,full,bce,0,1,False,True
vit_base_soft_d4_s224_full_bce_nfull_seed1,4,0.8,1.0,16733,0.35000418340026773,0.22769377876053307,0.7723062212394669,0.2276937787605331,0.0,1.0,1.0,1.0,0.08378818396685715,0.008734898680322987,vit_base,gz2,soft,d4,224,full,bce,0,1,False,True
vit_base_soft_d4_s224_full_bce_nfull_seed2,0,0.0,0.2,5107,0.10682312583668005,0.4315645192872528,0.5684354807127472,0.09203054630898766,0.7331923890063425,0.6604660270217348,0.6637616884217028,0.7222584215715265,0.06519590020588237,0.21990318716326426,vit_base,gz2,soft,d4,224,full,bce,0,2,False,True
vit_base_soft_d4_s224_full_bce_nfull_seed2,1,0.2,0.4,5703,0.11928965863453815,0.38523584078555145,0.6147641592144486,0.29054883394704534,0.22832980972515857,0.9053129931614939,0.9078644295584317,0.9675676601993956,0.25270910589173035,0.13929570522359905,vit_base,gz2,soft,d4,224,full,bce,0,2,False,True
vit_base_soft_d4_s224_full_bce_nfull_seed2,2,0.4,0.6,6995,0.14631442436412315,0.2923516797712652,0.7076483202287348,0.280771979985704,0.034249471458773786,0.9884203002144388,0.9873700328468055,0.9989155614827987,0.24255924159507825,0.07375134840927859,vit_base,gz2,soft,d4,224,full,bce,0,2,False,True
vit_base_soft_d4_s224_full_bce_nfull_seed2,3,0.6,0.8,13270,0.2775686077643909,0.16729464958553128,0.8327053504144687,0.16654107008289376,0.004228329809725159,0.9992464204973625,0.9988276058864294,0.9999930496106967,0.14897207786899674,0.027188959832750225,vit_base,gz2,soft,d4,224,full,bce,0,2,False,True
vit_base_soft_d4_s224_full_bce_nfull_seed2,4,0.8,1.0,16733,0.35000418340026773,0.22769377876053307,0.7723062212394669,0.2276937787605331,0.0,1.0,1.0,1.0,0.08838382786207641,0.009640887345610147,vit_base,gz2,soft,d4,224,full,bce,0,2,False,True
vit_base_soft_d4_s224_full_bce_nfull_seed3,0,0.0,0.2,5107,0.10682312583668005,0.4315645192872528,0.5684354807127472,0.09868807519091449,0.7502206531332745,0.6671235559036617,0.6628988692465958,0.724605014650968,0.07028107319719434,0.21715940007986903,vit_base,gz2,soft,d4,224,full,bce,0,3,False,True
vit_base_soft_d4_s224_full_bce_nfull_seed3,1,0.2,0.4,5703,0.11928965863453815,0.38523584078555145,0.6147641592144486,0.3007189198667367,0.21270962047661077,0.9154830790811853,0.9120573846875673,0.9700440054516076,0.2585336693426862,0.13524246014304397,vit_base,gz2,soft,d4,224,full,bce,0,3,False,True
vit_base_soft_d4_s224_full_bce_nfull_seed3,2,0.4,0.6,6995,0.14631442436412315,0.2923516797712652,0.7076483202287348,0.2816297355253753,0.03309796999117388,0.9892780557541101,0.9862542293349139,0.9989844656837322,0.2368970775275123,0.07046968993228678,vit_base,gz2,soft,d4,224,full,bce,0,3,False,True
vit_base_soft_d4_s224_full_bce_nfull_seed3,3,0.6,0.8,13270,0.2775686077643909,0.16729464958553128,0.8327053504144687,0.16661642803315757,0.003971756398940865,0.9993217784476263,0.9985129020423138,0.9999874444580327,0.14115917320561838,0.024908193783451254,vit_base,gz2,soft,d4,224,full,bce,0,3,False,True
vit_base_soft_d4_s224_full_bce_nfull_seed3,4,0.8,1.0,16733,0.35000418340026773,0.22769377876053307,0.7723062212394669,0.2276937787605331,0.0,1.0,1.0,1.0,0.0828143037530138,0.008491672179385517,vit_base,gz2,soft,d4,224,full,bce,0,3,False,True
vit_base_soft_d4_s224_full_bce_nfull_seed4,0,0.0,0.2,5107,0.10682312583668005,0.4315645192872528,0.5684354807127472,0.09477188173095752,0.7468519322622666,0.6632073624437047,0.661912265489171,0.724814995189281,0.07043534438945512,0.21813119144379978,vit_base,gz2,soft,d4,224,full,bce,0,4,False,True
vit_base_soft_d4_s224_full_bce_nfull_seed4,1,0.2,0.4,5703,0.11928965863453815,0.38523584078555145,0.6147641592144486,0.29580922321585124,0.2214502822405558,0.9105733824302998,0.908743993325961,0.96977864333488,0.2581642963307041,0.13794473166812843,vit_base,gz2,soft,d4,224,full,bce,0,4,False,True
vit_base_soft_d4_s224_full_bce_nfull_seed4,2,0.4,0.6,6995,0.14631442436412315,0.2923516797712652,0.7076483202287348,0.2832022873481058,0.027789839339991317,0.9908506075768406,0.9890872045639771,0.9991500827344348,0.2452843673814826,0.07360727011554351,vit_base,gz2,soft,d4,224,full,bce,0,4,False,True
vit_base_soft_d4_s224_full_bce_nfull_seed4,3,0.6,0.8,13270,0.2775686077643909,0.16729464958553128,0.8327053504144687,0.16669178598342127,0.0034737299174989146,0.99939713639789,0.998918103623986,0.9999943540825893,0.14675320422146312,0.026732106265260343,vit_base,gz2,soft,d4,224,full,bce,0,4,False,True
vit_base_soft_d4_s224_full_bce_nfull_seed4,4,0.8,1.0,16733,0.35000418340026773,0.22769377876053307,0.7723062212394669,0.22763401661387683,0.0004342162396873643,0.9999402378533437,0.9999613092935077,1.0,0.08517756179261854,0.009113460327927406,vit_base,gz2,soft,d4,224,full,bce,0,4,False,True
vit_small_hard_conf_d4_s224_full_bce_nfull_seed0,0,0.0,0.2,5107,0.10682312583668005,0.4315645192872528,0.5684354807127472,0.07264538868220094,0.6638898949655921,0.6410808693949481,0.6468742361147145,0.6992378495742249,0.31271044511257484,0.32814120585613754,vit_small,gz2,hard_conf,d4,224,full,bce,0,0,False,True
vit_small_hard_conf_d4_s224_full_bce_nfull_seed0,1,0.2,0.4,5703,0.11928965863453815,0.38523584078555145,0.6147641592144486,0.26073996142381195,0.25715320536037667,0.8755041206382606,0.8787769636601901,0.9458256877279889,0.10423468583027483,0.11258766600820883,vit_small,gz2,hard_conf,d4,224,full,bce,0,0,False,True
vit_small_hard_conf_d4_s224_full_bce_nfull_seed0,2,0.4,0.6,6995,0.14631442436412315,0.2923516797712652,0.7076483202287348,0.2647605432451752,0.06990220934444041,0.97240886347391,0.9698868884443457,0.9959936776073696,0.020716474777777282,0.023560112808303408,vit_small,gz2,hard_conf,d4,224,full,bce,0,0,False,True
vit_small_hard_conf_d4_s224_full_bce_nfull_seed0,3,0.6,0.8,13270,0.2775686077643909,0.16729464958553128,0.8327053504144687,0.165561416729465,0.00833031510322347,0.9982667671439337,0.9966195833842892,0.9999727691492398,0.0010950638786019942,0.0014114904933728212,vit_small,gz2,hard_conf,d4,224,full,bce,0,0,False,True
vit_small_hard_conf_d4_s224_full_bce_nfull_seed0,4,0.8,1.0,16733,0.35000418340026773,0.22769377876053307,0.7723062212394669,0.22757425446722046,0.0007243752263672582,0.9998804757066874,0.9997375328083989,0.9999999390697536,0.00010567302828058057,9.644047262029783e-05,vit_small,gz2,hard_conf,d4,224,full,bce,0,0,False,True
vit_small_hard_conf_d4_s224_full_bce_nfull_seed1,0,0.0,0.2,5107,0.10682312583668005,0.4315645192872528,0.5684354807127472,0.0710789112982182,0.6553933784264863,0.6395143920109654,0.6408532571287103,0.6981525463676415,0.3133541150106081,0.3274334448732995,vit_small,gz2,hard_conf,d4,224,full,bce,0,1,False,True
vit_small_hard_conf_d4_s224_full_bce_nfull_seed1,1,0.2,0.4,5703,0.11928965863453815,0.38523584078555145,0.6147641592144486,0.25407680168332447,0.26628693485226057,0.8688409608977731,0.8680895173914748,0.9436069800103393,0.10402377280789099,0.11369576002760043,vit_small,gz2,hard_conf,d4,224,full,bce,0,1,False,True
vit_small_hard_conf_d4_s224_full_bce_nfull_seed1,2,0.4,0.6,6995,0.14631442436412315,0.2923516797712652,0.7076483202287348,0.26518942101501075,0.06763972944108224,0.9728377412437456,0.9697594527178879,0.9961279790570745,0.01928092754455419,0.022876690020737892,vit_small,gz2,hard_conf,d4,224,full,bce,0,1,False,True
vit_small_hard_conf_d4_s224_full_bce_nfull_seed1,3,0.6,0.8,13270,0.2775686077643909,0.16729464958553128,0.8327053504144687,0.16518462697814618,0.009967960128159488,0.9978899773926149,0.995853409971057,0.9999603155191391,0.001588794055246718,0.0018133609870123958,vit_small,gz2,hard_conf,d4,224,full,bce,0,1,False,True
vit_small_hard_conf_d4_s224_full_bce_nfull_seed1,4,0.8,1.0,16733,0.35000418340026773,0.22769377876053307,0.7723062212394669,0.22757425446722046,0.000711997152011392,0.9998804757066874,0.9997375328083989,0.9999999593798357,0.00010083515713320402,8.124373453198928e-05,vit_small,gz2,hard_conf,d4,224,full,bce,0,1,False,True
vit_small_hard_conf_d4_s224_full_bce_nfull_seed2,0,0.0,0.2,5107,0.10682312583668005,0.4315645192872528,0.5684354807127472,0.05012727628744862,0.6219667943805874,0.6185627570001958,0.6296344978878474,0.6951921880675414,0.29268898799627346,0.3185290810276541,vit_small,gz2,hard_conf,d4,224,full,bce,0,2,False,True
vit_small_hard_conf_d4_s224_full_bce_nfull_seed2,1,0.2,0.4,5703,0.11928965863453815,0.38523584078555145,0.6147641592144486,0.23005435735577762,0.2825670498084291,0.8448185165702262,0.8543295698822826,0.9329369951920643,0.10287347629969748,0.12780066977787718,vit_small,gz2,hard_conf,d4,224,full,bce,0,2,False,True
vit_small_hard_conf_d4_s224_full_bce_nfull_seed2,2,0.4,0.6,6995,0.14631442436412315,0.2923516797712652,0.7076483202287348,0.25646890636168695,0.0801404853128991,0.9641172265904218,0.96546318935072,0.9945794867995357,0.016742731081468655,0.02782202237532821,vit_small,gz2,hard_conf,d4,224,full,bce,0,2,False,True
vit_small_hard_conf_d4_s224_full_bce_nfull_seed2,3,0.6,0.8,13270,0.2775686077643909,0.16729464958553128,0.8327053504144687,0.1639788997739262,0.0140485312899106,0.9966842501883949,0.9945894990012637,0.9999345318168847,0.0013426111739701608,0.00240811403374086,vit_small,gz2,hard_conf,d4,224,full,bce,0,2,False,True
vit_small_hard_conf_d4_s224_full_bce_nfull_seed2,4,0.8,1.0,16733,0.35000418340026773,0.22769377876053307,0.7723062212394669,0.22745473017390783,0.001277139208173691,0.9997609514133747,0.999567608506106,0.999999309457207,0.00017384322765081698,0.0001833616006452696,vit_small,gz2,hard_conf,d4,224,full,bce,0,2,False,True
vit_small_hard_d4_s224_full_bce_n10000_seed0,0,0.0,0.2,5107,0.10682312583668005,0.4315645192872528,0.5684354807127472,0.048560798903465874,0.566136034732272,0.6169962796162131,0.6221386537363875,0.6703543114857713,0.2159541824347564,0.2839639191163962,vit_small,gz2,hard,d4,224,full,bce,10000,0,False,True
vit_small_hard_d4_s224_full_bce_n10000_seed0,1,0.2,0.4,5703,0.11928965863453815,0.38523584078555145,0.6147641592144486,0.20971418551639487,0.28972503617945006,0.8244783447308435,0.8303091053220164,0.9091945506772836,0.05402886669288244,0.12803385656977023,vit_small,gz2,hard,d4,224,full,bce,10000,0,False,True
vit_small_hard_d4_s224_full_bce_n10000_seed0,2,0.4,0.6,6995,0.14631442436412315,0.2923516797712652,0.7076483202287348,0.2381701215153681,0.10969609261939219,0.9458184417441029,0.9440680645081623,0.9860600133362971,0.0065733847813856045,0.04111974270990483,vit_small,gz2,hard,d4,224,full,bce,10000,0,False,True
vit_small_hard_d4_s224_full_bce_n10000_seed0,3,0.6,0.8,13270,0.2775686077643909,0.16729464958553128,0.8327053504144687,0.15960813865862855,0.029522431259044864,0.9923134890730972,0.9881855611267376,0.9995604541192776,0.006549136444145396,0.005830852370027488,vit_small,gz2,hard,d4,224,full,bce,10000,0,False,True
vit_small_hard_d4_s224_full_bce_n10000_seed0,4,0.8,1.0,16733,0.35000418340026773,0.22769377876053307,0.7723062212394669,0.22667782226737587,0.004920405209840811,0.9989840435068428,0.9984168290965487,0.9999910026336084,0.0014594157078261373,0.0007644480905065363,vit_small,gz2,hard,d4,224,full,bce,10000,0,False,True
vit_small_hard_d4_s224_full_bce_n10000_seed1,0,0.0,0.2,5107,0.10682312583668005,0.4315645192872528,0.5684354807127472,0.03602897983160369,0.5435952637244349,0.6044644605443509,0.6237338650235409,0.683395689295697,0.19883089527078668,0.27912869962098297,vit_small,gz2,hard,d4,224,full,bce,10000,1,False,True
vit_small_hard_d4_s224_full_bce_n10000_seed1,1,0.2,0.4,5703,0.11928965863453815,0.38523584078555145,0.6147641592144486,0.189374013677012,0.3005920344456405,0.8041381728914606,0.8219231950637453,0.909975772075233,0.047150734434042677,0.14042333120584485,vit_small,gz2,hard,d4,224,full,bce,10000,1,False,True
vit_small_hard_d4_s224_full_bce_n10000_seed1,2,0.4,0.6,6995,0.14631442436412315,0.2923516797712652,0.7076483202287348,0.22430307362401714,0.12809472551130247,0.9319513938527519,0.939866143093527,0.9868141562322492,0.017110714204662612,0.05022147523730559,vit_small,gz2,hard,d4,224,full,bce,10000,1,False,True
vit_small_hard_d4_s224_full_bce_n10000_seed1,3,0.6,0.8,13270,0.2775686077643909,0.16729464958553128,0.8327053504144687,0.160663149962321,0.023681377825618945,0.9933685003767897,0.9922385960621254,0.9995690758631937,0.013245969706849945,0.006153760408146631,vit_small,gz2,hard,d4,224,full,bce,10000,1,False,True
vit_small_hard_d4_s224_full_bce_n10000_seed1,4,0.8,1.0,16733,0.35000418340026773,0.22769377876053307,0.7723062212394669,0.2267973465606885,0.004036598493003229,0.9991035678001554,0.9986792962881497,0.9999907690676636,0.002559010726808772,0.0007505100510780098,vit_small,gz2,hard,d4,224,full,bce,10000,1,False,True
vit_small_hard_d4_s224_full_bce_n2000_seed0,0,0.0,0.2,5107,0.10682312583668005,0.4315645192872528,0.5684354807127472,0.05991775993734094,0.49646874182579126,0.6283532406500881,0.6052529988065416,0.6542001109059844,0.2397450243395348,0.2919123794555679,vit_small,gz2,hard,d4,224,full,bce,2000,0,False,True
vit_small_hard_d4_s224_full_bce_n2000_seed0,1,0.2,0.4,5703,0.11928965863453815,0.38523584078555145,0.6147641592144486,0.1872698579694897,0.2953178132356788,0.8020340171839383,0.7702492456523584,0.872267672480832,0.09744016036082295,0.1498910958379817,vit_small,gz2,hard,d4,224,full,bce,2000,0,False,True
vit_small_hard_d4_s224_full_bce_n2000_seed0,2,0.4,0.6,6995,0.14631442436412315,0.2923516797712652,0.7076483202287348,0.21929949964260187,0.13366466126078996,0.9269478198713367,0.8902709244029537,0.9728651799165247,0.02350042502173333,0.055138761386720664,vit_small,gz2,hard,d4,224,full,bce,2000,0,False,True
vit_small_hard_d4_s224_full_bce_n2000_seed0,3,0.6,0.8,13270,0.2775686077643909,0.16729464958553128,0.8327053504144687,0.14996232102486817,0.06016217630133403,0.9826676714393369,0.9537774652480535,0.9983263625616566,0.0029907086508365066,0.013131931798941628,vit_small,gz2,hard,d4,224,full,bce,2000,0,False,True
vit_small_hard_d4_s224_full_bce_n2000_seed0,4,0.8,1.0,16733,0.35000418340026773,0.22769377876053307,0.7723062212394669,0.22440686069443616,0.014386607376405965,0.9967130819339031,0.9930597808988958,0.9999772831731173,0.0018502257354313812,0.002483215686643265,vit_small,gz2,hard,d4,224,full,bce,2000,0,False,True
vit_small_hard_d4_s224_full_bce_n2000_seed1,0,0.0,0.2,5107,0.10682312583668005,0.4315645192872528,0.5684354807127472,0.05541413745839041,0.4830274075936636,0.6238496181711376,0.5936987552147381,0.6493505529357265,0.253152644399931,0.30035607660174274,vit_small,gz2,hard,d4,224,full,bce,2000,1,False,True
vit_small_hard_d4_s224_full_bce_n2000_seed1,1,0.2,0.4,5703,0.11928965863453815,0.38523584078555145,0.6147641592144486,0.18341223917236538,0.2894141312547146,0.798176398386814,0.7575101114131415,0.8791729945491713,0.1132815513798682,0.15803201026226896,vit_small,gz2,hard,d4,224,full,bce,2000,1,False,True
vit_small_hard_d4_s224_full_bce_n2000_seed1,2,0.4,0.6,6995,0.14631442436412315,0.2923516797712652,0.7076483202287348,0.21086490350250175,0.14332411365350767,0.9185132237312366,0.8716843249117088,0.9777686893383716,0.0308701791205501,0.0609287788170625,vit_small,gz2,hard,d4,224,full,bce,2000,1,False,True
vit_small_hard_d4_s224_full_bce_n2000_seed1,3,0.6,0.8,13270,0.2775686077643909,0.16729464958553128,0.8327053504144687,0.1469480030143181,0.06789036962534574,0.9796533534287868,0.9424287636052342,0.9986127756715992,0.004691379456013394,0.014822368126041744,vit_small,gz2,hard,d4,224,full,bce,2000,1,False,True
vit_small_hard_d4_s224_full_bce_n2000_seed1,4,0.8,1.0,16733,0.35000418340026773,0.22769377876053307,0.7723062212394669,0.2238092392278731,0.01634397787276842,0.99611546046734,0.9920250736088152,0.9999595321613197,0.0018299805108272472,0.003028728339943984,vit_small,gz2,hard,d4,224,full,bce,2000,1,False,True
vit_small_hard_d4_s224_full_bce_n25000_seed0,0,0.0,0.2,5107,0.10682312583668005,0.4315645192872528,0.5684354807127472,0.04973565694145288,0.5721830985915493,0.6181711376542001,0.6303278947305904,0.683697023480935,0.20155755234486536,0.2758154317187849,vit_small,gz2,hard,d4,224,full,bce,25000,0,False,True
vit_small_hard_d4_s224_full_bce_n25000_seed0,1,0.2,0.4,5703,0.11928965863453815,0.38523584078555145,0.6147641592144486,0.20761002980887244,0.2972417840375587,0.822374189023321,0.8325063919294604,0.9174172061108066,0.04392763668968688,0.12552312319547226,vit_small,gz2,hard,d4,224,full,bce,25000,0,False,True
vit_small_hard_d4_s224_full_bce_n25000_seed0,2,0.4,0.6,6995,0.14631442436412315,0.2923516797712652,0.7076483202287348,0.23917083631165115,0.10915492957746478,0.946819156540386,0.9509451483045614,0.9906145069274653,0.01166723131575343,0.03904917791477277,vit_small,gz2,hard,d4,224,full,bce,25000,0,False,True
vit_small_hard_d4_s224_full_bce_n25000_seed0,3,0.6,0.8,13270,0.2775686077643909,0.16729464958553128,0.8327053504144687,0.16239638281838742,0.019072769953051644,0.9951017332328561,0.9945391545391545,0.9998003954180424,0.009410761611058766,0.004599929057021293,vit_small,gz2,hard,d4,224,full,bce,25000,0,False,True
vit_small_hard_d4_s224_full_bce_n25000_seed0,4,0.8,1.0,16733,0.35000418340026773,0.22769377876053307,0.7723062212394669,0.22721568158728267,0.002347417840375587,0.9995219028267496,0.9992277599015205,0.9999981720926067,0.0018468231589308967,0.0004955433903043667,vit_small,gz2,hard,d4,224,full,bce,25000,0,False,True
vit_small_hard_d4_s224_full_bce_n25000_seed1,0,0.0,0.2,5107,0.10682312583668005,0.4315645192872528,0.5684354807127472,0.027413354219698483,0.560717196414018,0.5958488349324457,0.6195422252341748,0.6854034377104103,0.23894811913399172,0.29821819799044164,vit_small,gz2,hard,d4,224,full,bce,25000,1,False,True
vit_small_hard_d4_s224_full_bce_n25000_seed1,1,0.2,0.4,5703,0.11928965863453815,0.38523584078555145,0.6147641592144486,0.1925302472382956,0.29856017386579736,0.8072944064527442,0.8310329441095972,0.9267174732125771,0.07172580126293238,0.1405356434460839,vit_small,gz2,hard,d4,224,full,bce,25000,1,False,True
vit_small_hard_d4_s224_full_bce_n25000_seed1,2,0.4,0.6,6995,0.14631442436412315,0.2923516797712652,0.7076483202287348,0.23073624017155114,0.11708774789459386,0.938384560400286,0.949720678669334,0.9931383270356374,0.0072730670662230846,0.04382313418797326,vit_small,gz2,hard,d4,224,full,bce,25000,1,False,True
vit_small_hard_d4_s224_full_bce_n25000_seed1,3,0.6,0.8,13270,0.2775686077643909,0.16729464958553128,0.8327053504144687,0.16103993971363983,0.022548220592230373,0.9937452901281085,0.9946245566833802,0.9998101381924912,0.005750760515083907,0.005262572954816544,vit_small,gz2,hard,d4,224,full,bce,25000,1,False,True
vit_small_hard_d4_s224_full_bce_n25000_seed1,4,0.8,1.0,16733,0.35000418340026773,0.22769377876053307,0.7723062212394669,0.22745473017390783,0.0010866612333604998,0.9997609514133747,0.9998452371740307,0.999999593798357,0.0011761902211619118,0.0003300359773301525,vit_small,gz2,hard,d4,224,full,bce,25000,1,False,True
vit_small_hard_d4_s224_full_bce_n50000_seed0,0,0.0,0.2,5107,0.10682312583668005,0.4315645192872528,0.5684354807127472,0.08204425298609752,0.6418554476806904,0.6504797336988447,0.6451452374507128,0.6956548173145871,0.215583838766735,0.2728329892451098,vit_small,gz2,hard,d4,224,full,bce,50000,0,False,True
vit_small_hard_d4_s224_full_bce_n50000_seed0,1,0.2,0.4,5703,0.11928965863453815,0.38523584078555145,0.6147641592144486,0.2565316500087672,0.2639338367493707,0.8712958092232158,0.8670271601501919,0.9407083792372579,0.04853101273908976,0.09702816691498026,vit_small,gz2,hard,d4,224,full,bce,50000,0,False,True
vit_small_hard_d4_s224_full_bce_n50000_seed0,2,0.4,0.6,6995,0.14631442436412315,0.2923516797712652,0.7076483202287348,0.2600428877769836,0.08126573175116865,0.9676912080057184,0.9613879627571559,0.9940183250598899,0.00454814255434407,0.02408794097131504,vit_small,gz2,hard,d4,224,full,bce,50000,0,False,True
vit_small_hard_d4_s224_full_bce_n50000_seed0,3,0.6,0.8,13270,0.2775686077643909,0.16729464958553128,0.8327053504144687,0.16495855312735497,0.011147069399496584,0.9976639035418237,0.9946378052260405,0.9999277852513145,0.002056393877027018,0.002090746560734145,vit_small,gz2,hard,d4,224,full,bce,50000,0,False,True
vit_small_hard_d4_s224_full_bce_n50000_seed0,4,0.8,1.0,16733,0.35000418340026773,0.22769377876053307,0.7723062212394669,0.22739496802725156,0.0017979144192736426,0.9997011892667185,0.9994363749103056,0.9999991266664676,0.00020387080322255873,0.0002605470393918923,vit_small,gz2,hard,d4,224,full,bce,50000,0,False,True
vit_small_hard_d4_s224_full_bce_n50000_seed1,0,0.0,0.2,5107,0.10682312583668005,0.4315645192872528,0.5684354807127472,0.08165263364010189,0.6565025716385011,0.6500881143528491,0.6462756313795166,0.6921971325739128,0.16056624925375995,0.2519502134711319,vit_small,gz2,hard,d4,224,full,bce,50000,1,False,True
vit_small_hard_d4_s224_full_bce_n50000_seed1,1,0.2,0.4,5703,0.11928965863453815,0.38523584078555145,0.6147641592144486,0.2616166929686129,0.25900073475385743,0.8763808521830615,0.8727773650788128,0.9421152917905737,0.012142031812039395,0.09150138506386109,vit_small,gz2,hard,d4,224,full,bce,50000,1,False,True
vit_small_hard_d4_s224_full_bce_n50000_seed1,2,0.4,0.6,6995,0.14631442436412315,0.2923516797712652,0.7076483202287348,0.2644746247319514,0.07163850110213078,0.9721229449606862,0.964232298535477,0.9956169519152404,0.0192986331567424,0.021792886673324383,vit_small,gz2,hard,d4,224,full,bce,50000,1,False,True
vit_small_hard_d4_s224_full_bce_n50000_seed1,3,0.6,0.8,13270,0.2775686077643909,0.16729464958553128,0.8327053504144687,0.16488319517709127,0.011756061719324026,0.99758854559156,0.9940526272879214,0.9999620276384982,0.005447563335275749,0.0022030449579245096,vit_small,gz2,hard,d4,224,full,bce,50000,1,False,True
vit_small_hard_d4_s224_full_bce_n50000_seed1,4,0.8,1.0,16733,0.35000418340026773,0.22769377876053307,0.7723062212394669,0.2275144923205642,0.0011021307861866275,0.9998207135600311,0.9996988421019066,0.9999997765890964,0.0009225272104272938,0.0002402625001146203,vit_small,gz2,hard,d4,224,full,bce,50000,1,False,True
vit_small_hard_d4_s224_full_bce_n5000_seed0,0,0.0,0.2,5107,0.10682312583668005,0.4315645192872528,0.5684354807127472,0.04699432151948313,0.5476854433909648,0.6154298022322303,0.6163907979291714,0.658674485934508,0.29387226368351116,0.32605552246514796,vit_small,gz2,hard,d4,224,full,bce,5000,0,False,True
vit_small_hard_d4_s224_full_bce_n5000_seed0,1,0.2,0.4,5703,0.11928965863453815,0.38523584078555145,0.6147641592144486,0.19673855865334033,0.29977691020635805,0.8115027178677889,0.8104090237660078,0.8924496688296363,0.1273673388176269,0.15327725735467781,vit_small,gz2,hard,d4,224,full,bce,5000,0,False,True
vit_small_hard_d4_s224_full_bce_n5000_seed0,2,0.4,0.6,6995,0.14631442436412315,0.2923516797712652,0.7076483202287348,0.23445318084345956,0.11293920803123257,0.9421015010721944,0.9359892321750513,0.9813281963893211,0.03164888235905983,0.047381135903857244,vit_small,gz2,hard,d4,224,full,bce,5000,0,False,True
vit_small_hard_d4_s224_full_bce_n5000_seed0,3,0.6,0.8,13270,0.2775686077643909,0.16729464958553128,0.8327053504144687,0.15802562170308976,0.034300055772448414,0.9907309721175585,0.9827359259712201,0.9991498308263015,0.004206313742115663,0.007154180830791726,vit_small,gz2,hard,d4,224,full,bce,5000,0,False,True
vit_small_hard_d4_s224_full_bce_n5000_seed0,4,0.8,1.0,16733,0.35000418340026773,0.22769377876053307,0.7723062212394669,0.22655829797406324,0.005298382598996096,0.9988645192135301,0.9977841903477147,0.9999596032466073,0.0006610594769607588,0.0010334391369899174,vit_small,gz2,hard,d4,224,full,bce,5000,0,False,True
vit_small_hard_d4_s224_full_bce_n5000_seed1,0,0.0,0.2,5107,0.10682312583668005,0.4315645192872528,0.5684354807127472,0.052085373017427106,0.5457617572514785,0.6205208537301743,0.6252935195020108,0.6683432809041026,0.2866135968866994,0.3191031731076782,vit_small,gz2,hard,d4,224,full,bce,5000,1,False,True
vit_small_hard_d4_s224_full_bce_n5000_seed1,1,0.2,0.4,5703,0.11928965863453815,0.38523584078555145,0.6147641592144486,0.19708925127126065,0.3021684032666854,0.8118534104857092,0.812988449997027,0.8954227891012507,0.12132157890676969,0.15173583600168297,vit_small,gz2,hard,d4,224,full,bce,5000,1,False,True
vit_small_hard_d4_s224_full_bce_n5000_seed1,2,0.4,0.6,6995,0.14631442436412315,0.2923516797712652,0.7076483202287348,0.23473909935668336,0.11348915798366657,0.9423874195854182,0.9383435825245117,0.985117137141587,0.030341560894372534,0.04422539047276656,vit_small,gz2,hard,d4,224,full,bce,5000,1,False,True
vit_small_hard_d4_s224_full_bce_n5000_seed1,3,0.6,0.8,13270,0.2775686077643909,0.16729464958553128,0.8327053504144687,0.15862848530519968,0.032385243593353985,0.9913338357196684,0.9836378459907871,0.9993985569279686,0.003664403033449952,0.0064299738448500045,vit_small,gz2,hard,d4,224,full,bce,5000,1,False,True
vit_small_hard_d4_s224_full_bce_n5000_seed1,4,0.8,1.0,16733,0.35000418340026773,0.22769377876053307,0.7723062212394669,0.22637901153409434,0.006195437904815545,0.9986852327735612,0.997760661117546,0.9999896012379401,0.0005167809505896977,0.0009869014506134074,vit_small,gz2,hard,d4,224,full,bce,5000,1,False,True
vit_small_hard_d4_s224_full_bce_nfull_seed0,0,0.0,0.2,5107,0.10682312583668005,0.4315645192872528,0.5684354807127472,0.08615625611905231,0.6784615384615384,0.6545917368317995,0.6381650060985788,0.7023930279271773,0.14822298764610936,0.24129633184458,vit_small,gz2,hard,d4,224,full,bce,0,0,False,True
vit_small_hard_d4_s224_full_bce_nfull_seed0,1,0.2,0.4,5703,0.11928965863453815,0.38523584078555145,0.6147641592144486,0.2700333157987024,0.2526923076923077,0.884797475013151,0.8697662061084697,0.9540332834719127,0.006874028005475778,0.08289380710992096,vit_small,gz2,hard,d4,224,full,bce,0,0,False,True
vit_small_hard_d4_s224_full_bce_nfull_seed0,2,0.4,0.6,6995,0.14631442436412315,0.2923516797712652,0.7076483202287348,0.2703359542530379,0.05923076923076923,0.9779842744817727,0.9675127806179151,0.9972971771504777,0.0208050162612206,0.017749388010214178,vit_small,gz2,hard,d4,224,full,bce,0,0,False,True
vit_small_hard_d4_s224_full_bce_nfull_seed0,3,0.6,0.8,13270,0.2775686077643909,0.16729464958553128,0.8327053504144687,0.1654860587792012,0.009230769230769232,0.9981914091936699,0.9949545473074886,0.999971648118707,0.004723563819800089,0.0018887286966865757,vit_small,gz2,hard,d4,224,full,bce,0,0,False,True
vit_small_hard_d4_s224_full_bce_nfull_seed0,4,0.8,1.0,16733,0.35000418340026773,0.22769377876053307,0.7723062212394669,0.22763401661387683,0.0003846153846153846,0.9999402378533437,0.9998687664041994,0.9999999999999999,0.000618501231794444,0.00011986845097688253,vit_small,gz2,hard,d4,224,full,bce,0,0,False,True
vit_small_hard_d4_s224_full_bce_nfull_seed1,0,0.0,0.2,5107,0.10682312583668005,0.4315645192872528,0.5684354807127472,0.07832386919913847,0.685670847586469,0.6467593499118857,0.6490832126225264,0.7062444945556665,0.132290933054575,0.23974049011875181,vit_small,gz2,hard,d4,224,full,bce,0,1,False,True
vit_small_hard_d4_s224_full_bce_nfull_seed1,1,0.2,0.4,5703,0.11928965863453815,0.38523584078555145,0.6147641592144486,0.27143608627038396,0.24667426833903458,0.8862002454848326,0.8856919576843494,0.9543504457278645,0.027709214596866847,0.08431744489831107,vit_small,gz2,hard,d4,224,full,bce,0,1,False,True
vit_small_hard_d4_s224_full_bce_nfull_seed1,2,0.4,0.6,6995,0.14631442436412315,0.2923516797712652,0.7076483202287348,0.2703359542530379,0.058532877232991255,0.9779842744817727,0.9752611691486996,0.9976160134350843,0.030358712621769042,0.01844414451146848,vit_small,gz2,hard,d4,224,full,bce,0,1,False,True
vit_small_hard_d4_s224_full_bce_nfull_seed1,3,0.6,0.8,13270,0.2775686077643909,0.16729464958553128,0.8327053504144687,0.1656367746797287,0.008361839604713038,0.9983421250941974,0.9963048795401737,0.9999868126044597,0.006111751603332823,0.0016441418075235925,vit_small,gz2,hard,d4,224,full,bce,0,1,False,True
vit_small_hard_d4_s224_full_bce_nfull_seed1,4,0.8,1.0,16733,0.35000418340026773,0.22769377876053307,0.7723062212394669,0.22757425446722046,0.0007601672367920942,0.9998804757066874,0.9998300756977072,0.9999999593798358,0.0007752301468611216,0.00012170331875211683,vit_small,gz2,hard,d4,224,full,bce,0,1,False,True
vit_small_hard_d4_s224_full_bce_nfull_seed2,0,0.0,0.2,5107,0.10682312583668005,0.4315645192872528,0.5684354807127472,0.0859604464460545,0.6849049282110982,0.6543959271588017,0.6462957151154104,0.7075539228772038,0.15321229014402005,0.24116001053170244,vit_small,gz2,hard,d4,224,full,bce,0,2,False,True
vit_small_hard_d4_s224_full_bce_nfull_seed2,1,0.2,0.4,5703,0.11928965863453815,0.38523584078555145,0.6147641592144486,0.2719621251972645,0.2506790842064416,0.8867262844117131,0.8795770745825935,0.952342378927236,0.008984323466960221,0.08231872297681829,vit_small,gz2,hard,d4,224,full,bce,0,2,False,True
vit_small_hard_d4_s224_full_bce_nfull_seed2,2,0.4,0.6,6995,0.14631442436412315,0.2923516797712652,0.7076483202287348,0.27147962830593286,0.05665502522312767,0.9791279485346677,0.9724820330443802,0.9976932157763453,0.01844890233978643,0.016746307155295702,vit_small,gz2,hard,d4,224,full,bce,0,2,False,True
vit_small_hard_d4_s224_full_bce_nfull_seed2,3,0.6,0.8,13270,0.2775686077643909,0.16729464958553128,0.8327053504144687,0.16586284853052002,0.007372914241365929,0.9985681989449887,0.9966206025029554,0.9999885043414456,0.004400542695548661,0.001285901666512184,vit_small,gz2,hard,d4,224,full,bce,0,2,False,True
vit_small_hard_d4_s224_full_bce_nfull_seed2,4,0.8,1.0,16733,0.35000418340026773,0.22769377876053307,0.7723062212394669,0.22763401661387683,0.00038804811796662784,0.9999402378533437,0.9998687664041994,0.9999998984495894,0.000495877420558571,0.0001058077410053191,vit_small,gz2,hard,d4,224,full,bce,0,2,False,True
vit_small_hard_d4_s224_full_bce_nfull_seed3,0,0.0,0.2,5107,0.10682312583668005,0.4315645192872528,0.5684354807127472,0.07029567260622682,0.6902356902356902,0.638731153318974,0.6430594203505604,0.702723667174517,0.1466614950057825,0.2452804010133175,vit_small,gz2,hard,d4,224,full,bce,0,3,False,True
vit_small_hard_d4_s224_full_bce_nfull_seed3,1,0.2,0.4,5703,0.11928965863453815,0.38523584078555145,0.6147641592144486,0.268805891635981,0.24841002618780397,0.8835700508504296,0.8870365542807038,0.9538585391426,0.02189676892451546,0.08670787384769645,vit_small,gz2,hard,d4,224,full,bce,0,3,False,True
vit_small_hard_d4_s224_full_bce_nfull_seed3,2,0.4,0.6,6995,0.14631442436412315,0.2923516797712652,0.7076483202287348,0.27119370979270907,0.055368499812944255,0.9788420300214439,0.9774456051962164,0.9976843249117087,0.029997654038461986,0.01858795453401665,vit_small,gz2,hard,d4,224,full,bce,0,3,False,True
vit_small_hard_d4_s224_full_bce_nfull_seed3,3,0.6,0.8,13270,0.2775686077643909,0.16729464958553128,0.8327053504144687,0.16608892238131123,0.005985783763561541,0.9987942727957799,0.9981961599608659,0.9999824303941951,0.006465396950923938,0.001610672992591382,vit_small,gz2,hard,d4,224,full,bce,0,3,False,True
vit_small_hard_d4_s224_full_bce_nfull_seed3,4,0.8,1.0,16733,0.35000418340026773,0.22769377876053307,0.7723062212394669,0.2276937787605331,0.0,1.0,1.0,1.0,0.0008295987514207213,8.541333285897418e-05,vit_small,gz2,hard,d4,224,full,bce,0,3,False,True
vit_small_hard_d4_s224_full_bce_nfull_seed4,0,0.0,0.2,5107,0.10682312583668005,0.4315645192872528,0.5684354807127472,0.08067358527511259,0.7030207924676344,0.6491090659878598,0.6454690779236449,0.6988525856911274,0.18635443677673247,0.25939019100797706,vit_small,gz2,hard,d4,224,full,bce,0,4,False,True
vit_small_hard_d4_s224_full_bce_nfull_seed4,1,0.2,0.4,5703,0.11928965863453815,0.38523584078555145,0.6147641592144486,0.2754690513764685,0.24558650451157316,0.8902332105909171,0.8871027000725202,0.9555781999049161,0.015749192263022325,0.07959230553913414,vit_small,gz2,hard,d4,224,full,bce,0,4,False,True
vit_small_hard_d4_s224_full_bce_nfull_seed4,2,0.4,0.6,6995,0.14631442436412315,0.2923516797712652,0.7076483202287348,0.27591136526090065,0.0451157316594743,0.9835596854896355,0.9790570744115976,0.997924773406436,0.012279752458806789,0.013991994293588023,vit_small,gz2,hard,d4,224,full,bce,0,4,False,True
vit_small_hard_d4_s224_full_bce_nfull_seed4,3,0.6,0.8,13270,0.2775686077643909,0.16729464958553128,0.8327053504144687,0.16608892238131123,0.006276971361318164,0.9987942727957799,0.9969363254657372,0.999986649545473,0.002308174742095116,0.0011121908494568164,vit_small,gz2,hard,d4,224,full,bce,0,4,False,True
vit_small_hard_d4_s224_full_bce_nfull_seed4,4,0.8,1.0,16733,0.35000418340026773,0.22769377876053307,0.7723062212394669,0.2276937787605331,0.0,1.0,1.0,1.0,0.00023055544736459726,1.949960944791222e-05,vit_small,gz2,hard,d4,224,full,bce,0,4,False,True
vit_small_hard_debiased_d4_s224_full_bce_nfull_seed0,0,0.0,0.2,5107,0.10682312583668005,0.4315645192872528,0.5684354807127472,-0.11082827491678088,0.17705337168424418,0.4576072057959663,0.5197937329991567,0.6168471754296356,0.47946734125765134,0.4873670467957119,vit_small,gz2,hard_debiased,d4,224,full,bce,0,0,False,True
vit_small_hard_debiased_d4_s224_full_bce_nfull_seed0,1,0.2,0.4,5703,0.11928965863453815,0.38523584078555145,0.6147641592144486,-0.16044187269857973,0.19891339085969958,0.45432228651586887,0.5547448927529398,0.797244323470708,0.4679238563974235,0.46959846360474267,vit_small,gz2,hard_debiased,d4,224,full,bce,0,0,False,True
vit_small_hard_debiased_d4_s224_full_bce_nfull_seed0,2,0.4,0.6,6995,0.14631442436412315,0.2923516797712652,0.7076483202287348,-0.2348820586132952,0.23573026526046661,0.4727662616154396,0.6266138154157714,0.9364863796893137,0.4119522084382325,0.4208919483650619,vit_small,gz2,hard_debiased,d4,224,full,bce,0,0,False,True
vit_small_hard_debiased_d4_s224_full_bce_nfull_seed0,3,0.6,0.8,13270,0.2775686077643909,0.16729464958553128,0.8327053504144687,-0.15275056518462693,0.2714605305209332,0.6799547852298418,0.8072881252293017,0.9925508744038155,0.15807848236271876,0.23050268938770074,vit_small,gz2,hard_debiased,d4,224,full,bce,0,0,False,True
vit_small_hard_debiased_d4_s224_full_bce_nfull_seed0,4,0.8,1.0,16733,0.35000418340026773,0.22769377876053307,0.7723062212394669,0.11844857467280223,0.11684244167465643,0.8907547959122691,0.9292733885320745,0.9998792870267522,0.016292250778061693,0.08116800122935182,vit_small,gz2,hard_debiased,d4,224,full,bce,0,0,False,True
vit_small_hard_debiased_d4_s224_full_bce_nfull_seed1,0,0.0,0.2,5107,0.10682312583668005,0.4315645192872528,0.5684354807127472,-0.0957509300959467,0.1868970782150045,0.4726845506168005,0.5304885177296407,0.60521337836258,0.46483744619924167,0.47898853013811216,vit_small,gz2,hard_debiased,d4,224,full,bce,0,1,False,True
vit_small_hard_debiased_d4_s224_full_bce_nfull_seed1,1,0.2,0.4,5703,0.11928965863453815,0.38523584078555145,0.6147641592144486,-0.13168507802910756,0.20459435075300159,0.48307908118534104,0.5756692279390477,0.7844591013883216,0.44094430414408214,0.4482163309604774,vit_small,gz2,hard_debiased,d4,224,full,bce,0,1,False,True
vit_small_hard_debiased_d4_s224_full_bce_nfull_seed1,2,0.4,0.6,6995,0.14631442436412315,0.2923516797712652,0.7076483202287348,-0.18727662616154395,0.23284058574502048,0.5203716940671909,0.6592457583166629,0.9330418117606382,0.3676488770333725,0.3851783875925211,vit_small,gz2,hard_debiased,d4,224,full,bce,0,1,False,True
vit_small_hard_debiased_d4_s224_full_bce_nfull_seed1,3,0.6,0.8,13270,0.2775686077643909,0.16729464958553128,0.8327053504144687,-0.1186887716654107,0.2633770560066625,0.714016578749058,0.8273806612041906,0.9911099629040805,0.12818646789843594,0.20861911632401128,vit_small,gz2,hard_debiased,d4,224,full,bce,0,1,False,True
vit_small_hard_debiased_d4_s224_full_bce_nfull_seed1,4,0.8,1.0,16733,0.35000418340026773,0.22769377876053307,0.7723062212394669,0.1309986254706269,0.11229092928031091,0.9033048467100938,0.9373984368954578,0.9998230890294482,0.03238822757803729,0.0749825027454541,vit_small,gz2,hard_debiased,d4,224,full,bce,0,1,False,True
vit_small_hard_debiased_d4_s224_full_bce_nfull_seed2,0,0.0,0.2,5107,0.10682312583668005,0.4315645192872528,0.5684354807127472,-0.10005874290189931,0.19518332135154565,0.4683767378108479,0.5257160906828345,0.6115406147842554,0.4527874541719177,0.46536396572611266,vit_small,gz2,hard_debiased,d4,224,full,bce,0,2,False,True
vit_small_hard_debiased_d4_s224_full_bce_nfull_seed2,1,0.2,0.4,5703,0.11928965863453815,0.38523584078555145,0.6147641592144486,-0.13186042433806777,0.2120057512580877,0.48290373487638083,0.5745069704292609,0.7886592617999808,0.42519927047236405,0.43340963122427917,vit_small,gz2,hard_debiased,d4,224,full,bce,0,2,False,True
vit_small_hard_debiased_d4_s224_full_bce_nfull_seed2,2,0.4,0.6,6995,0.14631442436412315,0.2923516797712652,0.7076483202287348,-0.19385275196568974,0.2445003594536305,0.5137955682630451,0.6535948729347262,0.9279660171396112,0.3553599531275192,0.37037603324455876,vit_small,gz2,hard_debiased,d4,224,full,bce,0,2,False,True
vit_small_hard_debiased_d4_s224_full_bce_nfull_seed2,3,0.6,0.8,13270,0.2775686077643909,0.16729464958553128,0.8327053504144687,-0.09984928409947247,0.2548526240115025,0.7328560663149962,0.83815294932942,0.9910096204802088,0.1026386828397644,0.1894682774318404,vit_small,gz2,hard_debiased,d4,224,full,bce,0,2,False,True
vit_small_hard_debiased_d4_s224_full_bce_nfull_seed2,4,0.8,1.0,16733,0.35000418340026773,0.22769377876053307,0.7723062212394669,0.1500029881073328,0.09345794392523364,0.9223092093467997,0.9494244528920845,0.9996053954139428,0.04329376703608481,0.06311099664454761,vit_small,gz2,hard_debiased,d4,224,full,bce,0,2,False,True
vit_small_soft_d4_photo_s224_full_bce_nfull_seed0,0,0.0,0.2,5107,0.10682312583668005,0.4315645192872528,0.5684354807127472,0.10123360093988643,0.7534613666815543,0.6696690816526336,0.6697264016884718,0.7287131154766363,0.07412076174530098,0.21785028922215002,vit_small,gz2,soft,d4_photo,224,full,bce,0,0,False,True
vit_small_soft_d4_photo_s224_full_bce_nfull_seed0,1,0.2,0.4,5703,0.11928965863453815,0.38523584078555145,0.6147641592144486,0.300017534630896,0.2170611880303707,0.9147816938453446,0.913696164530744,0.9729098254348291,0.25884734963573286,0.13521586015490722,vit_small,gz2,soft,d4_photo,224,full,bce,0,0,False,True
vit_small_soft_d4_photo_s224_full_bce_nfull_seed0,2,0.4,0.6,6995,0.14631442436412315,0.2923516797712652,0.7076483202287348,0.2833452466047176,0.02813756141134435,0.9909935668334524,0.9891882146649873,0.999384505198686,0.23864557797181088,0.07008658743174868,vit_small,gz2,soft,d4_photo,224,full,bce,0,0,False,True
vit_small_soft_d4_photo_s224_full_bce_nfull_seed0,3,0.6,0.8,13270,0.2775686077643909,0.16729464958553128,0.8327053504144687,0.1670685757347401,0.0013398838767306833,0.9997739261492088,0.9998642533936651,0.9999965961436549,0.14206813940302537,0.024741291345940494,vit_small,gz2,soft,d4_photo,224,full,bce,0,0,False,True
vit_small_soft_d4_photo_s224_full_bce_nfull_seed0,4,0.8,1.0,16733,0.35000418340026773,0.22769377876053307,0.7723062212394669,0.2276937787605331,0.0,1.0,1.0,1.0,0.08274315069306298,0.008507512383792812,vit_small,gz2,soft,d4_photo,224,full,bce,0,0,False,True
vit_small_soft_d4_photo_s224_full_bce_nfull_seed1,0,0.0,0.2,5107,0.10682312583668005,0.4315645192872528,0.5684354807127472,0.11317799099275505,0.7651764705882353,0.6816134717055022,0.6742786891087698,0.7310382181772033,0.0891091098521282,0.21665713802607103,vit_small,gz2,soft,d4_photo,224,full,bce,0,1,False,True
vit_small_soft_d4_photo_s224_full_bce_nfull_seed1,1,0.2,0.4,5703,0.11928965863453815,0.38523584078555145,0.6147641592144486,0.30825881115202514,0.20658823529411766,0.9230229703664737,0.9177648772206874,0.9749519063619659,0.2690360524542872,0.1350759174635273,vit_small,gz2,soft,d4_photo,224,full,bce,0,1,False,True
vit_small_soft_d4_photo_s224_full_bce_nfull_seed1,2,0.4,0.6,6995,0.14631442436412315,0.2923516797712652,0.7076483202287348,0.28448892065761255,0.02588235294117647,0.9921372408863474,0.989278852090588,0.9993763058457434,0.24128103954204924,0.07057139747676444,vit_small,gz2,soft,d4_photo,224,full,bce,0,1,False,True
vit_small_soft_d4_photo_s224_full_bce_nfull_seed1,3,0.6,0.8,13270,0.2775686077643909,0.16729464958553128,0.8327053504144687,0.1669178598342126,0.002352941176470588,0.9996232102486813,0.9992338265867677,0.9999897069014715,0.14256591465360657,0.02505569955739144,vit_small,gz2,soft,d4_photo,224,full,bce,0,1,False,True
vit_small_soft_d4_photo_s224_full_bce_nfull_seed1,4,0.8,1.0,16733,0.35000418340026773,0.22769377876053307,0.7723062212394669,0.2276937787605331,0.0,1.0,1.0,1.0,0.08314225332731218,0.008548143367591306,vit_small,gz2,soft,d4_photo,224,full,bce,0,1,False,True
vit_small_soft_d4_photo_s224_full_bce_nfull_seed2,0,0.0,0.2,5107,0.10682312583668005,0.4315645192872528,0.5684354807127472,0.1041707460348541,0.7582766439909298,0.6726062267476013,0.6692509563609333,0.731259139272034,0.07832658473079113,0.21665376584680676,vit_small,gz2,soft,d4_photo,224,full,bce,0,2,False,True
vit_small_soft_d4_photo_s224_full_bce_nfull_seed2,1,0.2,0.4,5703,0.11928965863453815,0.38523584078555145,0.6147641592144486,0.30475188497282124,0.20816326530612245,0.9195160441872698,0.9160172391901937,0.9740228143911432,0.26260478472931226,0.13392472576705908,vit_small,gz2,soft,d4_photo,224,full,bce,0,2,False,True
vit_small_soft_d4_photo_s224_full_bce_nfull_seed2,2,0.4,0.6,6995,0.14631442436412315,0.2923516797712652,0.7076483202287348,0.28248749106504645,0.031292517006802724,0.9901358112937813,0.9870037786174706,0.9993351608999531,0.2371583427027603,0.06962632452962134,vit_small,gz2,soft,d4_photo,224,full,bce,0,2,False,True
vit_small_soft_d4_photo_s224_full_bce_nfull_seed2,3,0.6,0.8,13270,0.2775686077643909,0.16729464958553128,0.8327053504144687,0.1669178598342126,0.0022675736961451248,0.9996232102486813,0.9994138029432147,0.9999931107578167,0.1417175471249297,0.02461790142633406,vit_small,gz2,soft,d4_photo,224,full,bce,0,2,False,True
vit_small_soft_d4_photo_s224_full_bce_nfull_seed2,4,0.8,1.0,16733,0.35000418340026773,0.22769377876053307,0.7723062212394669,0.2276937787605331,0.0,1.0,1.0,1.0,0.08299274468098852,0.008509585232598307,vit_small,gz2,soft,d4_photo,224,full,bce,0,2,False,True
vit_small_soft_d4_s112_full_bce_nfull_seed0,0,0.0,0.2,5107,0.10682312583668005,0.4315645192872528,0.5684354807127472,0.08341492069708245,0.6967084639498433,0.6518504014098296,0.6520318488977859,0.7024957910116139,0.048849199382274236,0.22228189329927223,vit_small,gz2,soft,d4,112,full,bce,0,0,False,True
vit_small_soft_d4_s112_full_bce_nfull_seed0,1,0.2,0.4,5703,0.11928965863453815,0.38523584078555145,0.6147641592144486,0.27669647553918986,0.24255485893416928,0.8914606347536385,0.8895454855854104,0.9564946339469811,0.2348996378754432,0.14001728990212928,vit_small,gz2,soft,d4,112,full,bce,0,0,False,True
vit_small_soft_d4_s112_full_bce_nfull_seed0,2,0.4,0.6,6995,0.14631442436412315,0.2923516797712652,0.7076483202287348,0.27362401715511075,0.051332288401253916,0.9812723373838456,0.977584401471932,0.9980016793855425,0.23512778480279606,0.07524415455551399,vit_small,gz2,soft,d4,112,full,bce,0,0,False,True
vit_small_soft_d4_s112_full_bce_nfull_seed0,3,0.6,0.8,13270,0.2775686077643909,0.16729464958553128,0.8327053504144687,0.165561416729465,0.009012539184952978,0.9982667671439337,0.9957197016020545,0.9999556071909014,0.14636582957963884,0.027327461971037907,vit_small,gz2,soft,d4,112,full,bce,0,0,False,True
vit_small_soft_d4_s112_full_bce_nfull_seed0,4,0.8,1.0,16733,0.35000418340026773,0.22769377876053307,0.7723062212394669,0.22763401661387683,0.00039184952978056425,0.9999402378533437,0.9998687664041994,1.0,0.08693612034832272,0.009565903598838781,vit_small,gz2,soft,d4,112,full,bce,0,0,False,True
vit_small_soft_d4_s112_full_bce_nfull_seed1,0,0.0,0.2,5107,0.10682312583668005,0.4315645192872528,0.5684354807127472,0.08439396906207164,0.7086330935251799,0.6528294497748188,0.6495609242082007,0.702249237755798,0.04852119449395496,0.22090346755908416,vit_small,gz2,soft,d4,112,full,bce,0,1,False,True
vit_small_soft_d4_s112_full_bce_nfull_seed1,1,0.2,0.4,5703,0.11928965863453815,0.38523584078555145,0.6147641592144486,0.28335963527967734,0.2322142286171063,0.8981237944941259,0.8941150627794319,0.9573172694913279,0.23655654728417852,0.13666194138722768,vit_small,gz2,soft,d4,112,full,bce,0,1,False,True
vit_small_soft_d4_s112_full_bce_nfull_seed1,2,0.4,0.6,6995,0.14631442436412315,0.2923516797712652,0.7076483202287348,0.2743388134381701,0.050359712230215826,0.9819871336669049,0.9772285199180064,0.9978920747820503,0.23049101347983778,0.07281589710177823,vit_small,gz2,soft,d4,112,full,bce,0,1,False,True
vit_small_soft_d4_s112_full_bce_nfull_seed1,3,0.6,0.8,13270,0.2775686077643909,0.16729464958553128,0.8327053504144687,0.16586284853052002,0.007593924860111911,0.9985681989449887,0.9966206025029554,0.9999464962700256,0.14156569902698796,0.025839979554697644,vit_small,gz2,soft,d4,112,full,bce,0,1,False,True
vit_small_soft_d4_s112_full_bce_nfull_seed1,4,0.8,1.0,16733,0.35000418340026773,0.22769377876053307,0.7723062212394669,0.2275144923205642,0.001199040767386091,0.9998207135600311,0.9996988421019066,0.9999999390697535,0.08334709089882757,0.008789782365993619,vit_small,gz2,soft,d4,112,full,bce,0,1,False,True
vit_small_soft_d4_s160_full_bce_nfull_seed0,0,0.0,0.2,5107,0.10682312583668005,0.4315645192872528,0.5684354807127472,0.09653416878793819,0.7213322091062394,0.6649696495006854,0.6637355092328919,0.7145629122636137,0.0628277161845214,0.21919532756949997,vit_small,gz2,soft,d4,160,full,bce,0,0,False,True
vit_small_soft_d4_s160_full_bce_nfull_seed0,1,0.2,0.4,5703,0.11928965863453815,0.38523584078555145,0.6147641592144486,0.288444678239523,0.2327150084317032,0.9032088374539716,0.9015646757843567,0.9639219819797832,0.2442941250765865,0.1363897769986162,vit_small,gz2,soft,d4,160,full,bce,0,0,False,True
vit_small_soft_d4_s160_full_bce_nfull_seed0,2,0.4,0.6,6995,0.14631442436412315,0.2923516797712652,0.7076483202287348,0.2789135096497498,0.03962900505902192,0.9865618298784846,0.984335037415722,0.9987637746659752,0.2339357377733606,0.07099744156046116,vit_small,gz2,soft,d4,160,full,bce,0,0,False,True
vit_small_soft_d4_s160_full_bce_nfull_seed0,3,0.6,0.8,13270,0.2775686077643909,0.16729464958553128,0.8327053504144687,0.16616428033157504,0.006323777403035413,0.9988696307460437,0.9977014797603033,0.9999853043088337,0.14127954889507158,0.025188511716702743,vit_small,gz2,soft,d4,160,full,bce,0,0,False,True
vit_small_soft_d4_s160_full_bce_nfull_seed0,4,0.8,1.0,16733,0.35000418340026773,0.22769377876053307,0.7723062212394669,0.2276937787605331,0.0,1.0,1.0,1.0,0.08333115565266017,0.008726076473698177,vit_small,gz2,soft,d4,160,full,bce,0,0,False,True
vit_small_soft_d4_s160_full_bce_nfull_seed1,0,0.0,0.2,5107,0.10682312583668005,0.4315645192872528,0.5684354807127472,0.09496769140395533,0.7192468619246862,0.6634031721167025,0.6580422780614334,0.7117716637085485,0.06347772202596567,0.2189461779353504,vit_small,gz2,soft,d4,160,full,bce,0,1,False,True
vit_small_soft_d4_s160_full_bce_nfull_seed1,1,0.2,0.4,5703,0.11928965863453815,0.38523584078555145,0.6147641592144486,0.28528844467823944,0.2384937238493724,0.900052603892688,0.8947491276415149,0.963310311914733,0.24285099659178436,0.13723939608360433,vit_small,gz2,soft,d4,160,full,bce,0,1,False,True
vit_small_soft_d4_s160_full_bce_nfull_seed1,2,0.4,0.6,6995,0.14631442436412315,0.2923516797712652,0.7076483202287348,0.28034310221586844,0.035146443514644354,0.9879914224446033,0.9843407176903509,0.9989909856511324,0.23733908091488695,0.07147485984977052,vit_small,gz2,soft,d4,160,full,bce,0,1,False,True
vit_small_soft_d4_s160_full_bce_nfull_seed1,3,0.6,0.8,13270,0.2775686077643909,0.16729464958553128,0.8327053504144687,0.16601356443104753,0.007112970711297071,0.9987189148455162,0.9972510293098529,0.9999872610166728,0.14467539761521447,0.026185598146658422,vit_small,gz2,soft,d4,160,full,bce,0,1,False,True
vit_small_soft_d4_s160_full_bce_nfull_seed1,4,0.8,1.0,16733,0.35000418340026773,0.22769377876053307,0.7723062212394669,0.2276937787605331,0.0,1.0,1.0,1.0,0.08594792749729838,0.009252746013543141,vit_small,gz2,soft,d4,160,full,bce,0,1,False,True
vit_small_soft_d4_s224_frozen_bce_nfull_seed0,0,0.0,0.2,5107,0.10682312583668005,0.4315645192872528,0.5684354807127472,0.027609163892696298,0.4484782608695652,0.5960446446054435,0.5778719898621677,0.6088298574664296,0.04562987999332986,0.24104120779126118,vit_small,gz2,soft,d4,224,frozen,bce,0,0,False,True
vit_small_soft_d4_s224_frozen_bce_nfull_seed0,1,0.2,0.4,5703,0.11928965863453815,0.38523584078555145,0.6147641592144486,0.14781693845344546,0.29434782608695653,0.7625810976678941,0.7344226984834633,0.8274025852294046,0.09487025300865527,0.17245873950601245,vit_small,gz2,soft,d4,224,frozen,bce,0,0,False,True
vit_small_soft_d4_s224_frozen_bce_nfull_seed0,2,0.4,0.6,6995,0.14631442436412315,0.2923516797712652,0.7076483202287348,0.19199428162973553,0.15260869565217391,0.8996426018584703,0.8607902990788077,0.9538796275715591,0.17363759878812474,0.1070042707709248,vit_small,gz2,soft,d4,224,frozen,bce,0,0,False,True
vit_small_soft_d4_s224_frozen_bce_nfull_seed0,3,0.6,0.8,13270,0.2775686077643909,0.16729464958553128,0.8327053504144687,0.14084400904295402,0.07630434782608696,0.9735493594574227,0.9351640781052546,0.9948442379030615,0.15352888493051228,0.048048778625801994,vit_small,gz2,soft,d4,224,frozen,bce,0,0,False,True
vit_small_soft_d4_s224_frozen_bce_nfull_seed0,4,0.8,1.0,16733,0.35000418340026773,0.22769377876053307,0.7723062212394669,0.2199246996952131,0.02826086956521739,0.99223092093468,0.9839576043283222,0.9996502502303671,0.11231041847569735,0.02258304069207522,vit_small,gz2,soft,d4,224,frozen,bce,0,0,False,True
vit_small_soft_d4_s224_frozen_bce_nfull_seed1,0,0.0,0.2,5107,0.10682312583668005,0.4315645192872528,0.5684354807127472,0.021930683375758764,0.45076492135315666,0.590366164088506,0.5765916321622353,0.6094065029417595,0.04584794866173897,0.24156763469953604,vit_small,gz2,soft,d4,224,frozen,bce,0,1,False,True
vit_small_soft_d4_s224_frozen_bce_nfull_seed1,1,0.2,0.4,5703,0.11928965863453815,0.38523584078555145,0.6147641592144486,0.14466070489216198,0.2956259426847662,0.7594248641066106,0.7383134212213356,0.8263490560820245,0.09633727234451998,0.17413893915691459,vit_small,gz2,soft,d4,224,frozen,bce,0,1,False,True
vit_small_soft_d4_s224_frozen_bce_nfull_seed1,2,0.4,0.6,6995,0.14631442436412315,0.2923516797712652,0.7076483202287348,0.18970693352394563,0.15470803706097824,0.8973552537526804,0.8646267071694944,0.9535252278284063,0.17680248921101996,0.10911862541798074,vit_small,gz2,soft,d4,224,frozen,bce,0,1,False,True
vit_small_soft_d4_s224_frozen_bce_nfull_seed1,3,0.6,0.8,13270,0.2775686077643909,0.16729464958553128,0.8327053504144687,0.14167294649585538,0.07326007326007326,0.9743782969103241,0.9401612245729893,0.9948252822958705,0.15861245601774163,0.04923310189351821,vit_small,gz2,soft,d4,224,frozen,bce,0,1,False,True
vit_small_soft_d4_s224_frozen_bce_nfull_seed1,4,0.8,1.0,16733,0.35000418340026773,0.22769377876053307,0.7723062212394669,0.22058208330843243,0.02564102564102564,0.9928883045478993,0.9857713454393608,0.9996572165885439,0.11511388025531805,0.02288482199021681,vit_small,gz2,soft,d4,224,frozen,bce,0,1,False,True
vit_small_soft_d4_s224_full_bce_n10000_seed0,0,0.0,0.2,5107,0.10682312583668005,0.4315645192872528,0.5684354807127472,0.07147053064421383,0.6317416695293714,0.639906011356961,0.6294534316774749,0.6834370289699685,0.03191029903226715,0.22308597954076234,vit_small,gz2,soft,d4,224,full,bce,10000,0,False,True
vit_small_soft_d4_s224_full_bce_n10000_seed0,1,0.2,0.4,5703,0.11928965863453815,0.38523584078555145,0.6147641592144486,0.2472382956338769,0.2703538302988664,0.8620024548483255,0.8515664414031372,0.9309543740738615,0.1975445448738242,0.14329240247284503,vit_small,gz2,soft,d4,224,full,bce,10000,0,False,True
vit_small_soft_d4_s224_full_bce_n10000_seed0,2,0.4,0.6,6995,0.14631442436412315,0.2923516797712652,0.7076483202287348,0.2601858470335954,0.07729302645139127,0.9678341672623302,0.9558929144748216,0.9928946679509026,0.2177973101204467,0.07746386730998163,vit_small,gz2,soft,d4,224,full,bce,10000,0,False,True
vit_small_soft_d4_s224_full_bce_n10000_seed0,3,0.6,0.8,13270,0.2775686077643909,0.16729464958553128,0.8327053504144687,0.16307460437076116,0.019237375472346274,0.9957799547852298,0.9895471036647507,0.9998454812278341,0.14267078434406996,0.028293606680808013,vit_small,gz2,soft,d4,224,full,bce,10000,0,False,True
vit_small_soft_d4_s224_full_bce_n10000_seed0,4,0.8,1.0,16733,0.35000418340026773,0.22769377876053307,0.7723062212394669,0.22745473017390783,0.0013740982480247338,0.9997609514133747,0.999567608506106,0.999999593798357,0.08669700417109938,0.010059448729175321,vit_small,gz2,soft,d4,224,full,bce,10000,0,False,True
vit_small_soft_d4_s224_full_bce_n10000_seed1,0,0.0,0.2,5107,0.10682312583668005,0.4315645192872528,0.5684354807127472,0.08047777560211478,0.623002084781098,0.648913256314862,0.6283632052204584,0.6911453543583738,0.03145784917516391,0.2198449885029732,vit_small,gz2,soft,d4,224,full,bce,10000,1,False,True
vit_small_soft_d4_s224_full_bce_n10000_seed1,1,0.2,0.4,5703,0.11928965863453815,0.38523584078555145,0.6147641592144486,0.2454848325442749,0.2769284225156359,0.8602489917587235,0.838754280651856,0.9360089771328999,0.19089113547222228,0.1404711282514026,vit_small,gz2,soft,d4,224,full,bce,10000,1,False,True
vit_small_soft_d4_s224_full_bce_n10000_seed1,2,0.4,0.6,6995,0.14631442436412315,0.2923516797712652,0.7076483202287348,0.26032880629020727,0.0778318276580959,0.9679771265189421,0.9514022869279593,0.9943498061297573,0.21272344363905263,0.07456986254849059,vit_small,gz2,soft,d4,224,full,bce,10000,1,False,True
vit_small_soft_d4_s224_full_bce_n10000_seed1,3,0.6,0.8,13270,0.2775686077643909,0.16729464958553128,0.8327053504144687,0.16314996232102486,0.01911049339819319,0.9958553127354935,0.9883325180384004,0.9999599690187925,0.14041739035939577,0.027331652622334297,vit_small,gz2,soft,d4,224,full,bce,10000,1,False,True
vit_small_soft_d4_s224_full_bce_n10000_seed1,4,0.8,1.0,16733,0.35000418340026773,0.22769377876053307,0.7723062212394669,0.2271559194406263,0.0031271716469770676,0.9994621406800932,0.9990039834164117,0.9999991571315907,0.08673067940139129,0.010028202735826827,vit_small,gz2,soft,d4,224,full,bce,10000,1,False,True
vit_small_soft_d4_s224_full_bce_n2000_seed0,0,0.0,0.2,5107,0.10682312583668005,0.4315645192872528,0.5684354807127472,0.05913452124534957,0.5558153126826417,0.6275700019580968,0.6146696139483968,0.6615320811501714,0.013856347346109766,0.22724563062841385,vit_small,gz2,soft,d4,224,full,bce,2000,0,False,True
vit_small_soft_d4_s224_full_bce_n2000_seed0,1,0.2,0.4,5703,0.11928965863453815,0.38523584078555145,0.6147641592144486,0.2086621076626336,0.29427235534774987,0.8234262668770822,0.8068513019231482,0.8929187262306817,0.15877913831802246,0.15443736495244967,vit_small,gz2,soft,d4,224,full,bce,2000,0,False,True
vit_small_soft_d4_s224_full_bce_n2000_seed0,2,0.4,0.6,6995,0.14631442436412315,0.2923516797712652,0.7076483202287348,0.23974267333809862,0.10753945061367622,0.9473909935668334,0.9255212269393198,0.984646612827542,0.2045159707576825,0.08602596621127169,vit_small,gz2,soft,d4,224,full,bce,2000,0,False,True
vit_small_soft_d4_s224_full_bce_n2000_seed0,3,0.6,0.8,13270,0.2775686077643909,0.16729464958553128,0.8327053504144687,0.15810097965335346,0.03565166569257744,0.9908063300678221,0.9770219314336961,0.9995972646854999,0.14674536135432276,0.03325122587975158,vit_small,gz2,soft,d4,224,full,bce,2000,0,False,True
vit_small_soft_d4_s224_full_bce_n2000_seed0,4,0.8,1.0,16733,0.35000418340026773,0.22769377876053307,0.7723062212394669,0.22631924938743797,0.0067212156633547635,0.9986254706269049,0.9973517988538207,0.9999956231772971,0.09558006307613451,0.012799501985897337,vit_small,gz2,soft,d4,224,full,bce,2000,0,False,True
vit_small_soft_d4_s224_full_bce_n2000_seed1,0,0.0,0.2,5107,0.10682312583668005,0.4315645192872528,0.5684354807127472,0.05365185040140985,0.556998556998557,0.622087331114157,0.6173305917340657,0.664792210698864,0.009401193117299415,0.22858065086033502,vit_small,gz2,soft,d4,224,full,bce,2000,1,False,True
vit_small_soft_d4_s224_full_bce_n2000_seed1,1,0.2,0.4,5703,0.11928965863453815,0.38523584078555145,0.6147641592144486,0.20585656671927044,0.29523809523809524,0.820620725933719,0.8120468948348121,0.8937223424256642,0.1606703921577689,0.15712669091445194,vit_small,gz2,soft,d4,224,full,bce,2000,1,False,True
vit_small_soft_d4_s224_full_bce_n2000_seed1,2,0.4,0.6,6995,0.14631442436412315,0.2923516797712652,0.7076483202287348,0.23659756969263757,0.11255411255411256,0.9442458899213724,0.9321953026598504,0.9839494208589563,0.2077150388572197,0.08926569892119803,vit_small,gz2,soft,d4,224,full,bce,2000,1,False,True
vit_small_soft_d4_s224_full_bce_n2000_seed1,3,0.6,0.8,13270,0.2775686077643909,0.16729464958553128,0.8327053504144687,0.1590806330067822,0.031457431457431455,0.9917859834212509,0.9828294810647752,0.999390016713546,0.1476505564765748,0.033484884981561935,vit_small,gz2,soft,d4,224,full,bce,2000,1,False,True
vit_small_soft_d4_s224_full_bce_n2000_seed1,4,0.8,1.0,16733,0.35000418340026773,0.22769377876053307,0.7723062212394669,0.22691687085400114,0.003751803751803752,0.999223092093468,0.9986641348118261,0.9999965269759526,0.0951803987320925,0.012378721063568557,vit_small,gz2,soft,d4,224,full,bce,2000,1,False,True
vit_small_soft_d4_s224_full_bce_n25000_seed0,0,0.0,0.2,5107,0.10682312583668005,0.4315645192872528,0.5684354807127472,0.08028196592911696,0.6948102246320682,0.6487174466418641,0.6465448472166913,0.7007100577473832,0.04521746675673353,0.22154001995860953,vit_small,gz2,soft,d4,224,full,bce,25000,0,False,True
vit_small_soft_d4_s224_full_bce_n25000_seed0,1,0.2,0.4,5703,0.11928965863453815,0.38523584078555145,0.6147641592144486,0.2758197439943888,0.24167312161115415,0.8905839032088374,0.886368280554747,0.9518084739834775,0.2338942539730073,0.14109232199887028,vit_small,gz2,soft,d4,224,full,bce,25000,0,False,True
vit_small_soft_d4_s224_full_bce_n25000_seed0,2,0.4,0.6,6995,0.14631442436412315,0.2923516797712652,0.7076483202287348,0.2710507505360972,0.05770720371804802,0.978699070764832,0.9747617989182782,0.9963535106566892,0.23484692619241418,0.07711713851408514,vit_small,gz2,soft,d4,224,full,bce,25000,0,False,True
vit_small_soft_d4_s224_full_bce_n25000_seed0,3,0.6,0.8,13270,0.2775686077643909,0.16729464958553128,0.8327053504144687,0.16623963828183874,0.005422153369481022,0.9989449886963074,0.9975667522726346,0.9999912763442176,0.15432161021845722,0.02926896565470047,vit_small,gz2,soft,d4,224,full,bce,25000,0,False,True
vit_small_soft_d4_s224_full_bce_n25000_seed0,4,0.8,1.0,16733,0.35000418340026773,0.22769377876053307,0.7723062212394669,0.22763401661387683,0.0003872966692486445,0.9999402378533437,0.9998687664041994,1.0,0.09506619595697398,0.01127038253411914,vit_small,gz2,soft,d4,224,full,bce,25000,0,False,True
vit_small_soft_d4_s224_full_bce_n25000_seed1,0,0.0,0.2,5107,0.10682312583668005,0.4315645192872528,0.5684354807127472,0.07029567260622682,0.6818181818181818,0.638731153318974,0.6438787898869247,0.70513121478313,0.04451590652145568,0.2235323234215896,vit_small,gz2,soft,d4,224,full,bce,25000,1,False,True
vit_small_soft_d4_s224_full_bce_n25000_seed1,1,0.2,0.4,5703,0.11928965863453815,0.38523584078555145,0.6147641592144486,0.26442223391197606,0.25461936437546195,0.8791863931264247,0.8839810601034809,0.9541564223993669,0.22472131031044593,0.14322152487163334,vit_small,gz2,soft,d4,224,full,bce,25000,1,False,True
vit_small_soft_d4_s224_full_bce_n25000_seed1,2,0.4,0.6,6995,0.14631442436412315,0.2923516797712652,0.7076483202287348,0.2704789135096497,0.0565410199556541,0.9781272337383845,0.9786624188091181,0.9972100960707317,0.23732426689939037,0.07884155924501106,vit_small,gz2,soft,d4,224,full,bce,25000,1,False,True
vit_small_soft_d4_s224_full_bce_n25000_seed1,3,0.6,0.8,13270,0.2775686077643909,0.16729464958553128,0.8327053504144687,0.16608892238131123,0.005912786400591279,0.9987942727957799,0.9985561126737598,0.9999879336349925,0.1533294569672883,0.029456345734795886,vit_small,gz2,soft,d4,224,full,bce,25000,1,False,True
vit_small_soft_d4_s224_full_bce_n25000_seed1,4,0.8,1.0,16733,0.35000418340026773,0.22769377876053307,0.7723062212394669,0.2275144923205642,0.0011086474501108647,0.9998207135600311,0.9997913849912149,0.9999999593798357,0.09173115458590358,0.010673941610949029,vit_small,gz2,soft,d4,224,full,bce,25000,1,False,True
vit_small_soft_d4_s224_full_bce_n50000_seed0,0,0.0,0.2,5107,0.10682312583668005,0.4315645192872528,0.5684354807127472,0.07930291756412766,0.702734375,0.6477383982768748,0.6504360124359743,0.7098719923628662,0.05237088001723248,0.22160934687711034,vit_small,gz2,soft,d4,224,full,bce,50000,0,False,True
vit_small_soft_d4_s224_full_bce_n50000_seed0,1,0.2,0.4,5703,0.11928965863453815,0.38523584078555145,0.6147641592144486,0.2758197439943888,0.24375,0.8905839032088374,0.8929959720523319,0.9578465007383141,0.23619131147913736,0.1415590200626689,vit_small,gz2,soft,d4,224,full,bce,50000,0,False,True
vit_small_soft_d4_s224_full_bce_n50000_seed0,2,0.4,0.6,6995,0.14631442436412315,0.2923516797712652,0.7076483202287348,0.27376697641172265,0.05078125,0.9814152966404575,0.9792637870143983,0.9980157565878837,0.23805193185135243,0.07646127684288527,vit_small,gz2,soft,d4,224,full,bce,50000,0,False,True
vit_small_soft_d4_s224_full_bce_n50000_seed0,3,0.6,0.8,13270,0.2775686077643909,0.16729464958553128,0.8327053504144687,0.16684250188394878,0.00234375,0.9995478522984175,0.9991885777179894,0.9999732990909462,0.1516505199767363,0.028343800376051838,vit_small,gz2,soft,d4,224,full,bce,50000,0,False,True
vit_small_soft_d4_s224_full_bce_n50000_seed0,4,0.8,1.0,16733,0.35000418340026773,0.22769377876053307,0.7723062212394669,0.22763401661387683,0.000390625,0.9999402378533437,0.9999613092935077,0.9999999999999999,0.08840228625573386,0.009939674103464207,vit_small,gz2,soft,d4,224,full,bce,50000,0,False,True
vit_small_soft_d4_s224_full_bce_n50000_seed1,0,0.0,0.2,5107,0.10682312583668005,0.4315645192872528,0.5684354807127472,0.07166634031721164,0.7007243614182234,0.6401018210299588,0.647324049281268,0.705954804248437,0.04124405472706226,0.2240651705239442,vit_small,gz2,soft,d4,224,full,bce,50000,1,False,True
vit_small_soft_d4_s224_full_bce_n50000_seed1,1,0.2,0.4,5703,0.11928965863453815,0.38523584078555145,0.6147641592144486,0.2723128178151849,0.24552039649256577,0.8870769770296335,0.8910783932142077,0.9564937900850639,0.23695076858863565,0.14485679757043524,vit_small,gz2,soft,d4,224,full,bce,50000,1,False,True
vit_small_soft_d4_s224_full_bce_n50000_seed1,2,0.4,0.6,6995,0.14631442436412315,0.2923516797712652,0.7076483202287348,0.27376697641172265,0.04956157072054899,0.9814152966404575,0.9815596058383345,0.9980275122866811,0.24523922577074297,0.0801817875021994,vit_small,gz2,soft,d4,224,full,bce,50000,1,False,True
vit_small_soft_d4_s224_full_bce_n50000_seed1,3,0.6,0.8,13270,0.2775686077643909,0.16729464958553128,0.8327053504144687,0.16654107008289376,0.003812428516965307,0.9992464204973625,0.9990075822428763,0.9999892177245119,0.15920813552243596,0.03093935660140417,vit_small,gz2,soft,d4,224,full,bce,50000,1,False,True
vit_small_soft_d4_s224_full_bce_n50000_seed1,4,0.8,1.0,16733,0.35000418340026773,0.22769377876053307,0.7723062212394669,0.22763401661387683,0.0003812428516965307,0.9999402378533437,0.9999613092935077,1.0,0.09565285118598961,0.011452599470340382,vit_small,gz2,soft,d4,224,full,bce,50000,1,False,True
vit_small_soft_d4_s224_full_bce_n5000_seed0,0,0.0,0.2,5107,0.10682312583668005,0.4315645192872528,0.5684354807127472,0.0605051889563345,0.6036954444090474,0.6289406696690817,0.6170770052633454,0.669102789966947,0.020139637515342788,0.22618594758714916,vit_small,gz2,soft,d4,224,full,bce,5000,0,False,True
vit_small_soft_d4_s224_full_bce_n5000_seed0,1,0.2,0.4,5703,0.11928965863453815,0.38523584078555145,0.6147641592144486,0.2283008942661756,0.2851226505256451,0.8430650534806242,0.8312359902693633,0.9125078771264348,0.18600116056239377,0.15201924746456674,vit_small,gz2,soft,d4,224,full,bce,5000,0,False,True
vit_small_soft_d4_s224_full_bce_n5000_seed0,2,0.4,0.6,6995,0.14631442436412315,0.2923516797712652,0.7076483202287348,0.25232308791994285,0.08920038228735266,0.9599714081486777,0.9461761873008816,0.9909321577634537,0.21957448497574358,0.08354794615558114,vit_small,gz2,soft,d4,224,full,bce,5000,0,False,True
vit_small_soft_d4_s224_full_bce_n5000_seed0,3,0.6,0.8,13270,0.2775686077643909,0.16729464958553128,0.8327053504144687,0.16262245666917863,0.019751513220770945,0.9953278070836473,0.9889156577391871,0.9998170274346746,0.1503961259124417,0.03187370304588546,vit_small,gz2,soft,d4,224,full,bce,5000,0,False,True
vit_small_soft_d4_s224_full_bce_n5000_seed0,4,0.8,1.0,16733,0.35000418340026773,0.22769377876053307,0.7723062212394669,0.22727544373393893,0.0022300095571838167,0.9995816649734058,0.9991739077187045,0.9999991875967141,0.093101225616815,0.01175781063138379,vit_small,gz2,soft,d4,224,full,bce,5000,0,False,True
vit_small_soft_d4_s224_full_bce_n5000_seed1,0,0.0,0.2,5107,0.10682312583668005,0.4315645192872528,0.5684354807127472,0.06285490503230862,0.6058558558558559,0.6312903857450558,0.6238415513584108,0.6782246352574751,0.028929577250816303,0.22480666309699104,vit_small,gz2,soft,d4,224,full,bce,5000,1,False,True
vit_small_soft_d4_s224_full_bce_n5000_seed1,1,0.2,0.4,5703,0.11928965863453815,0.38523584078555145,0.6147641592144486,0.23391197615290193,0.2776705276705277,0.8486761353673505,0.8387735596510411,0.9183183208134518,0.19404821829321967,0.151276731836614,vit_small,gz2,soft,d4,224,full,bce,5000,1,False,True
vit_small_soft_d4_s224_full_bce_n5000_seed1,2,0.4,0.6,6995,0.14631442436412315,0.2923516797712652,0.7076483202287348,0.2516082916368835,0.0916988416988417,0.9592566118656183,0.9478234669432712,0.9903584500259317,0.22396258456237067,0.08589607307499311,vit_small,gz2,soft,d4,224,full,bce,5000,1,False,True
vit_small_soft_d4_s224_full_bce_n5000_seed1,3,0.6,0.8,13270,0.2775686077643909,0.16729464958553128,0.8327053504144687,0.16247174076865112,0.02059202059202059,0.9951770911831198,0.9882852309322898,0.9997488891606539,0.15503826450497563,0.03293911866199516,vit_small,gz2,soft,d4,224,full,bce,5000,1,False,True
vit_small_soft_d4_s224_full_bce_n5000_seed1,4,0.8,1.0,16733,0.35000418340026773,0.22769377876053307,0.7723062212394669,0.22691687085400114,0.004182754182754183,0.999223092093468,0.9984790490332096,0.9999975323250191,0.09782453654379031,0.012593842237295746,vit_small,gz2,soft,d4,224,full,bce,5000,1,False,True
vit_small_soft_d4_s224_full_bce_nfull_seed0,0,0.0,0.2,5107,0.10682312583668005,0.4315645192872528,0.5684354807127472,0.10554141374583903,0.7416481069042317,0.6739768944585862,0.6647756435704224,0.7254844791013491,0.07592777448004417,0.2159337131857738,vit_small,gz2,soft,d4,224,full,bce,0,0,False,True
vit_small_soft_d4_s224_full_bce_nfull_seed0,1,0.2,0.4,5703,0.11928965863453815,0.38523584078555145,0.6147641592144486,0.29756268630545324,0.22271714922049,0.9123268455199018,0.9055817181599863,0.9703971292077227,0.25293379186716447,0.13367060600576558,vit_small,gz2,soft,d4,224,full,bce,0,0,False,True
vit_small_soft_d4_s224_full_bce_nfull_seed0,2,0.4,0.6,6995,0.14631442436412315,0.2923516797712652,0.7076483202287348,0.28234453180843455,0.031180400890868598,0.9899928520371694,0.9863288138104764,0.9991483045615075,0.23354863139392648,0.06824114445134713,vit_small,gz2,soft,d4,224,full,bce,0,0,False,True
vit_small_soft_d4_s224_full_bce_nfull_seed0,3,0.6,0.8,13270,0.2775686077643909,0.16729464958553128,0.8327053504144687,0.16654107008289376,0.004454342984409799,0.9992464204973625,0.9981077004606417,0.9999932126696832,0.13988533199125427,0.024307975020375874,vit_small,gz2,soft,d4,224,full,bce,0,0,False,True
vit_small_soft_d4_s224_full_bce_nfull_seed0,4,0.8,1.0,16733,0.35000418340026773,0.22769377876053307,0.7723062212394669,0.2276937787605331,0.0,1.0,1.0,1.0,0.08315449480499666,0.0085062061999777,vit_small,gz2,soft,d4,224,full,bce,0,0,False,True
vit_small_soft_d4_s224_full_bce_nfull_seed0_scratch,0,0.0,0.2,5107,0.10682312583668005,0.4315645192872528,0.5684354807127472,0.07284119835519876,0.6151779717931498,0.6412766790679459,0.6361215445815175,0.6846391616907973,0.036916591014055845,0.22468903854461073,vit_small,gz2,soft,d4,224,full,bce,0,0,False,False
vit_small_soft_d4_s224_full_bce_nfull_seed0_scratch,1,0.2,0.4,5703,0.11928965863453815,0.38523584078555145,0.6147641592144486,0.241977906365071,0.27434519811954333,0.8567420655795196,0.8482227359249674,0.929143576224489,0.19909976801521292,0.14722494691048424,vit_small,gz2,soft,d4,224,full,bce,0,0,False,False
vit_small_soft_d4_s224_full_bce_nfull_seed0_scratch,2,0.4,0.6,6995,0.14631442436412315,0.2923516797712652,0.7076483202287348,0.2571837026447462,0.08260577568838147,0.964832022873481,0.9536282136771135,0.991581042700847,0.22502991933591285,0.08303093111747094,vit_small,gz2,soft,d4,224,full,bce,0,0,False,False
vit_small_soft_d4_s224_full_bce_nfull_seed0_scratch,3,0.6,0.8,13270,0.2775686077643909,0.16729464958553128,0.8327053504144687,0.16149208741522236,0.025856279382135663,0.994197437829691,0.9869770902123843,0.999818759936407,0.14822692765174234,0.031050114322005846,vit_small,gz2,soft,d4,224,full,bce,0,0,False,False
vit_small_soft_d4_s224_full_bce_nfull_seed0_scratch,4,0.8,1.0,16733,0.35000418340026773,0.22769377876053307,0.7723062212394669,0.2273352058805952,0.0020147750167897917,0.9996414271200621,0.9993051413145051,0.9999984970539211,0.09258267143582621,0.01138999446469396,vit_small,gz2,soft,d4,224,full,bce,0,0,False,False
vit_small_soft_d4_s224_full_bce_nfull_seed1,0,0.0,0.2,5107,0.10682312583668005,0.4315645192872528,0.5684354807127472,0.1008419815938908,0.74307083150022,0.669277462306638,0.6628269741609062,0.7229744028487959,0.07394201017001474,0.2175779149034698,vit_small,gz2,soft,d4,224,full,bce,0,1,False,True
vit_small_soft_d4_s224_full_bce_nfull_seed1,1,0.2,0.4,5703,0.11928965863453815,0.38523584078555145,0.6147641592144486,0.2989654567771348,0.21645402551693796,0.9137296159915834,0.9085919683559571,0.9706474316348513,0.25989606867944615,0.13652951019033324,vit_small,gz2,soft,d4,224,full,bce,0,1,False,True
vit_small_soft_d4_s224_full_bce_nfull_seed1,2,0.4,0.6,6995,0.14631442436412315,0.2923516797712652,0.7076483202287348,0.28005718370264476,0.03783545974483062,0.9877055039313796,0.9835647427823466,0.9990600380331434,0.23895844857157175,0.0720012593478309,vit_small,gz2,soft,d4,224,full,bce,0,1,False,True
vit_small_soft_d4_s224_full_bce_nfull_seed1,3,0.6,0.8,13270,0.2775686077643909,0.16729464958553128,0.8327053504144687,0.16684250188394878,0.0026396832380114386,0.9995478522984175,0.9990086013615426,0.9999935999347765,0.14667249748507158,0.026337335303410273,vit_small,gz2,soft,d4,224,full,bce,0,1,False,True
vit_small_soft_d4_s224_full_bce_nfull_seed1,4,0.8,1.0,16733,0.35000418340026773,0.22769377876053307,0.7723062212394669,0.2276937787605331,0.0,1.0,1.0,1.0,0.08729020760989675,0.00937790240918852,vit_small,gz2,soft,d4,224,full,bce,0,1,False,True
vit_small_soft_d4_s224_full_bce_nfull_seed1_scratch,0,0.0,0.2,5107,0.10682312583668005,0.4315645192872528,0.5684354807127472,0.06931662424123752,0.6218487394957983,0.6377521049539847,0.6342776700740769,0.6854382911976035,0.03845592926358303,0.2246322267326346,vit_small,gz2,soft,d4,224,full,bce,0,1,False,False
vit_small_soft_d4_s224_full_bce_nfull_seed1_scratch,1,0.2,0.4,5703,0.11928965863453815,0.38523584078555145,0.6147641592144486,0.24373136945467289,0.2712605042016807,0.8584955286691215,0.85270779710236,0.9301805526958014,0.20110357037444773,0.14733410536426456,vit_small,gz2,soft,d4,224,full,bce,0,1,False,False
vit_small_soft_d4_s224_full_bce_nfull_seed1_scratch,2,0.4,0.6,6995,0.14631442436412315,0.2923516797712652,0.7076483202287348,0.25861329521086496,0.07932773109243697,0.9662616154395998,0.9560732014521746,0.9920120026672595,0.2265891035756441,0.08277947565231634,vit_small,gz2,soft,d4,224,full,bce,0,1,False,False
vit_small_soft_d4_s224_full_bce_nfull_seed1_scratch,3,0.6,0.8,13270,0.2775686077643909,0.16729464958553128,0.8327053504144687,0.16141672946495855,0.02621848739495798,0.9941220798794272,0.9871118177000531,0.9996763482939953,0.14845899127637116,0.031280738331965374,vit_small,gz2,soft,d4,224,full,bce,0,1,False,False
vit_small_soft_d4_s224_full_bce_nfull_seed1_scratch,4,0.8,1.0,16733,0.35000418340026773,0.22769377876053307,0.7723062212394669,0.22745473017390783,0.0013445378151260505,0.9997609514133747,0.999567608506106,0.9999996141084392,0.09264326621692316,0.011339880430623766,vit_small,gz2,soft,d4,224,full,bce,0,1,False,False
vit_small_soft_d4_s224_full_bce_nfull_seed2,0,0.0,0.2,5107,0.10682312583668005,0.4315645192872528,0.5684354807127472,0.0998629332289015,0.7410323709536308,0.6682984139416487,0.6622389192480649,0.7230485641926213,0.07360453278975919,0.21756400829831304,vit_small,gz2,soft,d4,224,full,bce,0,2,False,True
vit_small_soft_d4_s224_full_bce_nfull_seed2,1,0.2,0.4,5703,0.11928965863453815,0.38523584078555145,0.6147641592144486,0.2966859547606522,0.22090988626421698,0.9114501139751008,0.9057183588781155,0.9713381001578412,0.25848057877331815,0.1368978064216854,vit_small,gz2,soft,d4,224,full,bce,0,2,False,True
vit_small_soft_d4_s224_full_bce_nfull_seed2,2,0.4,0.6,6995,0.14631442436412315,0.2923516797712652,0.7076483202287348,0.2814867762687634,0.033245844269466314,0.9891350964974982,0.9851487984984317,0.999084981847818,0.2406141865868028,0.07208388424492625,vit_small,gz2,soft,d4,224,full,bce,0,2,False,True
vit_small_soft_d4_s224_full_bce_nfull_seed2,3,0.6,0.8,13270,0.2775686077643909,0.16729464958553128,0.8327053504144687,0.16646571213263006,0.004811898512685914,0.9991710625470988,0.9980624515918634,0.9999829399535283,0.14767317481187384,0.02658263135271978,vit_small,gz2,soft,d4,224,full,bce,0,2,False,True
vit_small_soft_d4_s224_full_bce_nfull_seed2,4,0.8,1.0,16733,0.35000418340026773,0.22769377876053307,0.7723062212394669,0.2276937787605331,0.0,1.0,1.0,1.0,0.08830680189443733,0.009576845980422334,vit_small,gz2,soft,d4,224,full,bce,0,2,False,True
vit_small_soft_d4_s224_full_bce_nfull_seed2_scratch,0,0.0,0.2,5107,0.10682312583668005,0.4315645192872528,0.5684354807127472,0.055218327785392596,0.6299573910193379,0.6236538084981398,0.6199648433030978,0.6718575439513415,0.023053974714126478,0.22728729909563242,vit_small,gz2,soft,d4,224,full,bce,0,2,False,False
vit_small_soft_d4_s224_full_bce_nfull_seed2_scratch,1,0.2,0.4,5703,0.11928965863453815,0.38523584078555145,0.6147641592144486,0.2458355251621953,0.2605703048180924,0.8605996843766439,0.8542492082627844,0.9292044641074367,0.20284435511753685,0.14744221596992424,vit_small,gz2,soft,d4,224,full,bce,0,2,False,False
vit_small_soft_d4_s224_full_bce_nfull_seed2_scratch,2,0.4,0.6,6995,0.14631442436412315,0.2923516797712652,0.7076483202287348,0.2573266619013581,0.08030154047853164,0.9649749821300929,0.9540162011311155,0.9921638388777753,0.22505328647360962,0.08281083907761452,vit_small,gz2,soft,d4,224,full,bce,0,2,False,False
vit_small_soft_d4_s224_full_bce_nfull_seed2_scratch,3,0.6,0.8,13270,0.2775686077643909,0.16729464958553128,0.8327053504144687,0.16141672946495855,0.025565388397246803,0.9941220798794272,0.9858519832049244,0.9997057192939546,0.14899298864295363,0.031495913367145904,vit_small,gz2,soft,d4,224,full,bce,0,2,False,False
vit_small_soft_d4_s224_full_bce_nfull_seed2_scratch,4,0.8,1.0,16733,0.35000418340026773,0.22769377876053307,0.7723062212394669,0.22703639514731366,0.003605375286791216,0.9993426163867806,0.9987415162248108,0.9999988321702765,0.09298069546395339,0.011531794182650018,vit_small,gz2,soft,d4,224,full,bce,0,2,False,False
vit_small_soft_d4_s224_full_bce_nfull_seed3,0,0.0,0.2,5107,0.10682312583668005,0.4315645192872528,0.5684354807127472,0.09438026238496189,0.7513089005235603,0.6628157430977091,0.6634796565040358,0.7234642271934721,0.06702422612808637,0.21884132534912312,vit_small,gz2,soft,d4,224,full,bce,0,3,False,True
vit_small_soft_d4_s224_full_bce_nfull_seed3,1,0.2,0.4,5703,0.11928965863453815,0.38523584078555145,0.6147641592144486,0.2989654567771348,0.21465968586387435,0.9137296159915834,0.9140300742001293,0.9698005837447269,0.2588559925574473,0.13693280143569594,vit_small,gz2,soft,d4,224,full,bce,0,3,False,True
vit_small_soft_d4_s224_full_bce_nfull_seed3,2,0.4,0.6,6995,0.14631442436412315,0.2923516797712652,0.7076483202287348,0.28277340957827024,0.029232111692844676,0.990421729807005,0.9890711516139389,0.9990736706922526,0.24070979595727543,0.07166609734236434,vit_small,gz2,soft,d4,224,full,bce,0,3,False,True
vit_small_soft_d4_s224_full_bce_nfull_seed3,3,0.6,0.8,13270,0.2775686077643909,0.16729464958553128,0.8327053504144687,0.16654107008289376,0.004363001745200698,0.9992464204973625,0.9984676531735355,0.9999704047939342,0.14400253165457133,0.0257486881176958,vit_small,gz2,soft,d4,224,full,bce,0,3,False,True
vit_small_soft_d4_s224_full_bce_nfull_seed3,4,0.8,1.0,16733,0.35000418340026773,0.22769377876053307,0.7723062212394669,0.22763401661387683,0.0004363001745200698,0.9999402378533437,0.9999613092935077,1.0,0.08384323674079633,0.008831155053817773,vit_small,gz2,soft,d4,224,full,bce,0,3,False,True
vit_small_soft_d4_s224_full_bce_nfull_seed4,0,0.0,0.2,5107,0.10682312583668005,0.4315645192872528,0.5684354807127472,0.09496769140395533,0.7596111356606274,0.6634031721167025,0.6634501170014373,0.7264828048836143,0.06947430218703976,0.21798217733297223,vit_small,gz2,soft,d4,224,full,bce,0,4,False,True
vit_small_soft_d4_s224_full_bce_nfull_seed4,1,0.2,0.4,5703,0.11928965863453815,0.38523584078555145,0.6147641592144486,0.30352446081009987,0.20592134334953602,0.9182886200245485,0.9175680626566176,0.9717373766695807,0.26576268409305176,0.13737521167025837,vit_small,gz2,soft,d4,224,full,bce,0,4,False,True
vit_small_soft_d4_s224_full_bce_nfull_seed4,2,0.4,0.6,6995,0.14631442436412315,0.2923516797712652,0.7076483202287348,0.281915654038599,0.03225806451612903,0.9895639742673338,0.9867432268899261,0.9989983453113037,0.24253369948751508,0.07309680152214763,vit_small,gz2,soft,d4,224,full,bce,0,4,False,True
vit_small_soft_d4_s224_full_bce_nfull_seed4,3,0.6,0.8,13270,0.2775686077643909,0.16729464958553128,0.8327053504144687,0.1669178598342126,0.002209456473707468,0.9996232102486813,0.9992338265867677,0.9999916636093107,0.14626680197967631,0.026329218481331535,vit_small,gz2,soft,d4,224,full,bce,0,4,False,True
vit_small_soft_d4_s224_full_bce_nfull_seed4,4,0.8,1.0,16733,0.35000418340026773,0.22769377876053307,0.7723062212394669,0.2276937787605331,0.0,1.0,1.0,1.0,0.08522236888370759,0.009084081287078924,vit_small,gz2,soft,d4,224,full,bce,0,4,False,True
vit_small_soft_d4_s224_full_focal_nfull_seed0,0,0.0,0.2,5107,0.10682312583668005,0.4315645192872528,0.5684354807127472,0.09203054630898766,0.7341236240474175,0.6604660270217348,0.6514711453762394,0.719543913205752,0.018984885373144928,0.21092406833294286,vit_small,gz2,soft,d4,224,full,focal,0,0,False,True
vit_small_soft_d4_s224_full_focal_nfull_seed0,1,0.2,0.4,5703,0.11928965863453815,0.38523584078555145,0.6147641592144486,0.29072418025600555,0.22819644369178663,0.9054883394704542,0.8971308305340919,0.9661658108175827,0.14286434523631933,0.09239044923871464,vit_small,gz2,soft,d4,224,full,focal,0,0,False,True
vit_small_soft_d4_s224_full_focal_nfull_seed0,2,0.4,0.6,6995,0.14631442436412315,0.2923516797712652,0.7076483202287348,0.280771979985704,0.03429297205757832,0.9884203002144388,0.9843567706403892,0.9991013311600109,0.11874809585807257,0.028098647789449847,vit_small,gz2,soft,d4,224,full,focal,0,0,False,True
vit_small_soft_d4_s224_full_focal_nfull_seed0,3,0.6,0.8,13270,0.2775686077643909,0.16729464958553128,0.8327053504144687,0.16669178598342127,0.003386960203217612,0.99939713639789,0.998918103623986,0.9999941502588563,0.05065817139136025,0.005142430562668698,vit_small,gz2,soft,d4,224,full,focal,0,0,False,True
vit_small_soft_d4_s224_full_focal_nfull_seed0,4,0.8,1.0,16733,0.35000418340026773,0.22769377876053307,0.7723062212394669,0.2276937787605331,0.0,1.0,1.0,1.0,0.023928749279369527,0.0009355015706001063,vit_small,gz2,soft,d4,224,full,focal,0,0,False,True
vit_small_soft_d4_s224_full_focal_nfull_seed1,0,0.0,0.2,5107,0.10682312583668005,0.4315645192872528,0.5684354807127472,0.09692578813393382,0.7235393734123624,0.665361268846681,0.6587267661652975,0.7212340728941148,0.01586667454628437,0.21109031038437145,vit_small,gz2,soft,d4,224,full,focal,0,1,False,True
vit_small_soft_d4_s224_full_focal_nfull_seed1,1,0.2,0.4,5703,0.11928965863453815,0.38523584078555145,0.6147641592144486,0.2900227950201648,0.22988992379339543,0.9047869542346134,0.8976649951276712,0.9650314656635182,0.14054198168589163,0.09216512454146407,vit_small,gz2,soft,d4,224,full,focal,0,1,False,True
vit_small_soft_d4_s224_full_focal_nfull_seed1,2,0.4,0.6,6995,0.14631442436412315,0.2923516797712652,0.7076483202287348,0.27805575411007866,0.04233700254022015,0.9857040743388135,0.9810026919562371,0.9988410264009285,0.11621688812081732,0.028267770467108173,vit_small,gz2,soft,d4,224,full,focal,0,1,False,True
vit_small_soft_d4_s224_full_focal_nfull_seed1,3,0.6,0.8,13270,0.2775686077643909,0.16729464958553128,0.8327053504144687,0.16654107008289376,0.004233700254022015,0.9992464204973625,0.9986476295299824,0.9999870571929396,0.05043512354327681,0.0050919517205908794,vit_small,gz2,soft,d4,224,full,focal,0,1,False,True
vit_small_soft_d4_s224_full_focal_nfull_seed1,4,0.8,1.0,16733,0.35000418340026773,0.22769377876053307,0.7723062212394669,0.2276937787605331,0.0,1.0,1.0,1.0,0.02396964753436346,0.00090469664603524,vit_small,gz2,soft,d4,224,full,focal,0,1,False,True
vit_small_soft_d4_s224_full_smooth_nfull_seed0,0,0.0,0.2,5107,0.10682312583668005,0.4315645192872528,0.5684354807127472,0.1073037008028197,0.7446043165467626,0.6757391815155669,0.6679098785723261,0.7251310209789861,0.08773366607680391,0.2182898743391796,vit_small,gz2,soft,d4,224,full,smooth,0,0,False,True
vit_small_soft_d4_s224_full_smooth_nfull_seed0,1,0.2,0.4,5703,0.11928965863453815,0.38523584078555145,0.6147641592144486,0.29949149570401534,0.21987410071942445,0.914255654918464,0.9077452502907428,0.9710372309281364,0.27055512638718504,0.14196848530469447,vit_small,gz2,soft,d4,224,full,smooth,0,0,False,True
vit_small_soft_d4_s224_full_smooth_nfull_seed0,2,0.4,0.6,6995,0.14631442436412315,0.2923516797712652,0.7076483202287348,0.281915654038599,0.03282374100719424,0.9895639742673338,0.9857388061544541,0.9990904645476774,0.25887090523512213,0.07989047403938261,vit_small,gz2,soft,d4,224,full,smooth,0,0,False,True
vit_small_soft_d4_s224_full_smooth_nfull_seed0,3,0.6,0.8,13270,0.2775686077643909,0.16729464958553128,0.8327053504144687,0.16684250188394878,0.002697841726618705,0.9995478522984175,0.9991885777179894,0.9999940891117362,0.17647121669198212,0.03484976675658495,vit_small,gz2,soft,d4,224,full,smooth,0,0,False,True
vit_small_soft_d4_s224_full_smooth_nfull_seed0,4,0.8,1.0,16733,0.35000418340026773,0.22769377876053307,0.7723062212394669,0.2276937787605331,0.0,1.0,1.0,1.0,0.12563989170531037,0.01708643918614486,vit_small,gz2,soft,d4,224,full,smooth,0,0,False,True
vit_small_soft_d4_s224_full_smooth_nfull_seed1,0,0.0,0.2,5107,0.10682312583668005,0.4315645192872528,0.5684354807127472,0.09849226551791657,0.7431192660550459,0.6669277462306638,0.6641468741579679,0.727009905267284,0.08090159299031897,0.2193588094479956,vit_small,gz2,soft,d4,224,full,smooth,0,1,False,True
vit_small_soft_d4_s224_full_smooth_nfull_seed1,1,0.2,0.4,5703,0.11928965863453815,0.38523584078555145,0.6147641592144486,0.29633526214273187,0.2214941022280472,0.9110994213571805,0.9084920680874532,0.9684472888793798,0.2730748540928087,0.14616751189924235,vit_small,gz2,soft,d4,224,full,smooth,0,1,False,True
vit_small_soft_d4_s224_full_smooth_nfull_seed1,2,0.4,0.6,6995,0.14631442436412315,0.2923516797712652,0.7076483202287348,0.2817726947819872,0.03232852774137178,0.989421015010722,0.9863552394359241,0.9990680892050086,0.26543567685930963,0.08366895154476017,vit_small,gz2,soft,d4,224,full,smooth,0,1,False,True
vit_small_soft_d4_s224_full_smooth_nfull_seed1,3,0.6,0.8,13270,0.2775686077643909,0.16729464958553128,0.8327053504144687,0.16676714393368508,0.0030581039755351682,0.9994724943481538,0.9991433288492112,0.9999943337002161,0.17959035103291435,0.03628099722427617,vit_small,gz2,soft,d4,224,full,smooth,0,1,False,True
vit_small_soft_d4_s224_full_smooth_nfull_seed1,4,0.8,1.0,16733,0.35000418340026773,0.22769377876053307,0.7723062212394669,0.2276937787605331,0.0,1.0,1.0,1.0,0.12639817582079466,0.017325349444936355,vit_small,gz2,soft,d4,224,full,smooth,0,1,False,True
vit_small_soft_d4_s224_partial_bce_nfull_seed0,0,0.0,0.2,5107,0.10682312583668005,0.4315645192872528,0.5684354807127472,0.05776385353436464,0.5820121951219512,0.6261993342471118,0.6206197919043632,0.6655649265763623,0.02586212133051763,0.22858000644985177,vit_small,gz2,soft,d4,224,partial,bce,0,0,False,True
vit_small_soft_d4_s224_partial_bce_nfull_seed0,1,0.2,0.4,5703,0.11928965863453815,0.38523584078555145,0.6147641592144486,0.2225144660704892,0.28292682926829266,0.8372786252849378,0.8314580557784939,0.9081232355171873,0.17649737990218126,0.15230389803532252,vit_small,gz2,soft,d4,224,partial,bce,0,0,False,True
vit_small_soft_d4_s224_partial_bce_nfull_seed0,2,0.4,0.6,6995,0.14631442436412315,0.2923516797712652,0.7076483202287348,0.24531808434596136,0.1003048780487805,0.9529664045746962,0.9407962263218987,0.9867855572843348,0.2122349537482979,0.08541417944869771,vit_small,gz2,soft,d4,224,partial,bce,0,0,False,True
vit_small_soft_d4_s224_partial_bce_nfull_seed0,3,0.6,0.8,13270,0.2775686077643909,0.16729464958553128,0.8327053504144687,0.16006028636021108,0.02926829268292683,0.9927656367746798,0.9839576454282337,0.9994270922506215,0.14786181157004277,0.03249406054794297,vit_small,gz2,soft,d4,224,partial,bce,0,0,False,True
vit_small_soft_d4_s224_partial_bce_nfull_seed0,4,0.8,1.0,16733,0.35000418340026773,0.22769377876053307,0.7723062212394669,0.2266180601207195,0.00548780487804878,0.9989242813601864,0.997822881054207,0.9999971464334582,0.09239565688937053,0.011769850410624609,vit_small,gz2,soft,d4,224,partial,bce,0,0,False,True
vit_small_soft_d4_s224_partial_bce_nfull_seed1,0,0.0,0.2,5107,0.10682312583668005,0.4315645192872528,0.5684354807127472,0.05580575680438615,0.5917360468701819,0.6242412375171333,0.6218471660520157,0.6627917299395518,0.019398286794236604,0.22969500952279046,vit_small,gz2,soft,d4,224,partial,bce,0,1,False,True
vit_small_soft_d4_s224_partial_bce_nfull_seed1,1,0.2,0.4,5703,0.11928965863453815,0.38523584078555145,0.6147641592144486,0.22496931439593193,0.2818378045020043,0.8397334736103805,0.8366835084195349,0.9091008820044759,0.18526279231539614,0.15476431862640974,vit_small,gz2,soft,d4,224,partial,bce,0,1,False,True
vit_small_soft_d4_s224_partial_bce_nfull_seed1,2,0.4,0.6,6995,0.14631442436412315,0.2923516797712652,0.7076483202287348,0.2467476769120801,0.09836571076164045,0.9543959971408149,0.945967498950384,0.9869824899360351,0.22279768585945725,0.08947875075215066,vit_small,gz2,soft,d4,224,partial,bce,0,1,False,True
vit_small_soft_d4_s224_partial_bce_nfull_seed1,3,0.6,0.8,13270,0.2775686077643909,0.16729464958553128,0.8327053504144687,0.16119065561416734,0.02497687326549491,0.993896006028636,0.9858962129550365,0.9994923973747503,0.15775315048455207,0.03507993960255653,vit_small,gz2,soft,d4,224,partial,bce,0,1,False,True
vit_small_soft_d4_s224_partial_bce_nfull_seed1,4,0.8,1.0,16733,0.35000418340026773,0.22769377876053307,0.7723062212394669,0.22709615729397004,0.003083564600678384,0.9994023785334369,0.9986876640419948,0.9999986899997014,0.09967625215814353,0.01318501067982529,vit_small,gz2,soft,d4,224,partial,bce,0,1,False,True
vit_small_soft_debiased_d4_s224_full_bce_nfull_seed0,0,0.0,0.2,5107,0.10682312583668005,0.4315645192872528,0.5684354807127472,-0.10514979439984334,0.1846537321476691,0.46328568631290384,0.5238599471227274,0.5871612256674208,0.3815395398332061,0.4124527148595191,vit_small,gz2,soft_debiased,d4,224,full,bce,0,0,False,True
vit_small_soft_debiased_d4_s224_full_bce_nfull_seed0,1,0.2,0.4,5703,0.11928965863453815,0.38523584078555145,0.6147641592144486,-0.1543047518849729,0.20728914039342494,0.4604594073294757,0.5588866319549477,0.7402595615397338,0.36616289305353555,0.3841381171504622,vit_small,gz2,soft_debiased,d4,224,full,bce,0,0,False,True
vit_small_soft_debiased_d4_s224_full_bce_nfull_seed0,2,0.4,0.6,6995,0.14631442436412315,0.2923516797712652,0.7076483202287348,-0.2154395997140815,0.2392886014551334,0.4922087205146533,0.6404946778296412,0.8868545602726531,0.29472705012372424,0.3347164252359331,vit_small,gz2,soft_debiased,d4,224,full,bce,0,0,False,True
vit_small_soft_debiased_d4_s224_full_bce_nfull_seed0,3,0.6,0.8,13270,0.2775686077643909,0.16729464958553128,0.8327053504144687,-0.12403918613413711,0.2604419293990838,0.7086661642803316,0.8250678733031674,0.9826905344258285,0.03976108999115768,0.19642830416470744,vit_small,gz2,soft_debiased,d4,224,full,bce,0,0,False,True
vit_small_soft_debiased_d4_s224_full_bce_nfull_seed0,4,0.8,1.0,16733,0.35000418340026773,0.22769377876053307,0.7723062212394669,0.13159624693718996,0.10832659660468877,0.9039024681766569,0.9377853439603807,0.9996123414620375,0.10844726206187436,0.08686584216543153,vit_small,gz2,soft_debiased,d4,224,full,bce,0,0,False,True
vit_small_soft_debiased_d4_s224_full_bce_nfull_seed1,0,0.0,0.2,5107,0.10682312583668005,0.4315645192872528,0.5684354807127472,-0.11219894262776581,0.1791959734142092,0.4562365380849814,0.5191889546642093,0.5867664278707865,0.40279080255264543,0.42465770031812666,vit_small,gz2,soft_debiased,d4,224,full,bce,0,1,False,True
vit_small_soft_debiased_d4_s224_full_bce_nfull_seed1,1,0.2,0.4,5703,0.11928965863453815,0.38523584078555145,0.6147641592144486,-0.16289672102402253,0.20171646125056464,0.4518674381904261,0.5529182562645063,0.7388359664854398,0.3888713985984626,0.40028003324212785,vit_small,gz2,soft_debiased,d4,224,full,bce,0,1,False,True
vit_small_soft_debiased_d4_s224_full_bce_nfull_seed1,2,0.4,0.6,6995,0.14631442436412315,0.2923516797712652,0.7076483202287348,-0.2324517512508935,0.23688455830160676,0.4751965689778413,0.6287614531624311,0.8945607171964141,0.3226497218401582,0.3491332320987641,vit_small,gz2,soft_debiased,d4,224,full,bce,0,1,False,True
vit_small_soft_debiased_d4_s224_full_bce_nfull_seed1,3,0.6,0.8,13270,0.2775686077643909,0.16729464958553128,0.8327053504144687,-0.14657121326299927,0.26876169581209264,0.6861341371514694,0.8115384615384615,0.9869276833394481,0.05872086425141318,0.20739693376855128,vit_small,gz2,soft_debiased,d4,224,full,bce,0,1,False,True
vit_small_soft_debiased_d4_s224_full_bce_nfull_seed1,4,0.8,1.0,16733,0.35000418340026773,0.22769377876053307,0.7723062212394669,0.12263192493874386,0.11344131122152674,0.8949381461782108,0.9319817379865356,0.9997746393284836,0.1090984546052842,0.09442585972409656,vit_small,gz2,soft_debiased,d4,224,full,bce,0,1,False,True
vit_small_soft_debiased_d4_s224_full_bce_nfull_seed2,0,0.0,0.2,5107,0.10682312583668005,0.4315645192872528,0.5684354807127472,-0.10945760720579595,0.1871697601950955,0.45897787350695124,0.5207808837844072,0.588188543924459,0.3736044057158544,0.402528398837437,vit_small,gz2,soft_debiased,d4,224,full,bce,0,2,False,True
vit_small_soft_debiased_d4_s224_full_bce_nfull_seed2,1,0.2,0.4,5703,0.11928965863453815,0.38523584078555145,0.6147641592144486,-0.15640890759249526,0.20925348868716975,0.45835525162195334,0.5576001320059688,0.7379676325726545,0.3573582105373847,0.3774634119645943,vit_small,gz2,soft_debiased,d4,224,full,bce,0,2,False,True
vit_small_soft_debiased_d4_s224_full_bce_nfull_seed2,2,0.4,0.6,6995,0.14631442436412315,0.2923516797712652,0.7076483202287348,-0.22544674767691208,0.24535970735672674,0.4822015725518227,0.633280482082438,0.8921331160010867,0.29347222415867485,0.3299203002920662,vit_small,gz2,soft_debiased,d4,224,full,bce,0,2,False,True
vit_small_soft_debiased_d4_s224_full_bce_nfull_seed2,3,0.6,0.8,13270,0.2775686077643909,0.16729464958553128,0.8327053504144687,-0.12509419743782968,0.2628370139547487,0.707611152976639,0.8240744364273775,0.9844774163303576,0.034471825899917055,0.19736483274020128,vit_small,gz2,soft_debiased,d4,224,full,bce,0,2,False,True
vit_small_soft_debiased_d4_s224_full_bce_nfull_seed2,4,0.8,1.0,16733,0.35000418340026773,0.22769377876053307,0.7723062212394669,0.14354867626845158,0.09538002980625931,0.9158548975079185,0.9455234852588408,0.9996261827830215,0.13811945069490214,0.08981425513558403,vit_small,gz2,soft_debiased,d4,224,full,bce,0,2,False,True
vit_small_soft_flip_s224_full_bce_nfull_seed0,0,0.0,0.2,5107,0.10682312583668005,0.4315645192872528,0.5684354807127472,0.06089680830233013,0.7055534849049572,0.6293322890150773,0.6469734044448667,0.7142135177765289,0.03259744919837982,0.22736900670340088,vit_small,gz2,soft,flip,224,full,bce,0,0,False,True
vit_small_soft_flip_s224_full_bce_nfull_seed0,1,0.2,0.4,5703,0.11928965863453815,0.38523584078555145,0.6147641592144486,0.26985796948974217,0.24524785687663064,0.8846221287041908,0.8977487971072933,0.9670428429993603,0.23998175980923317,0.1486530119652534,vit_small,gz2,soft,flip,224,full,bce,0,0,False,True
vit_small_soft_flip_s224_full_bce_nfull_seed0,2,0.4,0.6,6995,0.14631442436412315,0.2923516797712652,0.7076483202287348,0.2746247319513938,0.04621692135669027,0.9822730521801286,0.9856093946802993,0.9989933071546763,0.2535364508980337,0.08400668019448464,vit_small,gz2,soft,flip,224,full,bce,0,0,False,True
vit_small_soft_flip_s224_full_bce_nfull_seed0,3,0.6,0.8,13270,0.2775686077643909,0.16729464958553128,0.8327053504144687,0.16669178598342127,0.002981736861721953,0.99939713639789,0.9996380090497737,0.9999830418653949,0.16529647615971918,0.03297048163008951,vit_small,gz2,soft,flip,224,full,bce,0,0,False,True
vit_small_soft_flip_s224_full_bce_nfull_seed0,4,0.8,1.0,16733,0.35000418340026773,0.22769377876053307,0.7723062212394669,0.2276937787605331,0.0,1.0,1.0,1.0,0.10064621802192565,0.012475178701640844,vit_small,gz2,soft,flip,224,full,bce,0,0,False,True
vit_small_soft_flip_s224_full_bce_nfull_seed1,0,0.0,0.2,5107,0.10682312583668005,0.4315645192872528,0.5684354807127472,0.09496769140395533,0.7343015805211448,0.6634031721167025,0.6589708968693129,0.7185086239718222,0.06555883088777366,0.21792962051847187,vit_small,gz2,soft,flip,224,full,bce,0,1,False,True
vit_small_soft_flip_s224_full_bce_nfull_seed1,1,0.2,0.4,5703,0.11928965863453815,0.38523584078555145,0.6147641592144486,0.29458179905312987,0.22084579239641178,0.9093459582675785,0.9052815629672886,0.9671363169348027,0.25458720907916443,0.13731510931014043,vit_small,gz2,soft,flip,224,full,bce,0,1,False,True
vit_small_soft_flip_s224_full_bce_nfull_seed1,2,0.4,0.6,6995,0.14631442436412315,0.2923516797712652,0.7076483202287348,0.2789135096497498,0.04015378043571124,0.9865618298784846,0.9826131732977699,0.9986886962534884,0.2370603912228384,0.07245853756373453,vit_small,gz2,soft,flip,224,full,bce,0,1,False,True
vit_small_soft_flip_s224_full_bce_nfull_seed1,3,0.6,0.8,13270,0.2775686077643909,0.16729464958553128,0.8327053504144687,0.16646571213263006,0.004698846646732166,0.9991710625470988,0.9984224043047573,0.9999904406669113,0.14369754765179923,0.025930080929496602,vit_small,gz2,soft,flip,224,full,bce,0,1,False,True
vit_small_soft_flip_s224_full_bce_nfull_seed1,4,0.8,1.0,16733,0.35000418340026773,0.22769377876053307,0.7723062212394669,0.2276937787605331,0.0,1.0,1.0,0.9999999999999999,0.08441649913364396,0.008983431148097501,vit_small,gz2,soft,flip,224,full,bce,0,1,False,True
vit_small_soft_flip_s224_full_bce_nfull_seed2,0,0.0,0.2,5107,0.10682312583668005,0.4315645192872528,0.5684354807127472,0.0998629332289015,0.7371627502175805,0.6682984139416487,0.6603270569965484,0.7242681236570467,0.06919511065210925,0.2159317908815425,vit_small,gz2,soft,flip,224,full,bce,0,2,False,True
vit_small_soft_flip_s224_full_bce_nfull_seed2,1,0.2,0.4,5703,0.11928965863453815,0.38523584078555145,0.6147641592144486,0.2937050675083289,0.22715404699738903,0.9084692267227775,0.9021043579366252,0.967367210537836,0.25149638283238085,0.13595634383445962,vit_small,gz2,soft,flip,224,full,bce,0,2,False,True
vit_small_soft_flip_s224_full_bce_nfull_seed2,2,0.4,0.6,6995,0.14631442436412315,0.2923516797712652,0.7076483202287348,0.28205861329521087,0.031331592689295036,0.9897069335239457,0.9862702822849522,0.9990144476550344,0.23907104328200163,0.07146931585220649,vit_small,gz2,soft,flip,224,full,bce,0,2,False,True
vit_small_soft_flip_s224_full_bce_nfull_seed2,3,0.6,0.8,13270,0.2775686077643909,0.16729464958553128,0.8327053504144687,0.16654107008289376,0.004351610095735422,0.9992464204973625,0.9984676531735355,0.999979780685663,0.14464982632033885,0.026017418194528682,vit_small,gz2,soft,flip,224,full,bce,0,2,False,True
vit_small_soft_flip_s224_full_bce_nfull_seed2,4,0.8,1.0,16733,0.35000418340026773,0.22769377876053307,0.7723062212394669,0.2276937787605331,0.0,1.0,1.0,1.0,0.08608965706312852,0.009155036780584677,vit_small,gz2,soft,flip,224,full,bce,0,2,False,True
vit_small_soft_none_s224_full_bce_nfull_seed0,0,0.0,0.2,5107,0.10682312583668005,0.4315645192872528,0.5684354807127472,0.09594673976894463,0.6549484142147497,0.6643822204816918,0.6374359743003202,0.7186248283114095,0.048584671323783066,0.21495708048940534,vit_small,gz2,soft,none,224,full,bce,0,0,False,True
vit_small_soft_none_s224_full_bce_nfull_seed0,1,0.2,0.4,5703,0.11928965863453815,0.38523584078555145,0.6147641592144486,0.2656496580746974,0.26060374474589226,0.880413817289146,0.8554946186276416,0.9586607625759442,0.21249993067079945,0.1362813828495757,vit_small,gz2,soft,none,224,full,bce,0,0,False,True
vit_small_soft_none_s224_full_bce_nfull_seed0,2,0.4,0.6,6995,0.14631442436412315,0.2923516797712652,0.7076483202287348,0.2664760543245175,0.06916316392816202,0.9741243745532523,0.9580415400953298,0.9980693981378578,0.21478184596439018,0.07039083964709301,vit_small,gz2,soft,none,224,full,bce,0,0,False,True
vit_small_soft_none_s224_full_bce_nfull_seed0,3,0.6,0.8,13270,0.2775686077643909,0.16729464958553128,0.8327053504144687,0.16465712132629995,0.013374092472296522,0.9973624717407686,0.9922970934735641,0.9999947005829359,0.1375857946660142,0.02513486530390267,vit_small,gz2,soft,none,224,full,bce,0,0,False,True
vit_small_soft_none_s224_full_bce_nfull_seed0,4,0.8,1.0,16733,0.35000418340026773,0.22769377876053307,0.7723062212394669,0.22739496802725156,0.0019105846388995033,0.9997011892667185,0.9993438320209973,0.9999999390697536,0.08434450338889432,0.00911145692088942,vit_small,gz2,soft,none,224,full,bce,0,0,False,True
vit_small_soft_none_s224_full_bce_nfull_seed0_op,0,0.0,0.2,5107,0.10682312583668005,0.4315645192872528,0.5684354807127472,0.09340121401997259,0.7342687074829932,0.6618366947327198,0.6639840943063469,0.7232974618534054,0.06851794592859652,0.21973937990613346,vit_small,gz2,soft,none,224,full,bce,0,0,True,True
vit_small_soft_none_s224_full_bce_nfull_seed0_op,1,0.2,0.4,5703,0.11928965863453815,0.38523584078555145,0.6147641592144486,0.2930036822724881,0.22363945578231292,0.9077678414869367,0.9095211252392348,0.9694575214191627,0.25891619420367207,0.14060679968223067,vit_small,gz2,soft,none,224,full,bce,0,0,True,True
vit_small_soft_none_s224_full_bce_nfull_seed0_op,2,0.4,0.6,6995,0.14631442436412315,0.2923516797712652,0.7076483202287348,0.2794853466761973,0.03826530612244898,0.9871336669049321,0.9873218739966907,0.9989838729594231,0.24672250684518485,0.07646526953656883,vit_small,gz2,soft,none,224,full,bce,0,0,True,True
vit_small_soft_none_s224_full_bce_nfull_seed0_op,3,0.6,0.8,13270,0.2775686077643909,0.16729464958553128,0.8327053504144687,0.16661642803315757,0.003826530612244898,0.9993217784476263,0.9988728547552077,0.9999854266030737,0.1534300407067716,0.028625314326891527,vit_small,gz2,soft,none,224,full,bce,0,0,True,True
vit_small_soft_none_s224_full_bce_nfull_seed0_op,4,0.8,1.0,16733,0.35000418340026773,0.22769377876053307,0.7723062212394669,0.2276937787605331,0.0,1.0,1.0,0.9999999999999999,0.09095176981693816,0.010270185461098298,vit_small,gz2,soft,none,224,full,bce,0,0,True,True
vit_small_soft_none_s224_full_bce_nfull_seed1,0,0.0,0.2,5107,0.10682312583668005,0.4315645192872528,0.5684354807127472,0.0818484433130997,0.6879815100154083,0.6502839240258469,0.6552970579905761,0.7110130924076914,0.0453099602089718,0.22154807866991105,vit_small,gz2,soft,none,224,full,bce,0,1,False,True
vit_small_soft_none_s224_full_bce_nfull_seed1,1,0.2,0.4,5703,0.11928965863453815,0.38523584078555145,0.6147641592144486,0.26968262318078196,0.25385208012326654,0.8844467823952306,0.8902137593113671,0.957616775559474,0.22695495501518584,0.14071167391346984,vit_small,gz2,soft,none,224,full,bce,0,1,False,True
vit_small_soft_none_s224_full_bce_nfull_seed1,2,0.4,0.6,6995,0.14631442436412315,0.2923516797712652,0.7076483202287348,0.2727662616154396,0.052773497688751926,0.9804145818441744,0.9807090464547676,0.9979967400162999,0.23364280429299256,0.07504756784350193,vit_small,gz2,soft,none,224,full,bce,0,1,False,True
vit_small_soft_none_s224_full_bce_nfull_seed1,3,0.6,0.8,13270,0.2775686077643909,0.16729464958553128,0.8327053504144687,0.16631499623210255,0.005007704160246533,0.9990203466465712,0.9985118829236477,0.9999937426113897,0.15086402623088138,0.027975825859587324,vit_small,gz2,soft,none,224,full,bce,0,1,False,True
vit_small_soft_none_s224_full_bce_nfull_seed1,4,0.8,1.0,16733,0.35000418340026773,0.22769377876053307,0.7723062212394669,0.22763401661387683,0.0003852080123266564,0.9999402378533437,0.9999613092935077,1.0,0.09188102555082699,0.01046973336264088,vit_small,gz2,soft,none,224,full,bce,0,1,False,True
vit_small_soft_none_s224_full_bce_nfull_seed1_op,0,0.0,0.2,5107,0.10682312583668005,0.4315645192872528,0.5684354807127472,0.10749951047581752,0.7329495128432241,0.6759349911885647,0.6642037650518614,0.7255766142165967,0.08075044299755778,0.2162314023256325,vit_small,gz2,soft,none,224,full,bce,0,1,True,True
vit_small_soft_none_s224_full_bce_nfull_seed1_op,1,0.2,0.4,5703,0.11928965863453815,0.38523584078555145,0.6147641592144486,0.29265298965456765,0.23383525243578387,0.9074171488690163,0.8965753097427623,0.967664314845141,0.25379845315001626,0.13767075539188467,vit_small,gz2,soft,none,224,full,bce,0,1,True,True
vit_small_soft_none_s224_full_bce_nfull_seed1_op,2,0.4,0.6,6995,0.14631442436412315,0.2923516797712652,0.7076483202287348,0.282916368834882,0.029229406554472984,0.9905646890636168,0.9857284334790447,0.9990901681855229,0.2441481308677394,0.07314722862987921,vit_small,gz2,soft,none,224,full,bce,0,1,True,True
vit_small_soft_none_s224_full_bce_nfull_seed1_op,3,0.6,0.8,13270,0.2775686077643909,0.16729464958553128,0.8327053504144687,0.16669178598342127,0.00354295837023915,0.99939713639789,0.9985581509110921,0.999952814805756,0.14894981845966299,0.02707945465403611,vit_small,gz2,soft,none,224,full,bce,0,1,True,True
vit_small_soft_none_s224_full_bce_nfull_seed1_op,4,0.8,1.0,16733,0.35000418340026773,0.22769377876053307,0.7723062212394669,0.22763401661387683,0.0004428697962798937,0.9999402378533437,0.9998687664041994,1.0,0.08873744443172953,0.009711579022700438,vit_small,gz2,soft,none,224,full,bce,0,1,True,True
vit_small_soft_none_s224_full_bce_nfull_seed2,0,0.0,0.2,5107,0.10682312583668005,0.4315645192872528,0.5684354807127472,0.06912081456823971,0.6881040892193309,0.6375562952809869,0.6503835759115203,0.7153534456188697,0.033469679123306784,0.2236973706663045,vit_small,gz2,soft,none,224,full,bce,0,2,False,True
vit_small_soft_none_s224_full_bce_nfull_seed2,1,0.2,0.4,5703,0.11928965863453815,0.38523584078555145,0.6147641592144486,0.2665263896194985,0.2516728624535316,0.8812905488339471,0.8904507546851863,0.957154079579035,0.2274213894566757,0.14427951535290567,vit_small,gz2,soft,none,224,full,bce,0,2,False,True
vit_small_soft_none_s224_full_bce_nfull_seed2,2,0.4,0.6,6995,0.14631442436412315,0.2923516797712652,0.7076483202287348,0.27176554681915654,0.053531598513011154,0.9794138670478914,0.980575930453681,0.9974944061643329,0.23654118724928913,0.07760481660568941,vit_small,gz2,soft,none,224,full,bce,0,2,False,True
vit_small_soft_none_s224_full_bce_nfull_seed2,3,0.6,0.8,13270,0.2775686077643909,0.16729464958553128,0.8327053504144687,0.16616428033157504,0.0055762081784386614,0.9988696307460437,0.998421385186091,0.9999858138681669,0.14938478628601584,0.028120010431429216,vit_small,gz2,soft,none,224,full,bce,0,2,False,True
vit_small_soft_none_s224_full_bce_nfull_seed2,4,0.8,1.0,16733,0.35000418340026773,0.22769377876053307,0.7723062212394669,0.2275144923205642,0.0011152416356877324,0.9998207135600311,0.9997913849912149,0.9999999593798358,0.08872254399609124,0.009763769356796695,vit_small,gz2,soft,none,224,full,bce,0,2,False,True
vit_small_soft_none_s224_full_bce_nfull_seed2_op,0,0.0,0.2,5107,0.10682312583668005,0.4315645192872528,0.5684354807127472,0.09868807519091449,0.7145859604875998,0.6671235559036617,0.6488603378568888,0.7195904887177854,0.061181989548221245,0.21535497666648284,vit_small,gz2,soft,none,224,full,bce,0,2,True,True
vit_small_soft_none_s224_full_bce_nfull_seed2_op,1,0.2,0.4,5703,0.11928965863453815,0.38523584078555145,0.6147641592144486,0.28686656145888123,0.23581336696090793,0.9016307206733298,0.884901518717766,0.9667563194222479,0.23676416772239237,0.1330564544085572,vit_small,gz2,soft,none,224,full,bce,0,2,True,True
vit_small_soft_none_s224_full_bce_nfull_seed2_op,2,0.4,0.6,6995,0.14631442436412315,0.2923516797712652,0.7076483202287348,0.2773409578270193,0.044136191677175286,0.9849892780557541,0.9764799585092984,0.9989732533155515,0.22577830957804004,0.06797037930858182,vit_small,gz2,soft,none,224,full,bce,0,2,True,True
vit_small_soft_none_s224_full_bce_nfull_seed2_op,3,0.6,0.8,13270,0.2775686077643909,0.16729464958553128,0.8327053504144687,0.16639035418236625,0.005044136191677175,0.9990957045968349,0.9976572500101912,0.9999583384289267,0.139309958490096,0.024286309311944945,vit_small,gz2,soft,none,224,full,bce,0,2,True,True
vit_small_soft_none_s224_full_bce_nfull_seed2_op,4,0.8,1.0,16733,0.35000418340026773,0.22769377876053307,0.7723062212394669,0.22763401661387683,0.0004203446826397646,0.9999402378533437,0.9998687664041994,1.0,0.08299230903597235,0.008541717898460323,vit_small,gz2,soft,none,224,full,bce,0,2,True,True
vit_small_soft_w_d4_s224_full_bce_nfull_seed0,0,0.0,0.2,5107,0.10682312583668005,0.4315645192872528,0.5684354807127472,0.11102408458977875,0.7427404718693285,0.6794595653025259,0.6699806133338502,0.7274697212283682,0.08070200455119889,0.21533038957762154,vit_small,gz2,soft_w,d4,224,full,bce,0,0,False,True
vit_small_soft_w_d4_s224_full_bce_nfull_seed0,1,0.2,0.4,5703,0.11928965863453815,0.38523584078555145,0.6147641592144486,0.2987901104681746,0.2236842105263158,0.9135542696826232,0.905560361962236,0.9710202238648824,0.25341266410906393,0.1330541552443545,vit_small,gz2,soft_w,d4,224,full,bce,0,0,False,True
vit_small_soft_w_d4_s224_full_bce_nfull_seed0,2,0.4,0.6,6995,0.14631442436412315,0.2923516797712652,0.7076483202287348,0.28277340957827024,0.030399274047186932,0.990421729807005,0.9866318441135067,0.9991276086043811,0.23327229180778666,0.06793620764304069,vit_small,gz2,soft_w,d4,224,full,bce,0,0,False,True
vit_small_soft_w_d4_s224_full_bce_nfull_seed0,3,0.6,0.8,13270,0.2775686077643909,0.16729464958553128,0.8327053504144687,0.16676714393368508,0.003176043557168784,0.9994724943481538,0.9987833761363174,0.999991683991684,0.13966666644027834,0.024200405299104166,vit_small,gz2,soft_w,d4,224,full,bce,0,0,False,True
vit_small_soft_w_d4_s224_full_bce_nfull_seed0,4,0.8,1.0,16733,0.35000418340026773,0.22769377876053307,0.7723062212394669,0.2276937787605331,0.0,1.0,1.0,1.0,0.08242956052661682,0.008414720871268056,vit_small,gz2,soft_w,d4,224,full,bce,0,0,False,True
vit_small_soft_w_d4_s224_full_bce_nfull_seed1,0,0.0,0.2,5107,0.10682312583668005,0.4315645192872528,0.5684354807127472,0.096729978460936,0.742509769865393,0.6651654591736832,0.6640716187584907,0.726412707175067,0.07094564774229216,0.2180924721017489,vit_small,gz2,soft_w,d4,224,full,bce,0,1,False,True
vit_small_soft_w_d4_s224_full_bce_nfull_seed1,1,0.2,0.4,5703,0.11928965863453815,0.38523584078555145,0.6147641592144486,0.2949324916710503,0.2236213634389926,0.9096966508854989,0.9086257228326445,0.9694516143857426,0.2586990087262877,0.13894411603805626,vit_small,gz2,soft_w,d4,224,full,bce,0,1,False,True
vit_small_soft_w_d4_s224_full_bce_nfull_seed1,2,0.4,0.6,6995,0.14631442436412315,0.2923516797712652,0.7076483202287348,0.2817726947819872,0.03213200173686496,0.989421015010722,0.986929194141908,0.9990974290583091,0.2439239521673997,0.07361427197760163,vit_small,gz2,soft_w,d4,224,full,bce,0,1,False,True
vit_small_soft_w_d4_s224_full_bce_nfull_seed1,3,0.6,0.8,13270,0.2775686077643909,0.16729464958553128,0.8327053504144687,0.1669932177844763,0.0017368649587494573,0.999698568198945,0.9998190045248869,0.9999968611145081,0.1474045474402264,0.026576407216957792,vit_small,gz2,soft_w,d4,224,full,bce,0,1,False,True
vit_small_soft_w_d4_s224_full_bce_nfull_seed1,4,0.8,1.0,16733,0.35000418340026773,0.22769377876053307,0.7723062212394669,0.2276937787605331,0.0,1.0,1.0,1.0,0.08635947211591945,0.009258876790523443,vit_small,gz2,soft_w,d4,224,full,bce,0,1,False,True
vit_small_soft_w_d4_s224_full_bce_nfull_seed2,0,0.0,0.2,5107,0.10682312583668005,0.4315645192872528,0.5684354807127472,0.1008419815938908,0.7510004446420632,0.669277462306638,0.6623899770748453,0.7237836132969648,0.07415261376223874,0.21705500932419874,vit_small,gz2,soft_w,d4,224,full,bce,0,2,False,True
vit_small_soft_w_d4_s224_full_bce_nfull_seed2,1,0.2,0.4,5703,0.11928965863453815,0.38523584078555145,0.6147641592144486,0.30142030510257756,0.21253890618052468,0.9161844643170262,0.9094839304024235,0.9718172189894377,0.26208078440826815,0.1360570576702334,vit_small,gz2,soft_w,d4,224,full,bce,0,2,False,True
vit_small_soft_w_d4_s224_full_bce_nfull_seed2,2,0.4,0.6,6995,0.14631442436412315,0.2923516797712652,0.7076483202287348,0.28205861329521087,0.03201422854602046,0.9897069335239457,0.9855528389024721,0.9990437381146428,0.2405270573484037,0.0716917928764485,vit_small,gz2,soft_w,d4,224,full,bce,0,2,False,True
vit_small_soft_w_d4_s224_full_bce_nfull_seed2,3,0.6,0.8,13270,0.2775686077643909,0.16729464958553128,0.8327053504144687,0.16654107008289376,0.004446420631391729,0.9992464204973625,0.9981077004606417,0.9999922139333904,0.1472964402883347,0.02653770360964322,vit_small,gz2,soft_w,d4,224,full,bce,0,2,False,True
vit_small_soft_w_d4_s224_full_bce_nfull_seed2,4,0.8,1.0,16733,0.35000418340026773,0.22769377876053307,0.7723062212394669,0.2276937787605331,0.0,1.0,1.0,1.0,0.08801159628206699,0.009513569246426035,vit_small,gz2,soft_w,d4,224,full,bce,0,2,False,True
