run_id,bin,bin_centre,confidence,observed,count,arch,dataset,label_mode,policy,size,finetune,loss,train_size,seed,orientation_pooled,pretrained
cnn_deep_hard_d4_s128_full_bce_nfull_seed0,0,0.03333333333333333,0.004379843924183391,0.005928919214335398,30191,cnn_deep,gz2,hard,d4,128,full,bce,0,0,False,True
cnn_deep_hard_d4_s128_full_bce_nfull_seed0,1,0.1,0.09634098861652692,0.12147078135259357,1523,cnn_deep,gz2,hard,d4,128,full,bce,0,0,False,True
cnn_deep_hard_d4_s128_full_bce_nfull_seed0,2,0.16666666666666669,0.16431491465490555,0.17850467289719626,1070,cnn_deep,gz2,hard,d4,128,full,bce,0,0,False,True
cnn_deep_hard_d4_s128_full_bce_nfull_seed0,3,0.23333333333333334,0.23190423219936365,0.2609254498714653,778,cnn_deep,gz2,hard,d4,128,full,bce,0,0,False,True
cnn_deep_hard_d4_s128_full_bce_nfull_seed0,4,0.3,0.3001540253634217,0.3328335832083958,667,cnn_deep,gz2,hard,d4,128,full,bce,0,0,False,True
cnn_deep_hard_d4_s128_full_bce_nfull_seed0,5,0.3666666666666667,0.36565453531467806,0.3823008849557522,565,cnn_deep,gz2,hard,d4,128,full,bce,0,0,False,True
cnn_deep_hard_d4_s128_full_bce_nfull_seed0,6,0.43333333333333335,0.43367952067637816,0.4296875,512,cnn_deep,gz2,hard,d4,128,full,bce,0,0,False,True
cnn_deep_hard_d4_s128_full_bce_nfull_seed0,7,0.5,0.49993958584515447,0.4879518072289157,498,cnn_deep,gz2,hard,d4,128,full,bce,0,0,False,True
cnn_deep_hard_d4_s128_full_bce_nfull_seed0,8,0.5666666666666667,0.566913006402282,0.5842217484008528,469,cnn_deep,gz2,hard,d4,128,full,bce,0,0,False,True
cnn_deep_hard_d4_s128_full_bce_nfull_seed0,9,0.6333333333333333,0.6333641604385303,0.6087786259541985,524,cnn_deep,gz2,hard,d4,128,full,bce,0,0,False,True
cnn_deep_hard_d4_s128_full_bce_nfull_seed0,10,0.7,0.6999727101886973,0.6176470588235294,544,cnn_deep,gz2,hard,d4,128,full,bce,0,0,False,True
cnn_deep_hard_d4_s128_full_bce_nfull_seed0,11,0.7666666666666666,0.7679642005063142,0.7387247278382582,643,cnn_deep,gz2,hard,d4,128,full,bce,0,0,False,True
cnn_deep_hard_d4_s128_full_bce_nfull_seed0,12,0.8333333333333334,0.8340446027291624,0.7916137229987293,787,cnn_deep,gz2,hard,d4,128,full,bce,0,0,False,True
cnn_deep_hard_d4_s128_full_bce_nfull_seed0,13,0.9,0.9021939608521592,0.8861180382377389,1203,cnn_deep,gz2,hard,d4,128,full,bce,0,0,False,True
cnn_deep_hard_d4_s128_full_bce_nfull_seed0,14,0.9666666666666667,0.9895486162044821,0.9859586418177176,7834,cnn_deep,gz2,hard,d4,128,full,bce,0,0,False,True
cnn_deep_reg_hard_d4_s128_full_bce_nfull_seed0,0,0.03333333333333333,0.005223214017382691,0.004283755997258396,29180,cnn_deep_reg,gz2,hard,d4,128,full,bce,0,0,False,True
cnn_deep_reg_hard_d4_s128_full_bce_nfull_seed0,1,0.1,0.09754003773655492,0.09085475194261805,1673,cnn_deep_reg,gz2,hard,d4,128,full,bce,0,0,False,True
cnn_deep_reg_hard_d4_s128_full_bce_nfull_seed0,2,0.16666666666666669,0.16406021022428835,0.1542649727767695,1102,cnn_deep_reg,gz2,hard,d4,128,full,bce,0,0,False,True
cnn_deep_reg_hard_d4_s128_full_bce_nfull_seed0,3,0.23333333333333334,0.23077044041243747,0.19527896995708155,932,cnn_deep_reg,gz2,hard,d4,128,full,bce,0,0,False,True
cnn_deep_reg_hard_d4_s128_full_bce_nfull_seed0,4,0.3,0.30068596267396475,0.2878980891719745,785,cnn_deep_reg,gz2,hard,d4,128,full,bce,0,0,False,True
cnn_deep_reg_hard_d4_s128_full_bce_nfull_seed0,5,0.3666666666666667,0.3669616522848344,0.3206442166910688,683,cnn_deep_reg,gz2,hard,d4,128,full,bce,0,0,False,True
cnn_deep_reg_hard_d4_s128_full_bce_nfull_seed0,6,0.43333333333333335,0.43239081974910654,0.36180124223602483,644,cnn_deep_reg,gz2,hard,d4,128,full,bce,0,0,False,True
cnn_deep_reg_hard_d4_s128_full_bce_nfull_seed0,7,0.5,0.49889118407671446,0.4536741214057508,626,cnn_deep_reg,gz2,hard,d4,128,full,bce,0,0,False,True
cnn_deep_reg_hard_d4_s128_full_bce_nfull_seed0,8,0.5666666666666667,0.5661762195373701,0.5288808664259927,554,cnn_deep_reg,gz2,hard,d4,128,full,bce,0,0,False,True
cnn_deep_reg_hard_d4_s128_full_bce_nfull_seed0,9,0.6333333333333333,0.6334968486432896,0.6376360808709176,643,cnn_deep_reg,gz2,hard,d4,128,full,bce,0,0,False,True
cnn_deep_reg_hard_d4_s128_full_bce_nfull_seed0,10,0.7,0.6998291403513688,0.68,650,cnn_deep_reg,gz2,hard,d4,128,full,bce,0,0,False,True
cnn_deep_reg_hard_d4_s128_full_bce_nfull_seed0,11,0.7666666666666666,0.768113938814148,0.7433510638297872,752,cnn_deep_reg,gz2,hard,d4,128,full,bce,0,0,False,True
cnn_deep_reg_hard_d4_s128_full_bce_nfull_seed0,12,0.8333333333333334,0.8347444927006133,0.8294243070362474,938,cnn_deep_reg,gz2,hard,d4,128,full,bce,0,0,False,True
cnn_deep_reg_hard_d4_s128_full_bce_nfull_seed0,13,0.9,0.9027955759336851,0.888631090487239,1293,cnn_deep_reg,gz2,hard,d4,128,full,bce,0,0,False,True
cnn_deep_reg_hard_d4_s128_full_bce_nfull_seed0,14,0.9666666666666667,0.9873584416404511,0.9865361077111383,7353,cnn_deep_reg,gz2,hard,d4,128,full,bce,0,0,False,True
cnn_deep_reg_soft_d4_s128_full_bce_nfull_seed0,0,0.03333333333333333,0.05734205419426935,0.0,2283,cnn_deep_reg,gz2,soft,d4,128,full,bce,0,0,False,True
cnn_deep_reg_soft_d4_s128_full_bce_nfull_seed0,1,0.1,0.0945183180341908,0.0,16120,cnn_deep_reg,gz2,soft,d4,128,full,bce,0,0,False,True
cnn_deep_reg_soft_d4_s128_full_bce_nfull_seed0,2,0.16666666666666669,0.16280527783873536,0.0016248420292471566,5539,cnn_deep_reg,gz2,soft,d4,128,full,bce,0,0,False,True
cnn_deep_reg_soft_d4_s128_full_bce_nfull_seed0,3,0.23333333333333334,0.23212437636090724,0.007900677200902935,3544,cnn_deep_reg,gz2,soft,d4,128,full,bce,0,0,False,True
cnn_deep_reg_soft_d4_s128_full_bce_nfull_seed0,4,0.3,0.29832629948493755,0.0359304084720121,2644,cnn_deep_reg,gz2,soft,d4,128,full,bce,0,0,False,True
cnn_deep_reg_soft_d4_s128_full_bce_nfull_seed0,5,0.3666666666666667,0.36556528219477974,0.11644134321849106,2293,cnn_deep_reg,gz2,soft,d4,128,full,bce,0,0,False,True
cnn_deep_reg_soft_d4_s128_full_bce_nfull_seed0,6,0.43333333333333335,0.4334150575067898,0.2636045931103345,2003,cnn_deep_reg,gz2,soft,d4,128,full,bce,0,0,False,True
cnn_deep_reg_soft_d4_s128_full_bce_nfull_seed0,7,0.5,0.4994690106342896,0.46280522430437254,1761,cnn_deep_reg,gz2,soft,d4,128,full,bce,0,0,False,True
cnn_deep_reg_soft_d4_s128_full_bce_nfull_seed0,8,0.5666666666666667,0.5663101401041719,0.6859403530127814,1643,cnn_deep_reg,gz2,soft,d4,128,full,bce,0,0,False,True
cnn_deep_reg_soft_d4_s128_full_bce_nfull_seed0,9,0.6333333333333333,0.6339512871036047,0.8468354430379746,1580,cnn_deep_reg,gz2,soft,d4,128,full,bce,0,0,False,True
cnn_deep_reg_soft_d4_s128_full_bce_nfull_seed0,10,0.7,0.6993907410882302,0.9341161121983039,1533,cnn_deep_reg,gz2,soft,d4,128,full,bce,0,0,False,True
cnn_deep_reg_soft_d4_s128_full_bce_nfull_seed0,11,0.7666666666666666,0.7669016103921965,0.9855272226051,1451,cnn_deep_reg,gz2,soft,d4,128,full,bce,0,0,False,True
cnn_deep_reg_soft_d4_s128_full_bce_nfull_seed0,12,0.8333333333333334,0.8331895523977975,0.9958362248438585,1441,cnn_deep_reg,gz2,soft,d4,128,full,bce,0,0,False,True
cnn_deep_reg_soft_d4_s128_full_bce_nfull_seed0,13,0.9,0.900716237229435,0.9994179278230501,1718,cnn_deep_reg,gz2,soft,d4,128,full,bce,0,0,False,True
cnn_deep_reg_soft_d4_s128_full_bce_nfull_seed0,14,0.9666666666666667,0.9674085534332597,1.0,2255,cnn_deep_reg,gz2,soft,d4,128,full,bce,0,0,False,True
cnn_deep_soft_d4_s128_full_bce_nfull_seed0,0,0.03333333333333333,0.05684212470829156,0.0,2553,cnn_deep,gz2,soft,d4,128,full,bce,0,0,False,True
cnn_deep_soft_d4_s128_full_bce_nfull_seed0,1,0.1,0.09413646876937623,0.0,15892,cnn_deep,gz2,soft,d4,128,full,bce,0,0,False,True
cnn_deep_soft_d4_s128_full_bce_nfull_seed0,2,0.16666666666666669,0.16319581728111443,0.001443001443001443,5544,cnn_deep,gz2,soft,d4,128,full,bce,0,0,False,True
cnn_deep_soft_d4_s128_full_bce_nfull_seed0,3,0.23333333333333334,0.23209345390385389,0.007000840100812098,3571,cnn_deep,gz2,soft,d4,128,full,bce,0,0,False,True
cnn_deep_soft_d4_s128_full_bce_nfull_seed0,4,0.3,0.29828883045746346,0.035258814703675916,2666,cnn_deep,gz2,soft,d4,128,full,bce,0,0,False,True
cnn_deep_soft_d4_s128_full_bce_nfull_seed0,5,0.3666666666666667,0.36630562884014267,0.11741249446167479,2257,cnn_deep,gz2,soft,d4,128,full,bce,0,0,False,True
cnn_deep_soft_d4_s128_full_bce_nfull_seed0,6,0.43333333333333335,0.43317853334815376,0.2609793033821302,1981,cnn_deep,gz2,soft,d4,128,full,bce,0,0,False,True
cnn_deep_soft_d4_s128_full_bce_nfull_seed0,7,0.5,0.49921869071411495,0.4870615296147211,1739,cnn_deep,gz2,soft,d4,128,full,bce,0,0,False,True
cnn_deep_soft_d4_s128_full_bce_nfull_seed0,8,0.5666666666666667,0.5652233630100736,0.664783427495292,1593,cnn_deep,gz2,soft,d4,128,full,bce,0,0,False,True
cnn_deep_soft_d4_s128_full_bce_nfull_seed0,9,0.6333333333333333,0.6328665904442219,0.853627760252366,1585,cnn_deep,gz2,soft,d4,128,full,bce,0,0,False,True
cnn_deep_soft_d4_s128_full_bce_nfull_seed0,10,0.7,0.6999954011760491,0.9394572025052192,1437,cnn_deep,gz2,soft,d4,128,full,bce,0,0,False,True
cnn_deep_soft_d4_s128_full_bce_nfull_seed0,11,0.7666666666666666,0.7669532479408508,0.9826319305277221,1497,cnn_deep,gz2,soft,d4,128,full,bce,0,0,False,True
cnn_deep_soft_d4_s128_full_bce_nfull_seed0,12,0.8333333333333334,0.8342219824732046,0.9965682910089224,1457,cnn_deep,gz2,soft,d4,128,full,bce,0,0,False,True
cnn_deep_soft_d4_s128_full_bce_nfull_seed0,13,0.9,0.901514127951901,0.9993815708101422,1617,cnn_deep,gz2,soft,d4,128,full,bce,0,0,False,True
cnn_deep_soft_d4_s128_full_bce_nfull_seed0,14,0.9666666666666667,0.9683052221079808,1.0,2419,cnn_deep,gz2,soft,d4,128,full,bce,0,0,False,True
cnn_small_hard_d4_s128_full_bce_nfull_seed0,0,0.03333333333333333,0.005805816826917298,0.00741217085223042,29546,cnn_small,gz2,hard,d4,128,full,bce,0,0,False,True
cnn_small_hard_d4_s128_full_bce_nfull_seed0,1,0.1,0.09674585984371924,0.125,1840,cnn_small,gz2,hard,d4,128,full,bce,0,0,False,True
cnn_small_hard_d4_s128_full_bce_nfull_seed0,2,0.16666666666666669,0.16506067826210935,0.20692974013474494,1039,cnn_small,gz2,hard,d4,128,full,bce,0,0,False,True
cnn_small_hard_d4_s128_full_bce_nfull_seed0,3,0.23333333333333334,0.23262216214546835,0.23662306777645659,841,cnn_small,gz2,hard,d4,128,full,bce,0,0,False,True
cnn_small_hard_d4_s128_full_bce_nfull_seed0,4,0.3,0.29807921751277655,0.2821522309711286,762,cnn_small,gz2,hard,d4,128,full,bce,0,0,False,True
cnn_small_hard_d4_s128_full_bce_nfull_seed0,5,0.3666666666666667,0.36564159812405705,0.3859375,640,cnn_small,gz2,hard,d4,128,full,bce,0,0,False,True
cnn_small_hard_d4_s128_full_bce_nfull_seed0,6,0.43333333333333335,0.43309916064094,0.4075907590759076,606,cnn_small,gz2,hard,d4,128,full,bce,0,0,False,True
cnn_small_hard_d4_s128_full_bce_nfull_seed0,7,0.5,0.49942215922868477,0.5018867924528302,530,cnn_small,gz2,hard,d4,128,full,bce,0,0,False,True
cnn_small_hard_d4_s128_full_bce_nfull_seed0,8,0.5666666666666667,0.5666170861158106,0.53125,576,cnn_small,gz2,hard,d4,128,full,bce,0,0,False,True
cnn_small_hard_d4_s128_full_bce_nfull_seed0,9,0.6333333333333333,0.6341139405226904,0.6413223140495867,605,cnn_small,gz2,hard,d4,128,full,bce,0,0,False,True
cnn_small_hard_d4_s128_full_bce_nfull_seed0,10,0.7,0.6993258631810909,0.6859756097560976,656,cnn_small,gz2,hard,d4,128,full,bce,0,0,False,True
cnn_small_hard_d4_s128_full_bce_nfull_seed0,11,0.7666666666666666,0.7678806489411416,0.7363751584283904,789,cnn_small,gz2,hard,d4,128,full,bce,0,0,False,True
cnn_small_hard_d4_s128_full_bce_nfull_seed0,12,0.8333333333333334,0.8353072104005904,0.8120380147835269,947,cnn_small,gz2,hard,d4,128,full,bce,0,0,False,True
cnn_small_hard_d4_s128_full_bce_nfull_seed0,13,0.9,0.9030325848977644,0.8747252747252747,1365,cnn_small,gz2,hard,d4,128,full,bce,0,0,False,True
cnn_small_hard_d4_s128_full_bce_nfull_seed0,14,0.9666666666666667,0.98580191411582,0.9835833569204642,7066,cnn_small,gz2,hard,d4,128,full,bce,0,0,False,True
cnn_small_soft_d4_s128_full_bce_nfull_seed0,0,0.03333333333333333,0.05752694633156119,0.0,2387,cnn_small,gz2,soft,d4,128,full,bce,0,0,False,True
cnn_small_soft_d4_s128_full_bce_nfull_seed0,1,0.1,0.09439831824146035,0.0,15830,cnn_small,gz2,soft,d4,128,full,bce,0,0,False,True
cnn_small_soft_d4_s128_full_bce_nfull_seed0,2,0.16666666666666669,0.1637330739603056,0.0028333628475296618,5647,cnn_small,gz2,soft,d4,128,full,bce,0,0,False,True
cnn_small_soft_d4_s128_full_bce_nfull_seed0,3,0.23333333333333334,0.23124188491991812,0.01347863492973903,3487,cnn_small,gz2,soft,d4,128,full,bce,0,0,False,True
cnn_small_soft_d4_s128_full_bce_nfull_seed0,4,0.3,0.2985919177619657,0.0491562729273661,2726,cnn_small,gz2,soft,d4,128,full,bce,0,0,False,True
cnn_small_soft_d4_s128_full_bce_nfull_seed0,5,0.3666666666666667,0.3651311085877381,0.14001728608470182,2314,cnn_small,gz2,soft,d4,128,full,bce,0,0,False,True
cnn_small_soft_d4_s128_full_bce_nfull_seed0,6,0.43333333333333335,0.43209781541197045,0.2675568743818002,2022,cnn_small,gz2,soft,d4,128,full,bce,0,0,False,True
cnn_small_soft_d4_s128_full_bce_nfull_seed0,7,0.5,0.4989182505412331,0.4831211953514112,1807,cnn_small,gz2,soft,d4,128,full,bce,0,0,False,True
cnn_small_soft_d4_s128_full_bce_nfull_seed0,8,0.5666666666666667,0.5662486761476028,0.6561338289962825,1614,cnn_small,gz2,soft,d4,128,full,bce,0,0,False,True
cnn_small_soft_d4_s128_full_bce_nfull_seed0,9,0.6333333333333333,0.6328496480784329,0.8078134845620668,1587,cnn_small,gz2,soft,d4,128,full,bce,0,0,False,True
cnn_small_soft_d4_s128_full_bce_nfull_seed0,10,0.7,0.7006508165387192,0.9116161616161617,1584,cnn_small,gz2,soft,d4,128,full,bce,0,0,False,True
cnn_small_soft_d4_s128_full_bce_nfull_seed0,11,0.7666666666666666,0.7663368176366832,0.9763513513513513,1480,cnn_small,gz2,soft,d4,128,full,bce,0,0,False,True
cnn_small_soft_d4_s128_full_bce_nfull_seed0,12,0.8333333333333334,0.833093433048347,0.9941747572815534,1545,cnn_small,gz2,soft,d4,128,full,bce,0,0,False,True
cnn_small_soft_d4_s128_full_bce_nfull_seed0,13,0.9,0.9010734925770483,0.9981696156192801,1639,cnn_small,gz2,soft,d4,128,full,bce,0,0,False,True
cnn_small_soft_d4_s128_full_bce_nfull_seed0,14,0.9666666666666667,0.9687944178048447,1.0,2139,cnn_small,gz2,soft,d4,128,full,bce,0,0,False,True
cnn_small_soft_d4_s64_full_bce_nfull_seed0,0,0.03333333333333333,0.057523086713016584,0.0,2594,cnn_small,gz2,soft,d4,64,full,bce,0,0,False,True
cnn_small_soft_d4_s64_full_bce_nfull_seed0,1,0.1,0.09442400168778615,0.0,15284,cnn_small,gz2,soft,d4,64,full,bce,0,0,False,True
cnn_small_soft_d4_s64_full_bce_nfull_seed0,2,0.16666666666666669,0.1638326436500762,0.0019294860550780565,5701,cnn_small,gz2,soft,d4,64,full,bce,0,0,False,True
cnn_small_soft_d4_s64_full_bce_nfull_seed0,3,0.23333333333333334,0.2316414797973069,0.01732196865548529,3637,cnn_small,gz2,soft,d4,64,full,bce,0,0,False,True
cnn_small_soft_d4_s64_full_bce_nfull_seed0,4,0.3,0.2980758236606873,0.0563329745245784,2787,cnn_small,gz2,soft,d4,64,full,bce,0,0,False,True
cnn_small_soft_d4_s64_full_bce_nfull_seed0,5,0.3666666666666667,0.3662587044229878,0.14096539940196498,2341,cnn_small,gz2,soft,d4,64,full,bce,0,0,False,True
cnn_small_soft_d4_s64_full_bce_nfull_seed0,6,0.43333333333333335,0.43300620860345457,0.2795216741405082,2007,cnn_small,gz2,soft,d4,64,full,bce,0,0,False,True
cnn_small_soft_d4_s64_full_bce_nfull_seed0,7,0.5,0.5002726578905272,0.45733407696597883,1793,cnn_small,gz2,soft,d4,64,full,bce,0,0,False,True
cnn_small_soft_d4_s64_full_bce_nfull_seed0,8,0.5666666666666667,0.5667476324010486,0.6505312868949232,1694,cnn_small,gz2,soft,d4,64,full,bce,0,0,False,True
cnn_small_soft_d4_s64_full_bce_nfull_seed0,9,0.6333333333333333,0.6336172864874716,0.8084714548802947,1629,cnn_small,gz2,soft,d4,64,full,bce,0,0,False,True
cnn_small_soft_d4_s64_full_bce_nfull_seed0,10,0.7,0.7000673201523329,0.9022556390977443,1596,cnn_small,gz2,soft,d4,64,full,bce,0,0,False,True
cnn_small_soft_d4_s64_full_bce_nfull_seed0,11,0.7666666666666666,0.7660731035818363,0.962671905697446,1527,cnn_small,gz2,soft,d4,64,full,bce,0,0,False,True
cnn_small_soft_d4_s64_full_bce_nfull_seed0,12,0.8333333333333334,0.8333760321490219,0.9941291585127201,1533,cnn_small,gz2,soft,d4,64,full,bce,0,0,False,True
cnn_small_soft_d4_s64_full_bce_nfull_seed0,13,0.9,0.9000401751399404,0.9975565058032987,1637,cnn_small,gz2,soft,d4,64,full,bce,0,0,False,True
cnn_small_soft_d4_s64_full_bce_nfull_seed0,14,0.9666666666666667,0.9687043669109698,1.0,2048,cnn_small,gz2,soft,d4,64,full,bce,0,0,False,True
cnn_small_soft_d4_s96_full_bce_nfull_seed0,0,0.03333333333333333,0.05758472769391822,0.0,2304,cnn_small,gz2,soft,d4,96,full,bce,0,0,False,True
cnn_small_soft_d4_s96_full_bce_nfull_seed0,1,0.1,0.09469450710530326,0.0,15759,cnn_small,gz2,soft,d4,96,full,bce,0,0,False,True
cnn_small_soft_d4_s96_full_bce_nfull_seed0,2,0.16666666666666669,0.16313204187185323,0.002298037829238112,5657,cnn_small,gz2,soft,d4,96,full,bce,0,0,False,True
cnn_small_soft_d4_s96_full_bce_nfull_seed0,3,0.23333333333333334,0.231389591733207,0.012475741613529248,3607,cnn_small,gz2,soft,d4,96,full,bce,0,0,False,True
cnn_small_soft_d4_s96_full_bce_nfull_seed0,4,0.3,0.2987892193571122,0.0529455630126771,2682,cnn_small,gz2,soft,d4,96,full,bce,0,0,False,True
cnn_small_soft_d4_s96_full_bce_nfull_seed0,5,0.3666666666666667,0.36601344412511067,0.13587191691908265,2311,cnn_small,gz2,soft,d4,96,full,bce,0,0,False,True
cnn_small_soft_d4_s96_full_bce_nfull_seed0,6,0.43333333333333335,0.43274448031126267,0.2841185041282176,2059,cnn_small,gz2,soft,d4,96,full,bce,0,0,False,True
cnn_small_soft_d4_s96_full_bce_nfull_seed0,7,0.5,0.4990214411770412,0.45784477945281965,1791,cnn_small,gz2,soft,d4,96,full,bce,0,0,False,True
cnn_small_soft_d4_s96_full_bce_nfull_seed0,8,0.5666666666666667,0.5660026614471592,0.6522781774580336,1668,cnn_small,gz2,soft,d4,96,full,bce,0,0,False,True
cnn_small_soft_d4_s96_full_bce_nfull_seed0,9,0.6333333333333333,0.6326384289190173,0.80875,1600,cnn_small,gz2,soft,d4,96,full,bce,0,0,False,True
cnn_small_soft_d4_s96_full_bce_nfull_seed0,10,0.7,0.6992037654216112,0.9121081745543946,1627,cnn_small,gz2,soft,d4,96,full,bce,0,0,False,True
cnn_small_soft_d4_s96_full_bce_nfull_seed0,11,0.7666666666666666,0.7666277966296026,0.9760981912144703,1548,cnn_small,gz2,soft,d4,96,full,bce,0,0,False,True
cnn_small_soft_d4_s96_full_bce_nfull_seed0,12,0.8333333333333334,0.8328377065454765,0.9905020352781547,1474,cnn_small,gz2,soft,d4,96,full,bce,0,0,False,True
cnn_small_soft_d4_s96_full_bce_nfull_seed0,13,0.9,0.9006065173125445,0.999379652605459,1612,cnn_small,gz2,soft,d4,96,full,bce,0,0,False,True
cnn_small_soft_d4_s96_full_bce_nfull_seed0,14,0.9666666666666667,0.9685135093725592,1.0,2109,cnn_small,gz2,soft,d4,96,full,bce,0,0,False,True
convnext_tiny_hard_conf_d4_s224_full_bce_nfull_seed0,0,0.03333333333333333,0.000555995867784101,0.020714686181356783,33889,convnext_tiny,gz2,hard_conf,d4,224,full,bce,0,0,False,True
convnext_tiny_hard_conf_d4_s224_full_bce_nfull_seed0,1,0.1,0.0962998006529737,0.31683168316831684,202,convnext_tiny,gz2,hard_conf,d4,224,full,bce,0,0,False,True
convnext_tiny_hard_conf_d4_s224_full_bce_nfull_seed0,2,0.16666666666666669,0.16458477315149808,0.2894736842105263,114,convnext_tiny,gz2,hard_conf,d4,224,full,bce,0,0,False,True
convnext_tiny_hard_conf_d4_s224_full_bce_nfull_seed0,3,0.23333333333333334,0.2341032541111896,0.3157894736842105,95,convnext_tiny,gz2,hard_conf,d4,224,full,bce,0,0,False,True
convnext_tiny_hard_conf_d4_s224_full_bce_nfull_seed0,4,0.3,0.2969931518457022,0.3373493975903614,83,convnext_tiny,gz2,hard_conf,d4,224,full,bce,0,0,False,True
convnext_tiny_hard_conf_d4_s224_full_bce_nfull_seed0,5,0.3666666666666667,0.36846978097786137,0.2716049382716049,81,convnext_tiny,gz2,hard_conf,d4,224,full,bce,0,0,False,True
convnext_tiny_hard_conf_d4_s224_full_bce_nfull_seed0,6,0.43333333333333335,0.4344970702406872,0.39759036144578314,83,convnext_tiny,gz2,hard_conf,d4,224,full,bce,0,0,False,True
convnext_tiny_hard_conf_d4_s224_full_bce_nfull_seed0,7,0.5,0.49996918042500815,0.38666666666666666,75,convnext_tiny,gz2,hard_conf,d4,224,full,bce,0,0,False,True
convnext_tiny_hard_conf_d4_s224_full_bce_nfull_seed0,8,0.5666666666666667,0.5679836387143415,0.4411764705882353,68,convnext_tiny,gz2,hard_conf,d4,224,full,bce,0,0,False,True
convnext_tiny_hard_conf_d4_s224_full_bce_nfull_seed0,9,0.6333333333333333,0.632270642302253,0.4318181818181818,88,convnext_tiny,gz2,hard_conf,d4,224,full,bce,0,0,False,True
convnext_tiny_hard_conf_d4_s224_full_bce_nfull_seed0,10,0.7,0.6997765046219493,0.3953488372093023,86,convnext_tiny,gz2,hard_conf,d4,224,full,bce,0,0,False,True
convnext_tiny_hard_conf_d4_s224_full_bce_nfull_seed0,11,0.7666666666666666,0.7676896683450015,0.44339622641509435,106,convnext_tiny,gz2,hard_conf,d4,224,full,bce,0,0,False,True
convnext_tiny_hard_conf_d4_s224_full_bce_nfull_seed0,12,0.8333333333333334,0.8361457760642175,0.46258503401360546,147,convnext_tiny,gz2,hard_conf,d4,224,full,bce,0,0,False,True
convnext_tiny_hard_conf_d4_s224_full_bce_nfull_seed0,13,0.9,0.9040805567609201,0.4405940594059406,202,convnext_tiny,gz2,hard_conf,d4,224,full,bce,0,0,False,True
convnext_tiny_hard_conf_d4_s224_full_bce_nfull_seed0,14,0.9666666666666667,0.9981865086522264,0.8991112178717271,12489,convnext_tiny,gz2,hard_conf,d4,224,full,bce,0,0,False,True
convnext_tiny_hard_d4_s224_full_bce_nfull_seed0,0,0.03333333333333333,0.003440706196446795,0.004300866640796792,30924,convnext_tiny,gz2,hard,d4,224,full,bce,0,0,False,True
convnext_tiny_hard_d4_s224_full_bce_nfull_seed0,1,0.1,0.09789067724098757,0.12413194444444445,1152,convnext_tiny,gz2,hard,d4,224,full,bce,0,0,False,True
convnext_tiny_hard_d4_s224_full_bce_nfull_seed0,2,0.16666666666666669,0.165333591646732,0.1473533619456366,699,convnext_tiny,gz2,hard,d4,224,full,bce,0,0,False,True
convnext_tiny_hard_d4_s224_full_bce_nfull_seed0,3,0.23333333333333334,0.23173125331735797,0.2178988326848249,514,convnext_tiny,gz2,hard,d4,224,full,bce,0,0,False,True
convnext_tiny_hard_d4_s224_full_bce_nfull_seed0,4,0.3,0.2993099251214196,0.2647058823529412,442,convnext_tiny,gz2,hard,d4,224,full,bce,0,0,False,True
convnext_tiny_hard_d4_s224_full_bce_nfull_seed0,5,0.3666666666666667,0.36591748737577184,0.3283582089552239,402,convnext_tiny,gz2,hard,d4,224,full,bce,0,0,False,True
convnext_tiny_hard_d4_s224_full_bce_nfull_seed0,6,0.43333333333333335,0.43402069428610424,0.32275132275132273,378,convnext_tiny,gz2,hard,d4,224,full,bce,0,0,False,True
convnext_tiny_hard_d4_s224_full_bce_nfull_seed0,7,0.5,0.498821158198952,0.4190751445086705,346,convnext_tiny,gz2,hard,d4,224,full,bce,0,0,False,True
convnext_tiny_hard_d4_s224_full_bce_nfull_seed0,8,0.5666666666666667,0.5665176863510172,0.39018087855297157,387,convnext_tiny,gz2,hard,d4,224,full,bce,0,0,False,True
convnext_tiny_hard_d4_s224_full_bce_nfull_seed0,9,0.6333333333333333,0.6351368572427819,0.47668393782383417,386,convnext_tiny,gz2,hard,d4,224,full,bce,0,0,False,True
convnext_tiny_hard_d4_s224_full_bce_nfull_seed0,10,0.7,0.700785294175148,0.5470297029702971,404,convnext_tiny,gz2,hard,d4,224,full,bce,0,0,False,True
convnext_tiny_hard_d4_s224_full_bce_nfull_seed0,11,0.7666666666666666,0.7675983455822817,0.6301969365426696,457,convnext_tiny,gz2,hard,d4,224,full,bce,0,0,False,True
convnext_tiny_hard_d4_s224_full_bce_nfull_seed0,12,0.8333333333333334,0.8356171974386924,0.6730769230769231,624,convnext_tiny,gz2,hard,d4,224,full,bce,0,0,False,True
convnext_tiny_hard_d4_s224_full_bce_nfull_seed0,13,0.9,0.9032145494453088,0.7575757575757576,957,convnext_tiny,gz2,hard,d4,224,full,bce,0,0,False,True
convnext_tiny_hard_d4_s224_full_bce_nfull_seed0,14,0.9666666666666667,0.9920675034222294,0.9737058340180772,9736,convnext_tiny,gz2,hard,d4,224,full,bce,0,0,False,True
convnext_tiny_hard_debiased_d4_s224_full_bce_nfull_seed0,0,0.03333333333333333,0.021970146975926835,0.0011301259283177268,6194,convnext_tiny,gz2,hard_debiased,d4,224,full,bce,0,0,False,True
convnext_tiny_hard_debiased_d4_s224_full_bce_nfull_seed0,1,0.1,0.09964426818482619,0.002129925452609159,2817,convnext_tiny,gz2,hard_debiased,d4,224,full,bce,0,0,False,True
convnext_tiny_hard_debiased_d4_s224_full_bce_nfull_seed0,2,0.16666666666666669,0.16574515057121142,0.006595218466611707,2426,convnext_tiny,gz2,hard_debiased,d4,224,full,bce,0,0,False,True
convnext_tiny_hard_debiased_d4_s224_full_bce_nfull_seed0,3,0.23333333333333334,0.2330932557675946,0.004016064257028112,2241,convnext_tiny,gz2,hard_debiased,d4,224,full,bce,0,0,False,True
convnext_tiny_hard_debiased_d4_s224_full_bce_nfull_seed0,4,0.3,0.2993060034966608,0.008547008547008548,2223,convnext_tiny,gz2,hard_debiased,d4,224,full,bce,0,0,False,True
convnext_tiny_hard_debiased_d4_s224_full_bce_nfull_seed0,5,0.3666666666666667,0.3665786580140911,0.012593283582089552,2144,convnext_tiny,gz2,hard_debiased,d4,224,full,bce,0,0,False,True
convnext_tiny_hard_debiased_d4_s224_full_bce_nfull_seed0,6,0.43333333333333335,0.4337721146758974,0.023316062176165803,1930,convnext_tiny,gz2,hard_debiased,d4,224,full,bce,0,0,False,True
convnext_tiny_hard_debiased_d4_s224_full_bce_nfull_seed0,7,0.5,0.4993552271115481,0.022209567198177675,1756,convnext_tiny,gz2,hard_debiased,d4,224,full,bce,0,0,False,True
convnext_tiny_hard_debiased_d4_s224_full_bce_nfull_seed0,8,0.5666666666666667,0.5664595351289258,0.034292712798530314,1633,convnext_tiny,gz2,hard_debiased,d4,224,full,bce,0,0,False,True
convnext_tiny_hard_debiased_d4_s224_full_bce_nfull_seed0,9,0.6333333333333333,0.6335487634388368,0.0608955223880597,1675,convnext_tiny,gz2,hard_debiased,d4,224,full,bce,0,0,False,True
convnext_tiny_hard_debiased_d4_s224_full_bce_nfull_seed0,10,0.7,0.699853999799796,0.0776283618581907,1636,convnext_tiny,gz2,hard_debiased,d4,224,full,bce,0,0,False,True
convnext_tiny_hard_debiased_d4_s224_full_bce_nfull_seed0,11,0.7666666666666666,0.7673325242621175,0.11179775280898877,1780,convnext_tiny,gz2,hard_debiased,d4,224,full,bce,0,0,False,True
convnext_tiny_hard_debiased_d4_s224_full_bce_nfull_seed0,12,0.8333333333333334,0.8350913674221374,0.15087890625,2048,convnext_tiny,gz2,hard_debiased,d4,224,full,bce,0,0,False,True
convnext_tiny_hard_debiased_d4_s224_full_bce_nfull_seed0,13,0.9,0.9018416531138604,0.24466159971045964,2763,convnext_tiny,gz2,hard_debiased,d4,224,full,bce,0,0,False,True
convnext_tiny_hard_debiased_d4_s224_full_bce_nfull_seed0,14,0.9666666666666667,0.9877274380460138,0.7453582725897401,14542,convnext_tiny,gz2,hard_debiased,d4,224,full,bce,0,0,False,True
convnext_tiny_soft_d4_s112_full_bce_nfull_seed0,0,0.03333333333333333,0.05762010458418832,0.0,3062,convnext_tiny,gz2,soft,d4,112,full,bce,0,0,False,True
convnext_tiny_soft_d4_s112_full_bce_nfull_seed0,1,0.1,0.09199065493029887,6.063545961678389e-05,16492,convnext_tiny,gz2,soft,d4,112,full,bce,0,0,False,True
convnext_tiny_soft_d4_s112_full_bce_nfull_seed0,2,0.16666666666666669,0.1634100297536036,0.0004091653027823241,4888,convnext_tiny,gz2,soft,d4,112,full,bce,0,0,False,True
convnext_tiny_soft_d4_s112_full_bce_nfull_seed0,3,0.23333333333333334,0.23082653882169737,0.0026921926413401138,3343,convnext_tiny,gz2,soft,d4,112,full,bce,0,0,False,True
convnext_tiny_soft_d4_s112_full_bce_nfull_seed0,4,0.3,0.29851939644165865,0.022440944881889763,2540,convnext_tiny,gz2,soft,d4,112,full,bce,0,0,False,True
convnext_tiny_soft_d4_s112_full_bce_nfull_seed0,5,0.3666666666666667,0.365562140853966,0.09068627450980392,2040,convnext_tiny,gz2,soft,d4,112,full,bce,0,0,False,True
convnext_tiny_soft_d4_s112_full_bce_nfull_seed0,6,0.43333333333333335,0.43187866228011745,0.2390625,1920,convnext_tiny,gz2,soft,d4,112,full,bce,0,0,False,True
convnext_tiny_soft_d4_s112_full_bce_nfull_seed0,7,0.5,0.49969039142900445,0.43903868698710435,1706,convnext_tiny,gz2,soft,d4,112,full,bce,0,0,False,True
convnext_tiny_soft_d4_s112_full_bce_nfull_seed0,8,0.5666666666666667,0.5668889226857284,0.6800991940483571,1613,convnext_tiny,gz2,soft,d4,112,full,bce,0,0,False,True
convnext_tiny_soft_d4_s112_full_bce_nfull_seed0,9,0.6333333333333333,0.6326883726998379,0.8592105263157894,1520,convnext_tiny,gz2,soft,d4,112,full,bce,0,0,False,True
convnext_tiny_soft_d4_s112_full_bce_nfull_seed0,10,0.7,0.7009298698584567,0.9592822636300897,1449,convnext_tiny,gz2,soft,d4,112,full,bce,0,0,False,True
convnext_tiny_soft_d4_s112_full_bce_nfull_seed0,11,0.7666666666666666,0.7658757680978419,0.9908256880733946,1417,convnext_tiny,gz2,soft,d4,112,full,bce,0,0,False,True
convnext_tiny_soft_d4_s112_full_bce_nfull_seed0,12,0.8333333333333334,0.8335874903209894,0.9993425378040762,1521,convnext_tiny,gz2,soft,d4,112,full,bce,0,0,False,True
convnext_tiny_soft_d4_s112_full_bce_nfull_seed0,13,0.9,0.9006078031779073,1.0,1615,convnext_tiny,gz2,soft,d4,112,full,bce,0,0,False,True
convnext_tiny_soft_d4_s112_full_bce_nfull_seed0,14,0.9666666666666667,0.9701031473792373,1.0,2682,convnext_tiny,gz2,soft,d4,112,full,bce,0,0,False,True
convnext_tiny_soft_d4_s160_full_bce_nfull_seed0,0,0.03333333333333333,0.05739340320152146,0.0,2696,convnext_tiny,gz2,soft,d4,160,full,bce,0,0,False,True
convnext_tiny_soft_d4_s160_full_bce_nfull_seed0,1,0.1,0.09296573825651448,0.0001201634222542658,16644,convnext_tiny,gz2,soft,d4,160,full,bce,0,0,False,True
convnext_tiny_soft_d4_s160_full_bce_nfull_seed0,2,0.16666666666666669,0.16344038617285042,0.00019809825673534074,5048,convnext_tiny,gz2,soft,d4,160,full,bce,0,0,False,True
convnext_tiny_soft_d4_s160_full_bce_nfull_seed0,3,0.23333333333333334,0.23105804878231448,0.0029832935560859188,3352,convnext_tiny,gz2,soft,d4,160,full,bce,0,0,False,True
convnext_tiny_soft_d4_s160_full_bce_nfull_seed0,4,0.3,0.29819404827921014,0.017408906882591092,2470,convnext_tiny,gz2,soft,d4,160,full,bce,0,0,False,True
convnext_tiny_soft_d4_s160_full_bce_nfull_seed0,5,0.3666666666666667,0.36603008822920624,0.08208255159474671,2132,convnext_tiny,gz2,soft,d4,160,full,bce,0,0,False,True
convnext_tiny_soft_d4_s160_full_bce_nfull_seed0,6,0.43333333333333335,0.4337291510998887,0.22852598091198303,1886,convnext_tiny,gz2,soft,d4,160,full,bce,0,0,False,True
convnext_tiny_soft_d4_s160_full_bce_nfull_seed0,7,0.5,0.49875606672416045,0.44229642647920325,1707,convnext_tiny,gz2,soft,d4,160,full,bce,0,0,False,True
convnext_tiny_soft_d4_s160_full_bce_nfull_seed0,8,0.5666666666666667,0.5661231102621925,0.6855608591885441,1676,convnext_tiny,gz2,soft,d4,160,full,bce,0,0,False,True
convnext_tiny_soft_d4_s160_full_bce_nfull_seed0,9,0.6333333333333333,0.6321496356237561,0.8676184295911745,1541,convnext_tiny,gz2,soft,d4,160,full,bce,0,0,False,True
convnext_tiny_soft_d4_s160_full_bce_nfull_seed0,10,0.7,0.6992144880447362,0.9496255956432947,1469,convnext_tiny,gz2,soft,d4,160,full,bce,0,0,False,True
convnext_tiny_soft_d4_s160_full_bce_nfull_seed0,11,0.7666666666666666,0.766562663756685,0.994572591587517,1474,convnext_tiny,gz2,soft,d4,160,full,bce,0,0,False,True
convnext_tiny_soft_d4_s160_full_bce_nfull_seed0,12,0.8333333333333334,0.8331224327543689,0.9992695398100804,1369,convnext_tiny,gz2,soft,d4,160,full,bce,0,0,False,True
convnext_tiny_soft_d4_s160_full_bce_nfull_seed0,13,0.9,0.9006862045065308,1.0,1631,convnext_tiny,gz2,soft,d4,160,full,bce,0,0,False,True
convnext_tiny_soft_d4_s160_full_bce_nfull_seed0,14,0.9666666666666667,0.9696965366327319,1.0,2713,convnext_tiny,gz2,soft,d4,160,full,bce,0,0,False,True
convnext_tiny_soft_d4_s224_frozen_bce_nfull_seed0,0,0.03333333333333333,0.05447713657809713,0.0,2767,convnext_tiny,gz2,soft,d4,224,frozen,bce,0,0,False,True
convnext_tiny_soft_d4_s224_frozen_bce_nfull_seed0,1,0.1,0.09931913341635568,0.0010430247718383311,11505,convnext_tiny,gz2,soft,d4,224,frozen,bce,0,0,False,True
convnext_tiny_soft_d4_s224_frozen_bce_nfull_seed0,2,0.16666666666666669,0.16328746344800102,0.01330437143632908,7366,convnext_tiny,gz2,soft,d4,224,frozen,bce,0,0,False,True
convnext_tiny_soft_d4_s224_frozen_bce_nfull_seed0,3,0.23333333333333334,0.2315008043142794,0.04661463826197005,4741,convnext_tiny,gz2,soft,d4,224,frozen,bce,0,0,False,True
convnext_tiny_soft_d4_s224_frozen_bce_nfull_seed0,4,0.3,0.29910187892187223,0.12195796460176991,3616,convnext_tiny,gz2,soft,d4,224,frozen,bce,0,0,False,True
convnext_tiny_soft_d4_s224_frozen_bce_nfull_seed0,5,0.3666666666666667,0.365941249627178,0.2311864406779661,2950,convnext_tiny,gz2,soft,d4,224,frozen,bce,0,0,False,True
convnext_tiny_soft_d4_s224_frozen_bce_nfull_seed0,6,0.43333333333333335,0.4327994301580848,0.374599358974359,2496,convnext_tiny,gz2,soft,d4,224,frozen,bce,0,0,False,True
convnext_tiny_soft_d4_s224_frozen_bce_nfull_seed0,7,0.5,0.4992004475511751,0.5108748187530208,2069,convnext_tiny,gz2,soft,d4,224,frozen,bce,0,0,False,True
convnext_tiny_soft_d4_s224_frozen_bce_nfull_seed0,8,0.5666666666666667,0.5653171491661297,0.6550429184549357,1864,convnext_tiny,gz2,soft,d4,224,frozen,bce,0,0,False,True
convnext_tiny_soft_d4_s224_frozen_bce_nfull_seed0,9,0.6333333333333333,0.6331741874444837,0.782608695652174,1587,convnext_tiny,gz2,soft,d4,224,frozen,bce,0,0,False,True
convnext_tiny_soft_d4_s224_frozen_bce_nfull_seed0,10,0.7,0.6989668627058604,0.8791436464088398,1448,convnext_tiny,gz2,soft,d4,224,frozen,bce,0,0,False,True
convnext_tiny_soft_d4_s224_frozen_bce_nfull_seed0,11,0.7666666666666666,0.7665807716807744,0.9520494972931168,1293,convnext_tiny,gz2,soft,d4,224,frozen,bce,0,0,False,True
convnext_tiny_soft_d4_s224_frozen_bce_nfull_seed0,12,0.8333333333333334,0.8330589004684664,0.9750623441396509,1203,convnext_tiny,gz2,soft,d4,224,frozen,bce,0,0,False,True
convnext_tiny_soft_d4_s224_frozen_bce_nfull_seed0,13,0.9,0.9010269404017309,0.9906103286384976,1278,convnext_tiny,gz2,soft,d4,224,frozen,bce,0,0,False,True
convnext_tiny_soft_d4_s224_frozen_bce_nfull_seed0,14,0.9666666666666667,0.9667996894396268,0.9993846153846154,1625,convnext_tiny,gz2,soft,d4,224,frozen,bce,0,0,False,True
convnext_tiny_soft_d4_s224_full_bce_nfull_seed0,0,0.03333333333333333,0.0574823699978701,0.0,3121,convnext_tiny,gz2,soft,d4,224,full,bce,0,0,False,True
convnext_tiny_soft_d4_s224_full_bce_nfull_seed0,1,0.1,0.09171141010986802,6.0201071579074104e-05,16611,convnext_tiny,gz2,soft,d4,224,full,bce,0,0,False,True
convnext_tiny_soft_d4_s224_full_bce_nfull_seed0,2,0.16666666666666669,0.1634609965383206,0.0006197066721751704,4841,convnext_tiny,gz2,soft,d4,224,full,bce,0,0,False,True
convnext_tiny_soft_d4_s224_full_bce_nfull_seed0,3,0.23333333333333334,0.23136451629912455,0.0038336773813034504,3391,convnext_tiny,gz2,soft,d4,224,full,bce,0,0,False,True
convnext_tiny_soft_d4_s224_full_bce_nfull_seed0,4,0.3,0.2982682522626654,0.016129032258064516,2480,convnext_tiny,gz2,soft,d4,224,full,bce,0,0,False,True
convnext_tiny_soft_d4_s224_full_bce_nfull_seed0,5,0.3666666666666667,0.36640674604123896,0.09878277153558053,2136,convnext_tiny,gz2,soft,d4,224,full,bce,0,0,False,True
convnext_tiny_soft_d4_s224_full_bce_nfull_seed0,6,0.43333333333333335,0.4327254412388578,0.24158852730281302,1813,convnext_tiny,gz2,soft,d4,224,full,bce,0,0,False,True
convnext_tiny_soft_d4_s224_full_bce_nfull_seed0,7,0.5,0.4996175630288867,0.45650904845300644,1713,convnext_tiny,gz2,soft,d4,224,full,bce,0,0,False,True
convnext_tiny_soft_d4_s224_full_bce_nfull_seed0,8,0.5666666666666667,0.5658205060322476,0.7014547754585705,1581,convnext_tiny,gz2,soft,d4,224,full,bce,0,0,False,True
convnext_tiny_soft_d4_s224_full_bce_nfull_seed0,9,0.6333333333333333,0.6327557431721182,0.8842592592592593,1512,convnext_tiny,gz2,soft,d4,224,full,bce,0,0,False,True
convnext_tiny_soft_d4_s224_full_bce_nfull_seed0,10,0.7,0.6998219837357255,0.9588360539389638,1409,convnext_tiny,gz2,soft,d4,224,full,bce,0,0,False,True
convnext_tiny_soft_d4_s224_full_bce_nfull_seed0,11,0.7666666666666666,0.7666907580155903,0.9936575052854123,1419,convnext_tiny,gz2,soft,d4,224,full,bce,0,0,False,True
convnext_tiny_soft_d4_s224_full_bce_nfull_seed0,12,0.8333333333333334,0.8330179251016451,1.0,1367,convnext_tiny,gz2,soft,d4,224,full,bce,0,0,False,True
convnext_tiny_soft_d4_s224_full_bce_nfull_seed0,13,0.9,0.9012811088362433,1.0,1553,convnext_tiny,gz2,soft,d4,224,full,bce,0,0,False,True
convnext_tiny_soft_d4_s224_full_bce_nfull_seed0,14,0.9666666666666667,0.971064449877474,1.0,2861,convnext_tiny,gz2,soft,d4,224,full,bce,0,0,False,True
convnext_tiny_soft_d4_s224_full_bce_nfull_seed0_scratch,0,0.03333333333333333,0.05776803300345583,0.0,2444,convnext_tiny,gz2,soft,d4,224,full,bce,0,0,False,False
convnext_tiny_soft_d4_s224_full_bce_nfull_seed0_scratch,1,0.1,0.09370202126414114,0.0,16230,convnext_tiny,gz2,soft,d4,224,full,bce,0,0,False,False
convnext_tiny_soft_d4_s224_full_bce_nfull_seed0_scratch,2,0.16666666666666669,0.1633463134640003,0.0014686983660730677,5447,convnext_tiny,gz2,soft,d4,224,full,bce,0,0,False,False
convnext_tiny_soft_d4_s224_full_bce_nfull_seed0_scratch,3,0.23333333333333334,0.23168962356606282,0.005989731888191671,3506,convnext_tiny,gz2,soft,d4,224,full,bce,0,0,False,False
convnext_tiny_soft_d4_s224_full_bce_nfull_seed0_scratch,4,0.3,0.29895748203192457,0.03886110042323971,2599,convnext_tiny,gz2,soft,d4,224,full,bce,0,0,False,False
convnext_tiny_soft_d4_s224_full_bce_nfull_seed0_scratch,5,0.3666666666666667,0.3657081807083872,0.10720887245841035,2164,convnext_tiny,gz2,soft,d4,224,full,bce,0,0,False,False
convnext_tiny_soft_d4_s224_full_bce_nfull_seed0_scratch,6,0.43333333333333335,0.4326083672718263,0.2505030181086519,1988,convnext_tiny,gz2,soft,d4,224,full,bce,0,0,False,False
convnext_tiny_soft_d4_s224_full_bce_nfull_seed0_scratch,7,0.5,0.5010237445575607,0.4883057615516258,1753,convnext_tiny,gz2,soft,d4,224,full,bce,0,0,False,False
convnext_tiny_soft_d4_s224_full_bce_nfull_seed0_scratch,8,0.5666666666666667,0.5666915134034297,0.6632522407170295,1562,convnext_tiny,gz2,soft,d4,224,full,bce,0,0,False,False
convnext_tiny_soft_d4_s224_full_bce_nfull_seed0_scratch,9,0.6333333333333333,0.6328014157268635,0.8498098859315589,1578,convnext_tiny,gz2,soft,d4,224,full,bce,0,0,False,False
convnext_tiny_soft_d4_s224_full_bce_nfull_seed0_scratch,10,0.7,0.7001378244469316,0.9311663479923518,1569,convnext_tiny,gz2,soft,d4,224,full,bce,0,0,False,False
convnext_tiny_soft_d4_s224_full_bce_nfull_seed0_scratch,11,0.7666666666666666,0.7669925836822654,0.9739803094233473,1422,convnext_tiny,gz2,soft,d4,224,full,bce,0,0,False,False
convnext_tiny_soft_d4_s224_full_bce_nfull_seed0_scratch,12,0.8333333333333334,0.8337006098587528,0.9936930623686054,1427,convnext_tiny,gz2,soft,d4,224,full,bce,0,0,False,False
convnext_tiny_soft_d4_s224_full_bce_nfull_seed0_scratch,13,0.9,0.9013193688857709,1.0,1702,convnext_tiny,gz2,soft,d4,224,full,bce,0,0,False,False
convnext_tiny_soft_d4_s224_full_bce_nfull_seed0_scratch,14,0.9666666666666667,0.9678811208492574,1.0,2417,convnext_tiny,gz2,soft,d4,224,full,bce,0,0,False,False
convnext_tiny_soft_d4_s224_full_focal_nfull_seed0,0,0.03333333333333333,0.026562975544126413,0.00016656256506350197,24015,convnext_tiny,gz2,soft,d4,224,full,focal,0,0,False,True
convnext_tiny_soft_d4_s224_full_focal_nfull_seed0,1,0.1,0.09493631715626706,0.004323094425483504,4395,convnext_tiny,gz2,soft,d4,224,full,focal,0,0,False,True
convnext_tiny_soft_d4_s224_full_focal_nfull_seed0,2,0.16666666666666669,0.16301549862992756,0.027904616945712835,1971,convnext_tiny,gz2,soft,d4,224,full,focal,0,0,False,True
convnext_tiny_soft_d4_s224_full_focal_nfull_seed0,3,0.23333333333333334,0.23140925011960914,0.06352765321375187,1338,convnext_tiny,gz2,soft,d4,224,full,focal,0,0,False,True
convnext_tiny_soft_d4_s224_full_focal_nfull_seed0,4,0.3,0.29988741796338764,0.1242067089755213,1103,convnext_tiny,gz2,soft,d4,224,full,focal,0,0,False,True
convnext_tiny_soft_d4_s224_full_focal_nfull_seed0,5,0.3666666666666667,0.3655841458070127,0.21835443037974683,948,convnext_tiny,gz2,soft,d4,224,full,focal,0,0,False,True
convnext_tiny_soft_d4_s224_full_focal_nfull_seed0,6,0.43333333333333335,0.4328420283460674,0.3262158956109134,843,convnext_tiny,gz2,soft,d4,224,full,focal,0,0,False,True
convnext_tiny_soft_d4_s224_full_focal_nfull_seed0,7,0.5,0.4995517163049607,0.43945578231292515,735,convnext_tiny,gz2,soft,d4,224,full,focal,0,0,False,True
convnext_tiny_soft_d4_s224_full_focal_nfull_seed0,8,0.5666666666666667,0.5665921882900131,0.5268542199488491,782,convnext_tiny,gz2,soft,d4,224,full,focal,0,0,False,True
convnext_tiny_soft_d4_s224_full_focal_nfull_seed0,9,0.6333333333333333,0.6328919573163608,0.6477572559366754,758,convnext_tiny,gz2,soft,d4,224,full,focal,0,0,False,True
convnext_tiny_soft_d4_s224_full_focal_nfull_seed0,10,0.7,0.6995283299893663,0.7543859649122807,912,convnext_tiny,gz2,soft,d4,224,full,focal,0,0,False,True
convnext_tiny_soft_d4_s224_full_focal_nfull_seed0,11,0.7666666666666666,0.7671408768996452,0.8597626752966558,927,convnext_tiny,gz2,soft,d4,224,full,focal,0,0,False,True
convnext_tiny_soft_d4_s224_full_focal_nfull_seed0,12,0.8333333333333334,0.8337339725759294,0.9412698412698413,1260,convnext_tiny,gz2,soft,d4,224,full,focal,0,0,False,True
convnext_tiny_soft_d4_s224_full_focal_nfull_seed0,13,0.9,0.9030591603295476,0.9892156862745098,2040,convnext_tiny,gz2,soft,d4,224,full,focal,0,0,False,True
convnext_tiny_soft_d4_s224_full_focal_nfull_seed0,14,0.9666666666666667,0.9738482926836725,0.9996540390935824,5781,convnext_tiny,gz2,soft,d4,224,full,focal,0,0,False,True
convnext_tiny_soft_d4_s224_full_smooth_nfull_seed0,0,0.03333333333333333,0.03333333333333333,,0,convnext_tiny,gz2,soft,d4,224,full,smooth,0,0,False,True
convnext_tiny_soft_d4_s224_full_smooth_nfull_seed0,1,0.1,0.1189871834174957,0.0,10095,convnext_tiny,gz2,soft,d4,224,full,smooth,0,0,False,True
convnext_tiny_soft_d4_s224_full_smooth_nfull_seed0,2,0.16666666666666669,0.15837154445174623,9.132420091324201e-05,10950,convnext_tiny,gz2,soft,d4,224,full,smooth,0,0,False,True
convnext_tiny_soft_d4_s224_full_smooth_nfull_seed0,3,0.23333333333333334,0.231368348581337,0.0017171066752522,4659,convnext_tiny,gz2,soft,d4,224,full,smooth,0,0,False,True
convnext_tiny_soft_d4_s224_full_smooth_nfull_seed0,4,0.3,0.2984581718588234,0.006015037593984963,3325,convnext_tiny,gz2,soft,d4,224,full,smooth,0,0,False,True
convnext_tiny_soft_d4_s224_full_smooth_nfull_seed0,5,0.3666666666666667,0.36476138404167585,0.045166402535657686,2524,convnext_tiny,gz2,soft,d4,224,full,smooth,0,0,False,True
convnext_tiny_soft_d4_s224_full_smooth_nfull_seed0,6,0.43333333333333335,0.43155935932529704,0.16659202866099418,2233,convnext_tiny,gz2,soft,d4,224,full,smooth,0,0,False,True
convnext_tiny_soft_d4_s224_full_smooth_nfull_seed0,7,0.5,0.4999304126027149,0.39809422975119113,1889,convnext_tiny,gz2,soft,d4,224,full,smooth,0,0,False,True
convnext_tiny_soft_d4_s224_full_smooth_nfull_seed0,8,0.5666666666666667,0.5659118582379086,0.6488991888760139,1726,convnext_tiny,gz2,soft,d4,224,full,smooth,0,0,False,True
convnext_tiny_soft_d4_s224_full_smooth_nfull_seed0,9,0.6333333333333333,0.6321096583748772,0.8572278405710886,1681,convnext_tiny,gz2,soft,d4,224,full,smooth,0,0,False,True
convnext_tiny_soft_d4_s224_full_smooth_nfull_seed0,10,0.7,0.7002809762880252,0.9569019362898189,1601,convnext_tiny,gz2,soft,d4,224,full,smooth,0,0,False,True
convnext_tiny_soft_d4_s224_full_smooth_nfull_seed0,11,0.7666666666666666,0.7669276060240439,0.9949937421777222,1598,convnext_tiny,gz2,soft,d4,224,full,smooth,0,0,False,True
convnext_tiny_soft_d4_s224_full_smooth_nfull_seed0,12,0.8333333333333334,0.8329656596460411,0.9994019138755981,1672,convnext_tiny,gz2,soft,d4,224,full,smooth,0,0,False,True
convnext_tiny_soft_d4_s224_full_smooth_nfull_seed0,13,0.9,0.9046347614329697,1.0,2559,convnext_tiny,gz2,soft,d4,224,full,smooth,0,0,False,True
convnext_tiny_soft_d4_s224_full_smooth_nfull_seed0,14,0.9666666666666667,0.939751628694343,1.0,1296,convnext_tiny,gz2,soft,d4,224,full,smooth,0,0,False,True
convnext_tiny_soft_d4_s224_partial_bce_nfull_seed0,0,0.03333333333333333,0.05685398531617254,0.0,2306,convnext_tiny,gz2,soft,d4,224,partial,bce,0,0,False,True
convnext_tiny_soft_d4_s224_partial_bce_nfull_seed0,1,0.1,0.0941981860423741,0.00012453300124533,16060,convnext_tiny,gz2,soft,d4,224,partial,bce,0,0,False,True
convnext_tiny_soft_d4_s224_partial_bce_nfull_seed0,2,0.16666666666666669,0.16339386746552528,0.003975766755017039,5282,convnext_tiny,gz2,soft,d4,224,partial,bce,0,0,False,True
convnext_tiny_soft_d4_s224_partial_bce_nfull_seed0,3,0.23333333333333334,0.23150582444412787,0.017346053772766695,3459,convnext_tiny,gz2,soft,d4,224,partial,bce,0,0,False,True
convnext_tiny_soft_d4_s224_partial_bce_nfull_seed0,4,0.3,0.2993410700970216,0.053747161241483724,2642,convnext_tiny,gz2,soft,d4,224,partial,bce,0,0,False,True
convnext_tiny_soft_d4_s224_partial_bce_nfull_seed0,5,0.3666666666666667,0.3656989857934744,0.11925754060324827,2155,convnext_tiny,gz2,soft,d4,224,partial,bce,0,0,False,True
convnext_tiny_soft_d4_s224_partial_bce_nfull_seed0,6,0.43333333333333335,0.4327385831977192,0.23894736842105263,1900,convnext_tiny,gz2,soft,d4,224,partial,bce,0,0,False,True
convnext_tiny_soft_d4_s224_partial_bce_nfull_seed0,7,0.5,0.49916544087129094,0.4018264840182648,1752,convnext_tiny,gz2,soft,d4,224,partial,bce,0,0,False,True
convnext_tiny_soft_d4_s224_partial_bce_nfull_seed0,8,0.5666666666666667,0.5658156554069883,0.5979749851101847,1679,convnext_tiny,gz2,soft,d4,224,partial,bce,0,0,False,True
convnext_tiny_soft_d4_s224_partial_bce_nfull_seed0,9,0.6333333333333333,0.633022366021745,0.7329942784488239,1573,convnext_tiny,gz2,soft,d4,224,partial,bce,0,0,False,True
convnext_tiny_soft_d4_s224_partial_bce_nfull_seed0,10,0.7,0.6996457421128006,0.8617363344051447,1555,convnext_tiny,gz2,soft,d4,224,partial,bce,0,0,False,True
convnext_tiny_soft_d4_s224_partial_bce_nfull_seed0,11,0.7666666666666666,0.7665640540600133,0.9480181936322287,1539,convnext_tiny,gz2,soft,d4,224,partial,bce,0,0,False,True
convnext_tiny_soft_d4_s224_partial_bce_nfull_seed0,12,0.8333333333333334,0.8342530555974424,0.9856209150326798,1530,convnext_tiny,gz2,soft,d4,224,partial,bce,0,0,False,True
convnext_tiny_soft_d4_s224_partial_bce_nfull_seed0,13,0.9,0.9011560851743199,0.9976415094339622,1696,convnext_tiny,gz2,soft,d4,224,partial,bce,0,0,False,True
convnext_tiny_soft_d4_s224_partial_bce_nfull_seed0,14,0.9666666666666667,0.9673760270894464,1.0,2680,convnext_tiny,gz2,soft,d4,224,partial,bce,0,0,False,True
convnext_tiny_soft_debiased_d4_s224_full_bce_nfull_seed0,0,0.03333333333333333,0.03333333333333333,,0,convnext_tiny,gz2,soft_debiased,d4,224,full,bce,0,0,False,True
convnext_tiny_soft_debiased_d4_s224_full_bce_nfull_seed0,1,0.1,0.11710423041286595,0.0,2606,convnext_tiny,gz2,soft_debiased,d4,224,full,bce,0,0,False,True
convnext_tiny_soft_debiased_d4_s224_full_bce_nfull_seed0,2,0.16666666666666669,0.16593089611758446,0.001139168407062844,5267,convnext_tiny,gz2,soft_debiased,d4,224,full,bce,0,0,False,True
convnext_tiny_soft_debiased_d4_s224_full_bce_nfull_seed0,3,0.23333333333333334,0.23272569556636147,0.0010919414719371041,4579,convnext_tiny,gz2,soft_debiased,d4,224,full,bce,0,0,False,True
convnext_tiny_soft_debiased_d4_s224_full_bce_nfull_seed0,4,0.3,0.29851935199710594,0.004873294346978557,4104,convnext_tiny,gz2,soft_debiased,d4,224,full,bce,0,0,False,True
convnext_tiny_soft_debiased_d4_s224_full_bce_nfull_seed0,5,0.3666666666666667,0.36580813477867014,0.014232673267326733,3232,convnext_tiny,gz2,soft_debiased,d4,224,full,bce,0,0,False,True
convnext_tiny_soft_debiased_d4_s224_full_bce_nfull_seed0,6,0.43333333333333335,0.4324687122023059,0.03151750972762646,2570,convnext_tiny,gz2,soft_debiased,d4,224,full,bce,0,0,False,True
convnext_tiny_soft_debiased_d4_s224_full_bce_nfull_seed0,7,0.5,0.4988196379759095,0.05227272727272727,2200,convnext_tiny,gz2,soft_debiased,d4,224,full,bce,0,0,False,True
convnext_tiny_soft_debiased_d4_s224_full_bce_nfull_seed0,8,0.5666666666666667,0.566050154542757,0.10989557434112382,2011,convnext_tiny,gz2,soft_debiased,d4,224,full,bce,0,0,False,True
convnext_tiny_soft_debiased_d4_s224_full_bce_nfull_seed0,9,0.6333333333333333,0.6328304817152631,0.160828025477707,1884,convnext_tiny,gz2,soft_debiased,d4,224,full,bce,0,0,False,True
convnext_tiny_soft_debiased_d4_s224_full_bce_nfull_seed0,10,0.7,0.7002117705536398,0.2235294117647059,1870,convnext_tiny,gz2,soft_debiased,d4,224,full,bce,0,0,False,True
convnext_tiny_soft_debiased_d4_s224_full_bce_nfull_seed0,11,0.7666666666666666,0.7670971493252933,0.2751450676982592,2068,convnext_tiny,gz2,soft_debiased,d4,224,full,bce,0,0,False,True
convnext_tiny_soft_debiased_d4_s224_full_bce_nfull_seed0,12,0.8333333333333334,0.8344017426360811,0.3447979363714531,2326,convnext_tiny,gz2,soft_debiased,d4,224,full,bce,0,0,False,True
convnext_tiny_soft_debiased_d4_s224_full_bce_nfull_seed0,13,0.9,0.9013306583058435,0.483575489576753,3166,convnext_tiny,gz2,soft_debiased,d4,224,full,bce,0,0,False,True
convnext_tiny_soft_debiased_d4_s224_full_bce_nfull_seed0,14,0.9666666666666667,0.9801327531403798,0.8422166246851386,9925,convnext_tiny,gz2,soft_debiased,d4,224,full,bce,0,0,False,True
convnext_tiny_soft_w_d4_s224_full_bce_nfull_seed0,0,0.03333333333333333,0.05759535723535169,0.0,3080,convnext_tiny,gz2,soft_w,d4,224,full,bce,0,0,False,True
convnext_tiny_soft_w_d4_s224_full_bce_nfull_seed0,1,0.1,0.0919908229711529,0.0,16478,convnext_tiny,gz2,soft_w,d4,224,full,bce,0,0,False,True
convnext_tiny_soft_w_d4_s224_full_bce_nfull_seed0,2,0.16666666666666669,0.16375936656966608,0.0010144045445323595,4929,convnext_tiny,gz2,soft_w,d4,224,full,bce,0,0,False,True
convnext_tiny_soft_w_d4_s224_full_bce_nfull_seed0,3,0.23333333333333334,0.23137692994456482,0.002988643156007173,3346,convnext_tiny,gz2,soft_w,d4,224,full,bce,0,0,False,True
convnext_tiny_soft_w_d4_s224_full_bce_nfull_seed0,4,0.3,0.29797194529567245,0.016568047337278107,2535,convnext_tiny,gz2,soft_w,d4,224,full,bce,0,0,False,True
convnext_tiny_soft_w_d4_s224_full_bce_nfull_seed0,5,0.3666666666666667,0.366300253365609,0.08646616541353383,2128,convnext_tiny,gz2,soft_w,d4,224,full,bce,0,0,False,True
convnext_tiny_soft_w_d4_s224_full_bce_nfull_seed0,6,0.43333333333333335,0.4334456663291875,0.2348443473511742,1831,convnext_tiny,gz2,soft_w,d4,224,full,bce,0,0,False,True
convnext_tiny_soft_w_d4_s224_full_bce_nfull_seed0,7,0.5,0.49966343713369343,0.44837758112094395,1695,convnext_tiny,gz2,soft_w,d4,224,full,bce,0,0,False,True
convnext_tiny_soft_w_d4_s224_full_bce_nfull_seed0,8,0.5666666666666667,0.5665645041395464,0.7057739557739557,1628,convnext_tiny,gz2,soft_w,d4,224,full,bce,0,0,False,True
convnext_tiny_soft_w_d4_s224_full_bce_nfull_seed0,9,0.6333333333333333,0.6327798771971057,0.8681541582150102,1479,convnext_tiny,gz2,soft_w,d4,224,full,bce,0,0,False,True
convnext_tiny_soft_w_d4_s224_full_bce_nfull_seed0,10,0.7,0.6997554323562746,0.9606741573033708,1424,convnext_tiny,gz2,soft_w,d4,224,full,bce,0,0,False,True
convnext_tiny_soft_w_d4_s224_full_bce_nfull_seed0,11,0.7666666666666666,0.7668925378943833,0.9936619718309859,1420,convnext_tiny,gz2,soft_w,d4,224,full,bce,0,0,False,True
convnext_tiny_soft_w_d4_s224_full_bce_nfull_seed0,12,0.8333333333333334,0.8336024342841187,0.998546511627907,1376,convnext_tiny,gz2,soft_w,d4,224,full,bce,0,0,False,True
convnext_tiny_soft_w_d4_s224_full_bce_nfull_seed0,13,0.9,0.901506830838101,1.0,1573,convnext_tiny,gz2,soft_w,d4,224,full,bce,0,0,False,True
convnext_tiny_soft_w_d4_s224_full_bce_nfull_seed0,14,0.9666666666666667,0.9702543695602497,1.0,2886,convnext_tiny,gz2,soft_w,d4,224,full,bce,0,0,False,True
deit3_small_hard_d4_s224_full_bce_nfull_seed0,0,0.03333333333333333,0.002643190753144986,0.01019428004833762,32273,deit3_small,gz2,hard,d4,224,full,bce,0,0,False,True
deit3_small_hard_d4_s224_full_bce_nfull_seed0,1,0.1,0.09601885933781443,0.20752797558494404,983,deit3_small,gz2,hard,d4,224,full,bce,0,0,False,True
deit3_small_hard_d4_s224_full_bce_nfull_seed0,2,0.16666666666666669,0.16297476455359391,0.27856025039123633,639,deit3_small,gz2,hard,d4,224,full,bce,0,0,False,True
deit3_small_hard_d4_s224_full_bce_nfull_seed0,3,0.23333333333333334,0.23143203434895496,0.3408163265306122,490,deit3_small,gz2,hard,d4,224,full,bce,0,0,False,True
deit3_small_hard_d4_s224_full_bce_nfull_seed0,4,0.3,0.29800006043789956,0.350253807106599,394,deit3_small,gz2,hard,d4,224,full,bce,0,0,False,True
deit3_small_hard_d4_s224_full_bce_nfull_seed0,5,0.3666666666666667,0.3666584940581787,0.43902439024390244,328,deit3_small,gz2,hard,d4,224,full,bce,0,0,False,True
deit3_small_hard_d4_s224_full_bce_nfull_seed0,6,0.43333333333333335,0.4336725339616415,0.4953560371517028,323,deit3_small,gz2,hard,d4,224,full,bce,0,0,False,True
deit3_small_hard_d4_s224_full_bce_nfull_seed0,7,0.5,0.4995317819363931,0.5088235294117647,340,deit3_small,gz2,hard,d4,224,full,bce,0,0,False,True
deit3_small_hard_d4_s224_full_bce_nfull_seed0,8,0.5666666666666667,0.5677564113859146,0.5492063492063493,315,deit3_small,gz2,hard,d4,224,full,bce,0,0,False,True
deit3_small_hard_d4_s224_full_bce_nfull_seed0,9,0.6333333333333333,0.6344059634068844,0.5747800586510264,341,deit3_small,gz2,hard,d4,224,full,bce,0,0,False,True
deit3_small_hard_d4_s224_full_bce_nfull_seed0,10,0.7,0.7021890739140483,0.6242774566473989,346,deit3_small,gz2,hard,d4,224,full,bce,0,0,False,True
deit3_small_hard_d4_s224_full_bce_nfull_seed0,11,0.7666666666666666,0.7682316991815736,0.6972010178117048,393,deit3_small,gz2,hard,d4,224,full,bce,0,0,False,True
deit3_small_hard_d4_s224_full_bce_nfull_seed0,12,0.8333333333333334,0.8342232764001907,0.734251968503937,508,deit3_small,gz2,hard,d4,224,full,bce,0,0,False,True
deit3_small_hard_d4_s224_full_bce_nfull_seed0,13,0.9,0.9033962369734241,0.8154838709677419,775,deit3_small,gz2,hard,d4,224,full,bce,0,0,False,True
deit3_small_hard_d4_s224_full_bce_nfull_seed0,14,0.9666666666666667,0.9927812799811363,0.9742521367521367,9360,deit3_small,gz2,hard,d4,224,full,bce,0,0,False,True
deit3_small_soft_d4_s224_full_bce_nfull_seed0,0,0.03333333333333333,0.056795325343033456,0.0,2477,deit3_small,gz2,soft,d4,224,full,bce,0,0,False,True
deit3_small_soft_d4_s224_full_bce_nfull_seed0,1,0.1,0.09481069731143775,0.0,16071,deit3_small,gz2,soft,d4,224,full,bce,0,0,False,True
deit3_small_soft_d4_s224_full_bce_nfull_seed0,2,0.16666666666666669,0.16320553709058278,0.00018261504747991235,5476,deit3_small,gz2,soft,d4,224,full,bce,0,0,False,True
deit3_small_soft_d4_s224_full_bce_nfull_seed0,3,0.23333333333333334,0.231495037783702,0.0036506599269868017,3561,deit3_small,gz2,soft,d4,224,full,bce,0,0,False,True
deit3_small_soft_d4_s224_full_bce_nfull_seed0,4,0.3,0.2982266621959464,0.019817073170731708,2624,deit3_small,gz2,soft,d4,224,full,bce,0,0,False,True
deit3_small_soft_d4_s224_full_bce_nfull_seed0,5,0.3666666666666667,0.36512536038968985,0.091164095371669,2139,deit3_small,gz2,soft,d4,224,full,bce,0,0,False,True
deit3_small_soft_d4_s224_full_bce_nfull_seed0,6,0.43333333333333335,0.43218161154558316,0.21818181818181817,1870,deit3_small,gz2,soft,d4,224,full,bce,0,0,False,True
deit3_small_soft_d4_s224_full_bce_nfull_seed0,7,0.5,0.4991943861121035,0.44279786603438054,1687,deit3_small,gz2,soft,d4,224,full,bce,0,0,False,True
deit3_small_soft_d4_s224_full_bce_nfull_seed0,8,0.5666666666666667,0.5651909104947533,0.6677295918367347,1568,deit3_small,gz2,soft,d4,224,full,bce,0,0,False,True
deit3_small_soft_d4_s224_full_bce_nfull_seed0,9,0.6333333333333333,0.634045063986661,0.8531694695989651,1546,deit3_small,gz2,soft,d4,224,full,bce,0,0,False,True
deit3_small_soft_d4_s224_full_bce_nfull_seed0,10,0.7,0.7000663303095719,0.9462068965517242,1450,deit3_small,gz2,soft,d4,224,full,bce,0,0,False,True
deit3_small_soft_d4_s224_full_bce_nfull_seed0,11,0.7666666666666666,0.7661382668715825,0.9887482419127989,1422,deit3_small,gz2,soft,d4,224,full,bce,0,0,False,True
deit3_small_soft_d4_s224_full_bce_nfull_seed0,12,0.8333333333333334,0.8335373339078105,0.999290780141844,1410,deit3_small,gz2,soft,d4,224,full,bce,0,0,False,True
deit3_small_soft_d4_s224_full_bce_nfull_seed0,13,0.9,0.9014854745309993,1.0,1607,deit3_small,gz2,soft,d4,224,full,bce,0,0,False,True
deit3_small_soft_d4_s224_full_bce_nfull_seed0,14,0.9666666666666667,0.9710274702310562,1.0,2900,deit3_small,gz2,soft,d4,224,full,bce,0,0,False,True
densenet121_hard_d4_s224_full_bce_nfull_seed0,0,0.03333333333333333,0.0027318842415665506,0.009010982134476393,31961,densenet121,gz2,hard,d4,224,full,bce,0,0,False,True
densenet121_hard_d4_s224_full_bce_nfull_seed0,1,0.1,0.09717038206434898,0.1661409043112513,951,densenet121,gz2,hard,d4,224,full,bce,0,0,False,True
densenet121_hard_d4_s224_full_bce_nfull_seed0,2,0.16666666666666669,0.16613167710318777,0.2511415525114155,657,densenet121,gz2,hard,d4,224,full,bce,0,0,False,True
densenet121_hard_d4_s224_full_bce_nfull_seed0,3,0.23333333333333334,0.23297293806316877,0.2767676767676768,495,densenet121,gz2,hard,d4,224,full,bce,0,0,False,True
densenet121_hard_d4_s224_full_bce_nfull_seed0,4,0.3,0.29980884956424697,0.32894736842105265,456,densenet121,gz2,hard,d4,224,full,bce,0,0,False,True
densenet121_hard_d4_s224_full_bce_nfull_seed0,5,0.3666666666666667,0.36811128473773447,0.422680412371134,388,densenet121,gz2,hard,d4,224,full,bce,0,0,False,True
densenet121_hard_d4_s224_full_bce_nfull_seed0,6,0.43333333333333335,0.43191507951218205,0.4005602240896359,357,densenet121,gz2,hard,d4,224,full,bce,0,0,False,True
densenet121_hard_d4_s224_full_bce_nfull_seed0,7,0.5,0.5010543217539122,0.46368715083798884,358,densenet121,gz2,hard,d4,224,full,bce,0,0,False,True
densenet121_hard_d4_s224_full_bce_nfull_seed0,8,0.5666666666666667,0.5662906423943942,0.5109289617486339,366,densenet121,gz2,hard,d4,224,full,bce,0,0,False,True
densenet121_hard_d4_s224_full_bce_nfull_seed0,9,0.6333333333333333,0.6339075088500976,0.5652173913043478,345,densenet121,gz2,hard,d4,224,full,bce,0,0,False,True
densenet121_hard_d4_s224_full_bce_nfull_seed0,10,0.7,0.6998084368977217,0.6386138613861386,404,densenet121,gz2,hard,d4,224,full,bce,0,0,False,True
densenet121_hard_d4_s224_full_bce_nfull_seed0,11,0.7666666666666666,0.7672536398028279,0.6901098901098901,455,densenet121,gz2,hard,d4,224,full,bce,0,0,False,True
densenet121_hard_d4_s224_full_bce_nfull_seed0,12,0.8333333333333334,0.8355187447662027,0.7538461538461538,585,densenet121,gz2,hard,d4,224,full,bce,0,0,False,True
densenet121_hard_d4_s224_full_bce_nfull_seed0,13,0.9,0.903809245500265,0.8089005235602095,764,densenet121,gz2,hard,d4,224,full,bce,0,0,False,True
densenet121_hard_d4_s224_full_bce_nfull_seed0,14,0.9666666666666667,0.9930229284401566,0.9812216706237858,9266,densenet121,gz2,hard,d4,224,full,bce,0,0,False,True
densenet121_soft_d4_s224_full_bce_nfull_seed0,0,0.03333333333333333,0.0564524785718134,0.0,3167,densenet121,gz2,soft,d4,224,full,bce,0,0,False,True
densenet121_soft_d4_s224_full_bce_nfull_seed0,1,0.1,0.0934837390670435,0.0,16010,densenet121,gz2,soft,d4,224,full,bce,0,0,False,True
densenet121_soft_d4_s224_full_bce_nfull_seed0,2,0.16666666666666669,0.16365028715154392,0.0007726482518833301,5177,densenet121,gz2,soft,d4,224,full,bce,0,0,False,True
densenet121_soft_d4_s224_full_bce_nfull_seed0,3,0.23333333333333334,0.23157774562641412,0.0023619722468261,3387,densenet121,gz2,soft,d4,224,full,bce,0,0,False,True
densenet121_soft_d4_s224_full_bce_nfull_seed0,4,0.3,0.2987406529371555,0.018846153846153846,2600,densenet121,gz2,soft,d4,224,full,bce,0,0,False,True
densenet121_soft_d4_s224_full_bce_nfull_seed0,5,0.3666666666666667,0.3648702138309105,0.09332711152589827,2143,densenet121,gz2,soft,d4,224,full,bce,0,0,False,True
densenet121_soft_d4_s224_full_bce_nfull_seed0,6,0.43333333333333335,0.4327767082497853,0.24054621848739496,1904,densenet121,gz2,soft,d4,224,full,bce,0,0,False,True
densenet121_soft_d4_s224_full_bce_nfull_seed0,7,0.5,0.4997188353385681,0.45104895104895104,1716,densenet121,gz2,soft,d4,224,full,bce,0,0,False,True
densenet121_soft_d4_s224_full_bce_nfull_seed0,8,0.5666666666666667,0.5660316510804815,0.7105926860025221,1586,densenet121,gz2,soft,d4,224,full,bce,0,0,False,True
densenet121_soft_d4_s224_full_bce_nfull_seed0,9,0.6333333333333333,0.6328373000930041,0.8720316622691293,1516,densenet121,gz2,soft,d4,224,full,bce,0,0,False,True
densenet121_soft_d4_s224_full_bce_nfull_seed0,10,0.7,0.7005438190555244,0.963573883161512,1455,densenet121,gz2,soft,d4,224,full,bce,0,0,False,True
densenet121_soft_d4_s224_full_bce_nfull_seed0,11,0.7666666666666666,0.7665084187342898,0.9900071377587437,1401,densenet121,gz2,soft,d4,224,full,bce,0,0,False,True
densenet121_soft_d4_s224_full_bce_nfull_seed0,12,0.8333333333333334,0.8331245100145814,0.9992790194664743,1387,densenet121,gz2,soft,d4,224,full,bce,0,0,False,True
densenet121_soft_d4_s224_full_bce_nfull_seed0,13,0.9,0.9013073027354972,1.0,1618,densenet121,gz2,soft,d4,224,full,bce,0,0,False,True
densenet121_soft_d4_s224_full_bce_nfull_seed0,14,0.9666666666666667,0.9686148891654253,1.0,2741,densenet121,gz2,soft,d4,224,full,bce,0,0,False,True
effnetv2_s_hard_d4_s224_full_bce_nfull_seed0,0,0.03333333333333333,0.002736572990707202,0.006716131508251248,31268,effnetv2_s,gz2,hard,d4,224,full,bce,0,0,False,True
effnetv2_s_hard_d4_s224_full_bce_nfull_seed0,1,0.1,0.09789910197544553,0.12596153846153846,1040,effnetv2_s,gz2,hard,d4,224,full,bce,0,0,False,True
effnetv2_s_hard_d4_s224_full_bce_nfull_seed0,2,0.16666666666666669,0.16585067205921897,0.18994413407821228,716,effnetv2_s,gz2,hard,d4,224,full,bce,0,0,False,True
effnetv2_s_hard_d4_s224_full_bce_nfull_seed0,3,0.23333333333333334,0.23124185037221728,0.25734024179620035,579,effnetv2_s,gz2,hard,d4,224,full,bce,0,0,False,True
effnetv2_s_hard_d4_s224_full_bce_nfull_seed0,4,0.3,0.299144778081349,0.2857142857142857,490,effnetv2_s,gz2,hard,d4,224,full,bce,0,0,False,True
effnetv2_s_hard_d4_s224_full_bce_nfull_seed0,5,0.3666666666666667,0.36672747370276626,0.36886993603411516,469,effnetv2_s,gz2,hard,d4,224,full,bce,0,0,False,True
effnetv2_s_hard_d4_s224_full_bce_nfull_seed0,6,0.43333333333333335,0.43276714039652536,0.36629213483146067,445,effnetv2_s,gz2,hard,d4,224,full,bce,0,0,False,True
effnetv2_s_hard_d4_s224_full_bce_nfull_seed0,7,0.5,0.49942973256111145,0.47757847533632286,446,effnetv2_s,gz2,hard,d4,224,full,bce,0,0,False,True
effnetv2_s_hard_d4_s224_full_bce_nfull_seed0,8,0.5666666666666667,0.5683934771393429,0.45409429280397023,403,effnetv2_s,gz2,hard,d4,224,full,bce,0,0,False,True
effnetv2_s_hard_d4_s224_full_bce_nfull_seed0,9,0.6333333333333333,0.6338027426607339,0.5842956120092379,433,effnetv2_s,gz2,hard,d4,224,full,bce,0,0,False,True
effnetv2_s_hard_d4_s224_full_bce_nfull_seed0,10,0.7,0.7002392719408315,0.6412825651302605,499,effnetv2_s,gz2,hard,d4,224,full,bce,0,0,False,True
effnetv2_s_hard_d4_s224_full_bce_nfull_seed0,11,0.7666666666666666,0.7673812430337589,0.6872586872586872,518,effnetv2_s,gz2,hard,d4,224,full,bce,0,0,False,True
effnetv2_s_hard_d4_s224_full_bce_nfull_seed0,12,0.8333333333333334,0.8342229298815508,0.7607726597325408,673,effnetv2_s,gz2,hard,d4,224,full,bce,0,0,False,True
effnetv2_s_hard_d4_s224_full_bce_nfull_seed0,13,0.9,0.9023641935035364,0.8400852878464818,938,effnetv2_s,gz2,hard,d4,224,full,bce,0,0,False,True
effnetv2_s_hard_d4_s224_full_bce_nfull_seed0,14,0.9666666666666667,0.9923047997420288,0.9840287931616241,8891,effnetv2_s,gz2,hard,d4,224,full,bce,0,0,False,True
effnetv2_s_soft_d4_s224_full_bce_nfull_seed0,0,0.03333333333333333,0.056370801761328845,0.0,5068,effnetv2_s,gz2,soft,d4,224,full,bce,0,0,False,True
effnetv2_s_soft_d4_s224_full_bce_nfull_seed0,1,0.1,0.09157148891583723,0.0,14719,effnetv2_s,gz2,soft,d4,224,full,bce,0,0,False,True
effnetv2_s_soft_d4_s224_full_bce_nfull_seed0,2,0.16666666666666669,0.1640429655285567,0.0006058158319870759,4952,effnetv2_s,gz2,soft,d4,224,full,bce,0,0,False,True
effnetv2_s_soft_d4_s224_full_bce_nfull_seed0,3,0.23333333333333334,0.2310784891252196,0.003282602208296031,3351,effnetv2_s,gz2,soft,d4,224,full,bce,0,0,False,True
effnetv2_s_soft_d4_s224_full_bce_nfull_seed0,4,0.3,0.29918824640458497,0.029785544082605243,2518,effnetv2_s,gz2,soft,d4,224,full,bce,0,0,False,True
effnetv2_s_soft_d4_s224_full_bce_nfull_seed0,5,0.3666666666666667,0.36623358555123586,0.09502923976608187,2052,effnetv2_s,gz2,soft,d4,224,full,bce,0,0,False,True
effnetv2_s_soft_d4_s224_full_bce_nfull_seed0,6,0.43333333333333335,0.43193651773035524,0.26145833333333335,1920,effnetv2_s,gz2,soft,d4,224,full,bce,0,0,False,True
effnetv2_s_soft_d4_s224_full_bce_nfull_seed0,7,0.5,0.4991867908624326,0.4801920768307323,1666,effnetv2_s,gz2,soft,d4,224,full,bce,0,0,False,True
effnetv2_s_soft_d4_s224_full_bce_nfull_seed0,8,0.5666666666666667,0.5665708691758868,0.7145790554414785,1461,effnetv2_s,gz2,soft,d4,224,full,bce,0,0,False,True
effnetv2_s_soft_d4_s224_full_bce_nfull_seed0,9,0.6333333333333333,0.6324639813848304,0.8753387533875339,1476,effnetv2_s,gz2,soft,d4,224,full,bce,0,0,False,True
effnetv2_s_soft_d4_s224_full_bce_nfull_seed0,10,0.7,0.700345441593346,0.9581560283687943,1410,effnetv2_s,gz2,soft,d4,224,full,bce,0,0,False,True
effnetv2_s_soft_d4_s224_full_bce_nfull_seed0,11,0.7666666666666666,0.7664632924247736,0.9932569116655429,1483,effnetv2_s,gz2,soft,d4,224,full,bce,0,0,False,True
effnetv2_s_soft_d4_s224_full_bce_nfull_seed0,12,0.8333333333333334,0.8334642312855556,0.9993103448275862,1450,effnetv2_s,gz2,soft,d4,224,full,bce,0,0,False,True
effnetv2_s_soft_d4_s224_full_bce_nfull_seed0,13,0.9,0.9011203696778881,0.9994356659142212,1772,effnetv2_s,gz2,soft,d4,224,full,bce,0,0,False,True
effnetv2_s_soft_d4_s224_full_bce_nfull_seed0,14,0.9666666666666667,0.963380119145154,1.0,2510,effnetv2_s,gz2,soft,d4,224,full,bce,0,0,False,True
mobilenetv3_hard_d4_s224_full_bce_nfull_seed0,0,0.03333333333333333,0.0027625042001951827,0.008821120282275849,31742,mobilenetv3,gz2,hard,d4,224,full,bce,0,0,False,True
mobilenetv3_hard_d4_s224_full_bce_nfull_seed0,1,0.1,0.09602129552333219,0.16054158607350097,1034,mobilenetv3,gz2,hard,d4,224,full,bce,0,0,False,True
mobilenetv3_hard_d4_s224_full_bce_nfull_seed0,2,0.16666666666666669,0.16530840676829575,0.2454160789844852,709,mobilenetv3,gz2,hard,d4,224,full,bce,0,0,False,True
mobilenetv3_hard_d4_s224_full_bce_nfull_seed0,3,0.23333333333333334,0.23299970335419268,0.27303754266211605,586,mobilenetv3,gz2,hard,d4,224,full,bce,0,0,False,True
mobilenetv3_hard_d4_s224_full_bce_nfull_seed0,4,0.3,0.29908606252481235,0.3370044052863436,454,mobilenetv3,gz2,hard,d4,224,full,bce,0,0,False,True
mobilenetv3_hard_d4_s224_full_bce_nfull_seed0,5,0.3666666666666667,0.36706425556937333,0.4490861618798956,383,mobilenetv3,gz2,hard,d4,224,full,bce,0,0,False,True
mobilenetv3_hard_d4_s224_full_bce_nfull_seed0,6,0.43333333333333335,0.43124426374758096,0.41854636591478694,399,mobilenetv3,gz2,hard,d4,224,full,bce,0,0,False,True
mobilenetv3_hard_d4_s224_full_bce_nfull_seed0,7,0.5,0.4984340993734786,0.49746192893401014,394,mobilenetv3,gz2,hard,d4,224,full,bce,0,0,False,True
mobilenetv3_hard_d4_s224_full_bce_nfull_seed0,8,0.5666666666666667,0.5668531182756279,0.5558375634517766,394,mobilenetv3,gz2,hard,d4,224,full,bce,0,0,False,True
mobilenetv3_hard_d4_s224_full_bce_nfull_seed0,9,0.6333333333333333,0.6340654133564204,0.6069651741293532,402,mobilenetv3,gz2,hard,d4,224,full,bce,0,0,False,True
mobilenetv3_hard_d4_s224_full_bce_nfull_seed0,10,0.7,0.6989068802522154,0.6507936507936508,441,mobilenetv3,gz2,hard,d4,224,full,bce,0,0,False,True
mobilenetv3_hard_d4_s224_full_bce_nfull_seed0,11,0.7666666666666666,0.7691264968169363,0.7010526315789474,475,mobilenetv3,gz2,hard,d4,224,full,bce,0,0,False,True
mobilenetv3_hard_d4_s224_full_bce_nfull_seed0,12,0.8333333333333334,0.8360796952167747,0.7403685092127303,597,mobilenetv3,gz2,hard,d4,224,full,bce,0,0,False,True
mobilenetv3_hard_d4_s224_full_bce_nfull_seed0,13,0.9,0.9019954241021593,0.8177278401997503,801,mobilenetv3,gz2,hard,d4,224,full,bce,0,0,False,True
mobilenetv3_hard_d4_s224_full_bce_nfull_seed0,14,0.9666666666666667,0.9934309304018901,0.9812159608758475,8997,mobilenetv3,gz2,hard,d4,224,full,bce,0,0,False,True
mobilenetv3_soft_d4_s224_full_bce_nfull_seed0,0,0.03333333333333333,0.05661838304071449,0.0,2608,mobilenetv3,gz2,soft,d4,224,full,bce,0,0,False,True
mobilenetv3_soft_d4_s224_full_bce_nfull_seed0,1,0.1,0.09419014111959091,0.0,16043,mobilenetv3,gz2,soft,d4,224,full,bce,0,0,False,True
mobilenetv3_soft_d4_s224_full_bce_nfull_seed0,2,0.16666666666666669,0.1638581695406544,0.000727802037845706,5496,mobilenetv3,gz2,soft,d4,224,full,bce,0,0,False,True
mobilenetv3_soft_d4_s224_full_bce_nfull_seed0,3,0.23333333333333334,0.23160885006691584,0.001713796058269066,3501,mobilenetv3,gz2,soft,d4,224,full,bce,0,0,False,True
mobilenetv3_soft_d4_s224_full_bce_nfull_seed0,4,0.3,0.2984614378817299,0.02743431221020093,2588,mobilenetv3,gz2,soft,d4,224,full,bce,0,0,False,True
mobilenetv3_soft_d4_s224_full_bce_nfull_seed0,5,0.3666666666666667,0.3669139365265272,0.09276018099547512,2210,mobilenetv3,gz2,soft,d4,224,full,bce,0,0,False,True
mobilenetv3_soft_d4_s224_full_bce_nfull_seed0,6,0.43333333333333335,0.4327080346292081,0.24130773222625843,1927,mobilenetv3,gz2,soft,d4,224,full,bce,0,0,False,True
mobilenetv3_soft_d4_s224_full_bce_nfull_seed0,7,0.5,0.4997088378180189,0.47086521483225424,1699,mobilenetv3,gz2,soft,d4,224,full,bce,0,0,False,True
mobilenetv3_soft_d4_s224_full_bce_nfull_seed0,8,0.5666666666666667,0.5664717106564531,0.6899271844660194,1648,mobilenetv3,gz2,soft,d4,224,full,bce,0,0,False,True
mobilenetv3_soft_d4_s224_full_bce_nfull_seed0,9,0.6333333333333333,0.6328038044775706,0.8652849740932642,1544,mobilenetv3,gz2,soft,d4,224,full,bce,0,0,False,True
mobilenetv3_soft_d4_s224_full_bce_nfull_seed0,10,0.7,0.6997351991589165,0.9470426409903714,1454,mobilenetv3,gz2,soft,d4,224,full,bce,0,0,False,True
mobilenetv3_soft_d4_s224_full_bce_nfull_seed0,11,0.7666666666666666,0.7659309001072593,0.9915848527349228,1426,mobilenetv3,gz2,soft,d4,224,full,bce,0,0,False,True
mobilenetv3_soft_d4_s224_full_bce_nfull_seed0,12,0.8333333333333334,0.8323160440493853,0.997920997920998,1443,mobilenetv3,gz2,soft,d4,224,full,bce,0,0,False,True
mobilenetv3_soft_d4_s224_full_bce_nfull_seed0,13,0.9,0.9010119243081371,1.0,1604,mobilenetv3,gz2,soft,d4,224,full,bce,0,0,False,True
mobilenetv3_soft_d4_s224_full_bce_nfull_seed0,14,0.9666666666666667,0.9690836449137707,1.0,2617,mobilenetv3,gz2,soft,d4,224,full,bce,0,0,False,True
resnet50_hard_conf_d4_s224_full_bce_nfull_seed0,0,0.03333333333333333,0.0007689921847451822,0.02306808473028312,33943,resnet50,gz2,hard_conf,d4,224,full,bce,0,0,False,True
resnet50_hard_conf_d4_s224_full_bce_nfull_seed0,1,0.1,0.09793633105350535,0.3321678321678322,286,resnet50,gz2,hard_conf,d4,224,full,bce,0,0,False,True
resnet50_hard_conf_d4_s224_full_bce_nfull_seed0,2,0.16666666666666669,0.16398486432276274,0.26842105263157895,190,resnet50,gz2,hard_conf,d4,224,full,bce,0,0,False,True
resnet50_hard_conf_d4_s224_full_bce_nfull_seed0,3,0.23333333333333334,0.232568783685565,0.4276315789473684,152,resnet50,gz2,hard_conf,d4,224,full,bce,0,0,False,True
resnet50_hard_conf_d4_s224_full_bce_nfull_seed0,4,0.3,0.30227325749397277,0.464,125,resnet50,gz2,hard_conf,d4,224,full,bce,0,0,False,True
resnet50_hard_conf_d4_s224_full_bce_nfull_seed0,5,0.3666666666666667,0.3652384358507986,0.3893129770992366,131,resnet50,gz2,hard_conf,d4,224,full,bce,0,0,False,True
resnet50_hard_conf_d4_s224_full_bce_nfull_seed0,6,0.43333333333333335,0.43591799398502673,0.30120481927710846,83,resnet50,gz2,hard_conf,d4,224,full,bce,0,0,False,True
resnet50_hard_conf_d4_s224_full_bce_nfull_seed0,7,0.5,0.49777176387088246,0.45348837209302323,86,resnet50,gz2,hard_conf,d4,224,full,bce,0,0,False,True
resnet50_hard_conf_d4_s224_full_bce_nfull_seed0,8,0.5666666666666667,0.5674961381233655,0.4423076923076923,104,resnet50,gz2,hard_conf,d4,224,full,bce,0,0,False,True
resnet50_hard_conf_d4_s224_full_bce_nfull_seed0,9,0.6333333333333333,0.6366135108638817,0.4507042253521127,71,resnet50,gz2,hard_conf,d4,224,full,bce,0,0,False,True
resnet50_hard_conf_d4_s224_full_bce_nfull_seed0,10,0.7,0.7005918727511853,0.4424778761061947,113,resnet50,gz2,hard_conf,d4,224,full,bce,0,0,False,True
resnet50_hard_conf_d4_s224_full_bce_nfull_seed0,11,0.7666666666666666,0.7685638009638026,0.5217391304347826,138,resnet50,gz2,hard_conf,d4,224,full,bce,0,0,False,True
resnet50_hard_conf_d4_s224_full_bce_nfull_seed0,12,0.8333333333333334,0.834470941367762,0.5307262569832403,179,resnet50,gz2,hard_conf,d4,224,full,bce,0,0,False,True
resnet50_hard_conf_d4_s224_full_bce_nfull_seed0,13,0.9,0.9030617051437253,0.521311475409836,305,resnet50,gz2,hard_conf,d4,224,full,bce,0,0,False,True
resnet50_hard_conf_d4_s224_full_bce_nfull_seed0,14,0.9666666666666667,0.997633567669275,0.9120315913291883,11902,resnet50,gz2,hard_conf,d4,224,full,bce,0,0,False,True
resnet50_hard_d4_s224_full_bce_nfull_seed0,0,0.03333333333333333,0.002934158702377923,0.009450734537288294,32061,resnet50,gz2,hard,d4,224,full,bce,0,0,False,True
resnet50_hard_d4_s224_full_bce_nfull_seed0,1,0.1,0.09607489053124198,0.15355086372360843,1042,resnet50,gz2,hard,d4,224,full,bce,0,0,False,True
resnet50_hard_d4_s224_full_bce_nfull_seed0,2,0.16666666666666669,0.16488432739506867,0.26115485564304464,762,resnet50,gz2,hard,d4,224,full,bce,0,0,False,True
resnet50_hard_d4_s224_full_bce_nfull_seed0,3,0.23333333333333334,0.23258163252784889,0.33212996389891697,554,resnet50,gz2,hard,d4,224,full,bce,0,0,False,True
resnet50_hard_d4_s224_full_bce_nfull_seed0,4,0.3,0.29922533606996343,0.4061224489795918,490,resnet50,gz2,hard,d4,224,full,bce,0,0,False,True
resnet50_hard_d4_s224_full_bce_nfull_seed0,5,0.3666666666666667,0.3666826721272479,0.4697986577181208,447,resnet50,gz2,hard,d4,224,full,bce,0,0,False,True
resnet50_hard_d4_s224_full_bce_nfull_seed0,6,0.43333333333333335,0.4312379006425448,0.4942263279445728,433,resnet50,gz2,hard,d4,224,full,bce,0,0,False,True
resnet50_hard_d4_s224_full_bce_nfull_seed0,7,0.5,0.4997697668104637,0.5536585365853659,410,resnet50,gz2,hard,d4,224,full,bce,0,0,False,True
resnet50_hard_d4_s224_full_bce_nfull_seed0,8,0.5666666666666667,0.5658515818934208,0.609254498714653,389,resnet50,gz2,hard,d4,224,full,bce,0,0,False,True
resnet50_hard_d4_s224_full_bce_nfull_seed0,9,0.6333333333333333,0.6331541382371658,0.6513317191283293,413,resnet50,gz2,hard,d4,224,full,bce,0,0,False,True
resnet50_hard_d4_s224_full_bce_nfull_seed0,10,0.7,0.6995500006846019,0.7193877551020408,392,resnet50,gz2,hard,d4,224,full,bce,0,0,False,True
resnet50_hard_d4_s224_full_bce_nfull_seed0,11,0.7666666666666666,0.7695365078012708,0.7806841046277666,497,resnet50,gz2,hard,d4,224,full,bce,0,0,False,True
resnet50_hard_d4_s224_full_bce_nfull_seed0,12,0.8333333333333334,0.8328826313620215,0.8126126126126126,555,resnet50,gz2,hard,d4,224,full,bce,0,0,False,True
resnet50_hard_d4_s224_full_bce_nfull_seed0,13,0.9,0.9024401588246153,0.8620689655172413,812,resnet50,gz2,hard,d4,224,full,bce,0,0,False,True
resnet50_hard_d4_s224_full_bce_nfull_seed0,14,0.9666666666666667,0.9929230432038614,0.9885393521225587,8551,resnet50,gz2,hard,d4,224,full,bce,0,0,False,True
resnet50_hard_debiased_d4_s224_full_bce_nfull_seed0,0,0.03333333333333333,0.02732948975506882,0.0009275003864584944,6469,resnet50,gz2,hard_debiased,d4,224,full,bce,0,0,False,True
resnet50_hard_debiased_d4_s224_full_bce_nfull_seed0,1,0.1,0.09827080407875854,0.0011726766344180592,3411,resnet50,gz2,hard_debiased,d4,224,full,bce,0,0,False,True
resnet50_hard_debiased_d4_s224_full_bce_nfull_seed0,2,0.16666666666666669,0.1645980143127341,0.006475111290975314,2471,resnet50,gz2,hard_debiased,d4,224,full,bce,0,0,False,True
resnet50_hard_debiased_d4_s224_full_bce_nfull_seed0,3,0.23333333333333334,0.23228312144575286,0.007434944237918215,2152,resnet50,gz2,hard_debiased,d4,224,full,bce,0,0,False,True
resnet50_hard_debiased_d4_s224_full_bce_nfull_seed0,4,0.3,0.29912432652795296,0.005184033177812338,1929,resnet50,gz2,hard_debiased,d4,224,full,bce,0,0,False,True
resnet50_hard_debiased_d4_s224_full_bce_nfull_seed0,5,0.3666666666666667,0.3658860648534575,0.018232044198895028,1810,resnet50,gz2,hard_debiased,d4,224,full,bce,0,0,False,True
resnet50_hard_debiased_d4_s224_full_bce_nfull_seed0,6,0.43333333333333335,0.4328709312602009,0.027010435850214856,1629,resnet50,gz2,hard_debiased,d4,224,full,bce,0,0,False,True
resnet50_hard_debiased_d4_s224_full_bce_nfull_seed0,7,0.5,0.5000372355329342,0.0275049115913556,1527,resnet50,gz2,hard_debiased,d4,224,full,bce,0,0,False,True
resnet50_hard_debiased_d4_s224_full_bce_nfull_seed0,8,0.5666666666666667,0.5658815729785973,0.034875922199865864,1491,resnet50,gz2,hard_debiased,d4,224,full,bce,0,0,False,True
resnet50_hard_debiased_d4_s224_full_bce_nfull_seed0,9,0.6333333333333333,0.634238532076963,0.043859649122807015,1482,resnet50,gz2,hard_debiased,d4,224,full,bce,0,0,False,True
resnet50_hard_debiased_d4_s224_full_bce_nfull_seed0,10,0.7,0.6998877531247781,0.07375886524822695,1410,resnet50,gz2,hard_debiased,d4,224,full,bce,0,0,False,True
resnet50_hard_debiased_d4_s224_full_bce_nfull_seed0,11,0.7666666666666666,0.7679282989203321,0.09257998638529612,1469,resnet50,gz2,hard_debiased,d4,224,full,bce,0,0,False,True
resnet50_hard_debiased_d4_s224_full_bce_nfull_seed0,12,0.8333333333333334,0.8339036071713504,0.1086318261890781,1703,resnet50,gz2,hard_debiased,d4,224,full,bce,0,0,False,True
resnet50_hard_debiased_d4_s224_full_bce_nfull_seed0,13,0.9,0.9021657502431039,0.19085312225153914,2274,resnet50,gz2,hard_debiased,d4,224,full,bce,0,0,False,True
resnet50_hard_debiased_d4_s224_full_bce_nfull_seed0,14,0.9666666666666667,0.9900861873671859,0.6832519148422894,16581,resnet50,gz2,hard_debiased,d4,224,full,bce,0,0,False,True
resnet50_soft_d4_s112_full_bce_nfull_seed0,0,0.03333333333333333,0.056540475566863334,0.0,2885,resnet50,gz2,soft,d4,112,full,bce,0,0,False,True
resnet50_soft_d4_s112_full_bce_nfull_seed0,1,0.1,0.09428056728552404,0.0,15696,resnet50,gz2,soft,d4,112,full,bce,0,0,False,True
resnet50_soft_d4_s112_full_bce_nfull_seed0,2,0.16666666666666669,0.16390437746606387,0.0007406035919274209,5401,resnet50,gz2,soft,d4,112,full,bce,0,0,False,True
resnet50_soft_d4_s112_full_bce_nfull_seed0,3,0.23333333333333334,0.2315747070782206,0.004026459591601955,3477,resnet50,gz2,soft,d4,112,full,bce,0,0,False,True
resnet50_soft_d4_s112_full_bce_nfull_seed0,4,0.3,0.29888991397181375,0.019865067466266866,2668,resnet50,gz2,soft,d4,112,full,bce,0,0,False,True
resnet50_soft_d4_s112_full_bce_nfull_seed0,5,0.3666666666666667,0.36560195566322395,0.08248847926267282,2170,resnet50,gz2,soft,d4,112,full,bce,0,0,False,True
resnet50_soft_d4_s112_full_bce_nfull_seed0,6,0.43333333333333335,0.43294034569454437,0.2310077519379845,1935,resnet50,gz2,soft,d4,112,full,bce,0,0,False,True
resnet50_soft_d4_s112_full_bce_nfull_seed0,7,0.5,0.49947028500693186,0.4442508710801394,1722,resnet50,gz2,soft,d4,112,full,bce,0,0,False,True
resnet50_soft_d4_s112_full_bce_nfull_seed0,8,0.5666666666666667,0.5659732480267972,0.6781400966183575,1656,resnet50,gz2,soft,d4,112,full,bce,0,0,False,True
resnet50_soft_d4_s112_full_bce_nfull_seed0,9,0.6333333333333333,0.6328755850044192,0.865681233933162,1556,resnet50,gz2,soft,d4,112,full,bce,0,0,False,True
resnet50_soft_d4_s112_full_bce_nfull_seed0,10,0.7,0.6996586824575957,0.949449125081011,1543,resnet50,gz2,soft,d4,112,full,bce,0,0,False,True
resnet50_soft_d4_s112_full_bce_nfull_seed0,11,0.7666666666666666,0.766100835684594,0.9882271468144044,1444,resnet50,gz2,soft,d4,112,full,bce,0,0,False,True
resnet50_soft_d4_s112_full_bce_nfull_seed0,12,0.8333333333333334,0.8333660378311931,0.9978401727861771,1389,resnet50,gz2,soft,d4,112,full,bce,0,0,False,True
resnet50_soft_d4_s112_full_bce_nfull_seed0,13,0.9,0.9004785792455927,1.0,1578,resnet50,gz2,soft,d4,112,full,bce,0,0,False,True
resnet50_soft_d4_s112_full_bce_nfull_seed0,14,0.9666666666666667,0.968786650669894,1.0,2688,resnet50,gz2,soft,d4,112,full,bce,0,0,False,True
resnet50_soft_d4_s160_full_bce_nfull_seed0,0,0.03333333333333333,0.05651915962445852,0.0,3036,resnet50,gz2,soft,d4,160,full,bce,0,0,False,True
resnet50_soft_d4_s160_full_bce_nfull_seed0,1,0.1,0.09398149129644853,0.0,15666,resnet50,gz2,soft,d4,160,full,bce,0,0,False,True
resnet50_soft_d4_s160_full_bce_nfull_seed0,2,0.16666666666666669,0.16345917682038522,0.00018677624206200972,5354,resnet50,gz2,soft,d4,160,full,bce,0,0,False,True
resnet50_soft_d4_s160_full_bce_nfull_seed0,3,0.23333333333333334,0.23112241006814516,0.004018369690011481,3484,resnet50,gz2,soft,d4,160,full,bce,0,0,False,True
resnet50_soft_d4_s160_full_bce_nfull_seed0,4,0.3,0.29812168405957834,0.023827252419955324,2686,resnet50,gz2,soft,d4,160,full,bce,0,0,False,True
resnet50_soft_d4_s160_full_bce_nfull_seed0,5,0.3666666666666667,0.36617271622243674,0.08833100883310088,2151,resnet50,gz2,soft,d4,160,full,bce,0,0,False,True
resnet50_soft_d4_s160_full_bce_nfull_seed0,6,0.43333333333333335,0.43292490177754034,0.2325092056812204,1901,resnet50,gz2,soft,d4,160,full,bce,0,0,False,True
resnet50_soft_d4_s160_full_bce_nfull_seed0,7,0.5,0.4999743161016497,0.45517241379310347,1740,resnet50,gz2,soft,d4,160,full,bce,0,0,False,True
resnet50_soft_d4_s160_full_bce_nfull_seed0,8,0.5666666666666667,0.5664449756299249,0.6913803496081977,1659,resnet50,gz2,soft,d4,160,full,bce,0,0,False,True
resnet50_soft_d4_s160_full_bce_nfull_seed0,9,0.6333333333333333,0.6327182129778043,0.860479797979798,1584,resnet50,gz2,soft,d4,160,full,bce,0,0,False,True
resnet50_soft_d4_s160_full_bce_nfull_seed0,10,0.7,0.7009512133409317,0.9582753824756607,1438,resnet50,gz2,soft,d4,160,full,bce,0,0,False,True
resnet50_soft_d4_s160_full_bce_nfull_seed0,11,0.7666666666666666,0.7658924854577852,0.9839063643013899,1367,resnet50,gz2,soft,d4,160,full,bce,0,0,False,True
resnet50_soft_d4_s160_full_bce_nfull_seed0,12,0.8333333333333334,0.8324797624428294,0.9993050729673384,1439,resnet50,gz2,soft,d4,160,full,bce,0,0,False,True
resnet50_soft_d4_s160_full_bce_nfull_seed0,13,0.9,0.9011225232913059,0.9993710691823899,1590,resnet50,gz2,soft,d4,160,full,bce,0,0,False,True
resnet50_soft_d4_s160_full_bce_nfull_seed0,14,0.9666666666666667,0.9680858587278373,1.0,2713,resnet50,gz2,soft,d4,160,full,bce,0,0,False,True
resnet50_soft_d4_s224_frozen_bce_nfull_seed0,0,0.03333333333333333,0.05209628416304689,0.003798670465337132,2106,resnet50,gz2,soft,d4,224,frozen,bce,0,0,False,True
resnet50_soft_d4_s224_frozen_bce_nfull_seed0,1,0.1,0.10158758278920874,0.01000723414516518,8294,resnet50,gz2,soft,d4,224,frozen,bce,0,0,False,True
resnet50_soft_d4_s224_frozen_bce_nfull_seed0,2,0.16666666666666669,0.16529559169839395,0.04060598534707562,8053,resnet50,gz2,soft,d4,224,frozen,bce,0,0,False,True
resnet50_soft_d4_s224_frozen_bce_nfull_seed0,3,0.23333333333333334,0.23176367078439117,0.07995916978564137,5878,resnet50,gz2,soft,d4,224,frozen,bce,0,0,False,True
resnet50_soft_d4_s224_frozen_bce_nfull_seed0,4,0.3,0.2986258663357987,0.16159146476994887,4499,resnet50,gz2,soft,d4,224,frozen,bce,0,0,False,True
resnet50_soft_d4_s224_frozen_bce_nfull_seed0,5,0.3666666666666667,0.3652746118781494,0.25870231133389027,3591,resnet50,gz2,soft,d4,224,frozen,bce,0,0,False,True
resnet50_soft_d4_s224_frozen_bce_nfull_seed0,6,0.43333333333333335,0.4330892753854297,0.3764705882352941,3060,resnet50,gz2,soft,d4,224,frozen,bce,0,0,False,True
resnet50_soft_d4_s224_frozen_bce_nfull_seed0,7,0.5,0.4991017917663975,0.47603705195328233,2483,resnet50,gz2,soft,d4,224,frozen,bce,0,0,False,True
resnet50_soft_d4_s224_frozen_bce_nfull_seed0,8,0.5666666666666667,0.5659717777789568,0.5808463251670378,2245,resnet50,gz2,soft,d4,224,frozen,bce,0,0,False,True
resnet50_soft_d4_s224_frozen_bce_nfull_seed0,9,0.6333333333333333,0.6329565485874256,0.6853146853146853,2002,resnet50,gz2,soft,d4,224,frozen,bce,0,0,False,True
resnet50_soft_d4_s224_frozen_bce_nfull_seed0,10,0.7,0.6988303912547204,0.7712155963302753,1744,resnet50,gz2,soft,d4,224,frozen,bce,0,0,False,True
resnet50_soft_d4_s224_frozen_bce_nfull_seed0,11,0.7666666666666666,0.7654655874182618,0.8702185792349727,1464,resnet50,gz2,soft,d4,224,frozen,bce,0,0,False,True
resnet50_soft_d4_s224_frozen_bce_nfull_seed0,12,0.8333333333333334,0.8313755475932901,0.9327272727272727,1100,resnet50,gz2,soft,d4,224,frozen,bce,0,0,False,True
resnet50_soft_d4_s224_frozen_bce_nfull_seed0,13,0.9,0.8982340933075614,0.9851116625310173,806,resnet50,gz2,soft,d4,224,frozen,bce,0,0,False,True
resnet50_soft_d4_s224_frozen_bce_nfull_seed0,14,0.9666666666666667,0.9579902079041207,1.0,483,resnet50,gz2,soft,d4,224,frozen,bce,0,0,False,True
resnet50_soft_d4_s224_full_bce_nfull_seed0,0,0.03333333333333333,0.05607349618790021,0.0,3233,resnet50,gz2,soft,d4,224,full,bce,0,0,False,True
resnet50_soft_d4_s224_full_bce_nfull_seed0,1,0.1,0.09327214813850203,0.0,15630,resnet50,gz2,soft,d4,224,full,bce,0,0,False,True
resnet50_soft_d4_s224_full_bce_nfull_seed0,2,0.16666666666666669,0.16395263901711668,0.0011233851338700617,5341,resnet50,gz2,soft,d4,224,full,bce,0,0,False,True
resnet50_soft_d4_s224_full_bce_nfull_seed0,3,0.23333333333333334,0.23142901549105604,0.0037367059499856282,3479,resnet50,gz2,soft,d4,224,full,bce,0,0,False,True
resnet50_soft_d4_s224_full_bce_nfull_seed0,4,0.3,0.2986184903130413,0.023046453006841917,2777,resnet50,gz2,soft,d4,224,full,bce,0,0,False,True
resnet50_soft_d4_s224_full_bce_nfull_seed0,5,0.3666666666666667,0.36566043691816097,0.09419295839048926,2187,resnet50,gz2,soft,d4,224,full,bce,0,0,False,True
resnet50_soft_d4_s224_full_bce_nfull_seed0,6,0.43333333333333335,0.4326263822851981,0.273058884835852,1919,resnet50,gz2,soft,d4,224,full,bce,0,0,False,True
resnet50_soft_d4_s224_full_bce_nfull_seed0,7,0.5,0.4996781171779159,0.4809468822170901,1732,resnet50,gz2,soft,d4,224,full,bce,0,0,False,True
resnet50_soft_d4_s224_full_bce_nfull_seed0,8,0.5666666666666667,0.56575934093405,0.7255139056831923,1654,resnet50,gz2,soft,d4,224,full,bce,0,0,False,True
resnet50_soft_d4_s224_full_bce_nfull_seed0,9,0.6333333333333333,0.6325900535677184,0.8834688346883469,1476,resnet50,gz2,soft,d4,224,full,bce,0,0,False,True
resnet50_soft_d4_s224_full_bce_nfull_seed0,10,0.7,0.699548932813829,0.9698457223001402,1426,resnet50,gz2,soft,d4,224,full,bce,0,0,False,True
resnet50_soft_d4_s224_full_bce_nfull_seed0,11,0.7666666666666666,0.7667776866578172,0.992867332382311,1402,resnet50,gz2,soft,d4,224,full,bce,0,0,False,True
resnet50_soft_d4_s224_full_bce_nfull_seed0,12,0.8333333333333334,0.833012922096622,0.9992248062015504,1290,resnet50,gz2,soft,d4,224,full,bce,0,0,False,True
resnet50_soft_d4_s224_full_bce_nfull_seed0,13,0.9,0.9014223166606711,1.0,1590,resnet50,gz2,soft,d4,224,full,bce,0,0,False,True
resnet50_soft_d4_s224_full_bce_nfull_seed0,14,0.9666666666666667,0.9689619500346169,1.0,2672,resnet50,gz2,soft,d4,224,full,bce,0,0,False,True
resnet50_soft_d4_s224_full_bce_nfull_seed0_scratch,0,0.03333333333333333,0.05737588986147578,0.0,2431,resnet50,gz2,soft,d4,224,full,bce,0,0,False,False
resnet50_soft_d4_s224_full_bce_nfull_seed0_scratch,1,0.1,0.0934888597067985,0.0,16185,resnet50,gz2,soft,d4,224,full,bce,0,0,False,False
resnet50_soft_d4_s224_full_bce_nfull_seed0_scratch,2,0.16666666666666669,0.16365250039100648,0.0009302325581395349,5375,resnet50,gz2,soft,d4,224,full,bce,0,0,False,False
resnet50_soft_d4_s224_full_bce_nfull_seed0_scratch,3,0.23333333333333334,0.23135307851636375,0.0038535645472061657,3633,resnet50,gz2,soft,d4,224,full,bce,0,0,False,False
resnet50_soft_d4_s224_full_bce_nfull_seed0_scratch,4,0.3,0.2985688290053856,0.030011542901115813,2599,resnet50,gz2,soft,d4,224,full,bce,0,0,False,False
resnet50_soft_d4_s224_full_bce_nfull_seed0_scratch,5,0.3666666666666667,0.3653625208185879,0.09949564419990829,2181,resnet50,gz2,soft,d4,224,full,bce,0,0,False,False
resnet50_soft_d4_s224_full_bce_nfull_seed0_scratch,6,0.43333333333333335,0.4331334703661689,0.24756034925526452,1947,resnet50,gz2,soft,d4,224,full,bce,0,0,False,False
resnet50_soft_d4_s224_full_bce_nfull_seed0_scratch,7,0.5,0.49959407595498145,0.46625070901871807,1763,resnet50,gz2,soft,d4,224,full,bce,0,0,False,False
resnet50_soft_d4_s224_full_bce_nfull_seed0_scratch,8,0.5666666666666667,0.5661473641854635,0.691304347826087,1610,resnet50,gz2,soft,d4,224,full,bce,0,0,False,False
resnet50_soft_d4_s224_full_bce_nfull_seed0_scratch,9,0.6333333333333333,0.6336051824327841,0.8462021343377275,1593,resnet50,gz2,soft,d4,224,full,bce,0,0,False,False
resnet50_soft_d4_s224_full_bce_nfull_seed0_scratch,10,0.7,0.699400319080064,0.9545767377838954,1453,resnet50,gz2,soft,d4,224,full,bce,0,0,False,False
resnet50_soft_d4_s224_full_bce_nfull_seed0_scratch,11,0.7666666666666666,0.7676397726645543,0.9846564376250834,1499,resnet50,gz2,soft,d4,224,full,bce,0,0,False,False
resnet50_soft_d4_s224_full_bce_nfull_seed0_scratch,12,0.8333333333333334,0.8331847780489682,0.9971305595408895,1394,resnet50,gz2,soft,d4,224,full,bce,0,0,False,False
resnet50_soft_d4_s224_full_bce_nfull_seed0_scratch,13,0.9,0.901615670306987,0.9993891264508247,1637,resnet50,gz2,soft,d4,224,full,bce,0,0,False,False
resnet50_soft_d4_s224_full_bce_nfull_seed0_scratch,14,0.9666666666666667,0.9680569783875056,1.0,2508,resnet50,gz2,soft,d4,224,full,bce,0,0,False,False
resnet50_soft_d4_s224_full_focal_nfull_seed0,0,0.03333333333333333,0.026934341772777804,8.274036074797286e-05,24172,resnet50,gz2,soft,d4,224,full,focal,0,0,False,True
resnet50_soft_d4_s224_full_focal_nfull_seed0,1,0.1,0.09511539749719361,0.003903391070992925,4099,resnet50,gz2,soft,d4,224,full,focal,0,0,False,True
resnet50_soft_d4_s224_full_focal_nfull_seed0,2,0.16666666666666669,0.16372014827890569,0.02588686481303931,2086,resnet50,gz2,soft,d4,224,full,focal,0,0,False,True
resnet50_soft_d4_s224_full_focal_nfull_seed0,3,0.23333333333333334,0.23178593624053395,0.07402031930333818,1378,resnet50,gz2,soft,d4,224,full,focal,0,0,False,True
resnet50_soft_d4_s224_full_focal_nfull_seed0,4,0.3,0.2987021488350863,0.1685288640595903,1074,resnet50,gz2,soft,d4,224,full,focal,0,0,False,True
resnet50_soft_d4_s224_full_focal_nfull_seed0,5,0.3666666666666667,0.3658277972973472,0.2196467991169978,906,resnet50,gz2,soft,d4,224,full,focal,0,0,False,True
resnet50_soft_d4_s224_full_focal_nfull_seed0,6,0.43333333333333335,0.4327077940451326,0.3159722222222222,864,resnet50,gz2,soft,d4,224,full,focal,0,0,False,True
resnet50_soft_d4_s224_full_focal_nfull_seed0,7,0.5,0.4990512930283881,0.4178343949044586,785,resnet50,gz2,soft,d4,224,full,focal,0,0,False,True
resnet50_soft_d4_s224_full_focal_nfull_seed0,8,0.5666666666666667,0.5670165658283005,0.5503597122302158,834,resnet50,gz2,soft,d4,224,full,focal,0,0,False,True
resnet50_soft_d4_s224_full_focal_nfull_seed0,9,0.6333333333333333,0.6335398154092825,0.6891133557800224,891,resnet50,gz2,soft,d4,224,full,focal,0,0,False,True
resnet50_soft_d4_s224_full_focal_nfull_seed0,10,0.7,0.7017961061967386,0.76,925,resnet50,gz2,soft,d4,224,full,focal,0,0,False,True
resnet50_soft_d4_s224_full_focal_nfull_seed0,11,0.7666666666666666,0.7670966070777965,0.8528301886792453,1060,resnet50,gz2,soft,d4,224,full,focal,0,0,False,True
resnet50_soft_d4_s224_full_focal_nfull_seed0,12,0.8333333333333334,0.8352528095067171,0.9476831091180867,1338,resnet50,gz2,soft,d4,224,full,focal,0,0,False,True
resnet50_soft_d4_s224_full_focal_nfull_seed0,13,0.9,0.9033674642831864,0.9894789579158316,1996,resnet50,gz2,soft,d4,224,full,focal,0,0,False,True
resnet50_soft_d4_s224_full_focal_nfull_seed0,14,0.9666666666666667,0.974584826959504,0.9996296296296296,5400,resnet50,gz2,soft,d4,224,full,focal,0,0,False,True
resnet50_soft_d4_s224_full_smooth_nfull_seed0,0,0.03333333333333333,0.03333333333333333,,0,resnet50,gz2,soft,d4,224,full,smooth,0,0,False,True
resnet50_soft_d4_s224_full_smooth_nfull_seed0,1,0.1,0.11733207680640154,0.0,10866,resnet50,gz2,soft,d4,224,full,smooth,0,0,False,True
resnet50_soft_d4_s224_full_smooth_nfull_seed0,2,0.16666666666666669,0.15908005157527255,9.434852344560808e-05,10599,resnet50,gz2,soft,d4,224,full,smooth,0,0,False,True
resnet50_soft_d4_s224_full_smooth_nfull_seed0,3,0.23333333333333334,0.2307129987677807,0.0010410160316468874,4803,resnet50,gz2,soft,d4,224,full,smooth,0,0,False,True
resnet50_soft_d4_s224_full_smooth_nfull_seed0,4,0.3,0.2979125244769163,0.00948302233098807,3269,resnet50,gz2,soft,d4,224,full,smooth,0,0,False,True
resnet50_soft_d4_s224_full_smooth_nfull_seed0,5,0.3666666666666667,0.36551012308633285,0.06853932584269663,2670,resnet50,gz2,soft,d4,224,full,smooth,0,0,False,True
resnet50_soft_d4_s224_full_smooth_nfull_seed0,6,0.43333333333333335,0.4331419389804809,0.23215984776403426,2102,resnet50,gz2,soft,d4,224,full,smooth,0,0,False,True
resnet50_soft_d4_s224_full_smooth_nfull_seed0,7,0.5,0.5007011115164338,0.47754491017964074,2004,resnet50,gz2,soft,d4,224,full,smooth,0,0,False,True
resnet50_soft_d4_s224_full_smooth_nfull_seed0,8,0.5666666666666667,0.5665014565582444,0.7359426681367145,1814,resnet50,gz2,soft,d4,224,full,smooth,0,0,False,True
resnet50_soft_d4_s224_full_smooth_nfull_seed0,9,0.6333333333333333,0.6332330042559212,0.8974831184775937,1629,resnet50,gz2,soft,d4,224,full,smooth,0,0,False,True
resnet50_soft_d4_s224_full_smooth_nfull_seed0,10,0.7,0.7006214706222516,0.981829573934837,1596,resnet50,gz2,soft,d4,224,full,smooth,0,0,False,True
resnet50_soft_d4_s224_full_smooth_nfull_seed0,11,0.7666666666666666,0.7661790490628244,0.9939879759519038,1497,resnet50,gz2,soft,d4,224,full,smooth,0,0,False,True
resnet50_soft_d4_s224_full_smooth_nfull_seed0,12,0.8333333333333334,0.8348681943714988,1.0,1614,resnet50,gz2,soft,d4,224,full,smooth,0,0,False,True
resnet50_soft_d4_s224_full_smooth_nfull_seed0,13,0.9,0.9045058326199953,1.0,2470,resnet50,gz2,soft,d4,224,full,smooth,0,0,False,True
resnet50_soft_d4_s224_full_smooth_nfull_seed0,14,0.9666666666666667,0.9400821789332798,1.0,875,resnet50,gz2,soft,d4,224,full,smooth,0,0,False,True
resnet50_soft_d4_s224_partial_bce_nfull_seed0,0,0.03333333333333333,0.05937569518811799,0.0,1857,resnet50,gz2,soft,d4,224,partial,bce,0,0,False,True
resnet50_soft_d4_s224_partial_bce_nfull_seed0,1,0.1,0.09493165462881754,0.0011299435028248588,15930,resnet50,gz2,soft,d4,224,partial,bce,0,0,False,True
resnet50_soft_d4_s224_partial_bce_nfull_seed0,2,0.16666666666666669,0.16314620607370628,0.015357458075904678,5665,resnet50,gz2,soft,d4,224,partial,bce,0,0,False,True
resnet50_soft_d4_s224_partial_bce_nfull_seed0,3,0.23333333333333334,0.2314323253402331,0.04840831360168377,3801,resnet50,gz2,soft,d4,224,partial,bce,0,0,False,True
resnet50_soft_d4_s224_partial_bce_nfull_seed0,4,0.3,0.2990712328112289,0.11335616438356165,2920,resnet50,gz2,soft,d4,224,partial,bce,0,0,False,True
resnet50_soft_d4_s224_partial_bce_nfull_seed0,5,0.3666666666666667,0.36656490192003705,0.1939115929941618,2398,resnet50,gz2,soft,d4,224,partial,bce,0,0,False,True
resnet50_soft_d4_s224_partial_bce_nfull_seed0,6,0.43333333333333335,0.4319705928966498,0.329250367466928,2041,resnet50,gz2,soft,d4,224,partial,bce,0,0,False,True
resnet50_soft_d4_s224_partial_bce_nfull_seed0,7,0.5,0.49938666454343744,0.47134744450180693,1937,resnet50,gz2,soft,d4,224,partial,bce,0,0,False,True
resnet50_soft_d4_s224_partial_bce_nfull_seed0,8,0.5666666666666667,0.566450591608105,0.6187717265353418,1726,resnet50,gz2,soft,d4,224,partial,bce,0,0,False,True
resnet50_soft_d4_s224_partial_bce_nfull_seed0,9,0.6333333333333333,0.6324499667893002,0.741704619388419,1537,resnet50,gz2,soft,d4,224,partial,bce,0,0,False,True
resnet50_soft_d4_s224_partial_bce_nfull_seed0,10,0.7,0.6992261311227109,0.8578584846587352,1597,resnet50,gz2,soft,d4,224,partial,bce,0,0,False,True
resnet50_soft_d4_s224_partial_bce_nfull_seed0,11,0.7666666666666666,0.7669432477561466,0.9331532748143146,1481,resnet50,gz2,soft,d4,224,partial,bce,0,0,False,True
resnet50_soft_d4_s224_partial_bce_nfull_seed0,12,0.8333333333333334,0.8336682179724106,0.9624413145539906,1491,resnet50,gz2,soft,d4,224,partial,bce,0,0,False,True
resnet50_soft_d4_s224_partial_bce_nfull_seed0,13,0.9,0.900585671964937,0.9891745602165088,1478,resnet50,gz2,soft,d4,224,partial,bce,0,0,False,True
resnet50_soft_d4_s224_partial_bce_nfull_seed0,14,0.9666666666666667,0.9665653821503339,1.0,1949,resnet50,gz2,soft,d4,224,partial,bce,0,0,False,True
resnet50_soft_debiased_d4_s224_full_bce_nfull_seed0,0,0.03333333333333333,0.05991987572336679,0.0,49,resnet50,gz2,soft_debiased,d4,224,full,bce,0,0,False,True
resnet50_soft_debiased_d4_s224_full_bce_nfull_seed0,1,0.1,0.11166406094876255,0.0,1965,resnet50,gz2,soft_debiased,d4,224,full,bce,0,0,False,True
resnet50_soft_debiased_d4_s224_full_bce_nfull_seed0,2,0.16666666666666669,0.1679701297596527,0.0004182350480970305,4782,resnet50,gz2,soft_debiased,d4,224,full,bce,0,0,False,True
resnet50_soft_debiased_d4_s224_full_bce_nfull_seed0,3,0.23333333333333334,0.2320338689817925,0.0009330534173081409,4287,resnet50,gz2,soft_debiased,d4,224,full,bce,0,0,False,True
resnet50_soft_debiased_d4_s224_full_bce_nfull_seed0,4,0.3,0.29902880643164514,0.0023228803716608595,3444,resnet50,gz2,soft_debiased,d4,224,full,bce,0,0,False,True
resnet50_soft_debiased_d4_s224_full_bce_nfull_seed0,5,0.3666666666666667,0.36600809329699097,0.007887517146776405,2916,resnet50,gz2,soft_debiased,d4,224,full,bce,0,0,False,True
resnet50_soft_debiased_d4_s224_full_bce_nfull_seed0,6,0.43333333333333335,0.4322565727371538,0.02775721687638786,2702,resnet50,gz2,soft_debiased,d4,224,full,bce,0,0,False,True
resnet50_soft_debiased_d4_s224_full_bce_nfull_seed0,7,0.5,0.499621456488184,0.052543085329970575,2379,resnet50,gz2,soft_debiased,d4,224,full,bce,0,0,False,True
resnet50_soft_debiased_d4_s224_full_bce_nfull_seed0,8,0.5666666666666667,0.5658445126873298,0.08987226277372262,2192,resnet50,gz2,soft_debiased,d4,224,full,bce,0,0,False,True
resnet50_soft_debiased_d4_s224_full_bce_nfull_seed0,9,0.6333333333333333,0.6335947764175318,0.1349749202006384,2193,resnet50,gz2,soft_debiased,d4,224,full,bce,0,0,False,True
resnet50_soft_debiased_d4_s224_full_bce_nfull_seed0,10,0.7,0.7008005459079698,0.18548009367681498,2135,resnet50,gz2,soft_debiased,d4,224,full,bce,0,0,False,True
resnet50_soft_debiased_d4_s224_full_bce_nfull_seed0,11,0.7666666666666666,0.7668308173952578,0.2393238434163701,2248,resnet50,gz2,soft_debiased,d4,224,full,bce,0,0,False,True
resnet50_soft_debiased_d4_s224_full_bce_nfull_seed0,12,0.8333333333333334,0.8346437835900132,0.31825037707390647,2652,resnet50,gz2,soft_debiased,d4,224,full,bce,0,0,False,True
resnet50_soft_debiased_d4_s224_full_bce_nfull_seed0,13,0.9,0.9021478209814607,0.42699177771477176,3527,resnet50,gz2,soft_debiased,d4,224,full,bce,0,0,False,True
resnet50_soft_debiased_d4_s224_full_bce_nfull_seed0,14,0.9666666666666667,0.9804578796454344,0.8186127503144046,10337,resnet50,gz2,soft_debiased,d4,224,full,bce,0,0,False,True
resnet50_soft_w_d4_s224_full_bce_nfull_seed0,0,0.03333333333333333,0.055552349188308425,0.0,2964,resnet50,gz2,soft_w,d4,224,full,bce,0,0,False,True
resnet50_soft_w_d4_s224_full_bce_nfull_seed0,1,0.1,0.094002336400069,0.0,15730,resnet50,gz2,soft_w,d4,224,full,bce,0,0,False,True
resnet50_soft_w_d4_s224_full_bce_nfull_seed0,2,0.16666666666666669,0.1634591421432855,0.0003679852805887764,5435,resnet50,gz2,soft_w,d4,224,full,bce,0,0,False,True
resnet50_soft_w_d4_s224_full_bce_nfull_seed0,3,0.23333333333333334,0.23157006878584108,0.005097706032285472,3531,resnet50,gz2,soft_w,d4,224,full,bce,0,0,False,True
resnet50_soft_w_d4_s224_full_bce_nfull_seed0,4,0.3,0.29897376183759083,0.021994134897360705,2728,resnet50,gz2,soft_w,d4,224,full,bce,0,0,False,True
resnet50_soft_w_d4_s224_full_bce_nfull_seed0,5,0.3666666666666667,0.36516347780267894,0.0941385435168739,2252,resnet50,gz2,soft_w,d4,224,full,bce,0,0,False,True
resnet50_soft_w_d4_s224_full_bce_nfull_seed0,6,0.43333333333333335,0.4323689404141363,0.24277141298417895,1833,resnet50,gz2,soft_w,d4,224,full,bce,0,0,False,True
resnet50_soft_w_d4_s224_full_bce_nfull_seed0,7,0.5,0.4991084605307292,0.5041413583655439,1811,resnet50,gz2,soft_w,d4,224,full,bce,0,0,False,True
resnet50_soft_w_d4_s224_full_bce_nfull_seed0,8,0.5666666666666667,0.5668351828831486,0.717016029593095,1622,resnet50,gz2,soft_w,d4,224,full,bce,0,0,False,True
resnet50_soft_w_d4_s224_full_bce_nfull_seed0,9,0.6333333333333333,0.6331200055611786,0.8742393509127789,1479,resnet50,gz2,soft_w,d4,224,full,bce,0,0,False,True
resnet50_soft_w_d4_s224_full_bce_nfull_seed0,10,0.7,0.6998723935341129,0.9710860366713682,1418,resnet50,gz2,soft_w,d4,224,full,bce,0,0,False,True
resnet50_soft_w_d4_s224_full_bce_nfull_seed0,11,0.7666666666666666,0.7657000583015094,0.9924033149171271,1448,resnet50,gz2,soft_w,d4,224,full,bce,0,0,False,True
resnet50_soft_w_d4_s224_full_bce_nfull_seed0,12,0.8333333333333334,0.8332206978665159,0.999247554552295,1329,resnet50,gz2,soft_w,d4,224,full,bce,0,0,False,True
resnet50_soft_w_d4_s224_full_bce_nfull_seed0,13,0.9,0.9010591733560359,1.0,1594,resnet50,gz2,soft_w,d4,224,full,bce,0,0,False,True
resnet50_soft_w_d4_s224_full_bce_nfull_seed0,14,0.9666666666666667,0.9691682598223357,1.0,2634,resnet50,gz2,soft_w,d4,224,full,bce,0,0,False,True
swin_tiny_hard_d4_s224_full_bce_nfull_seed0,0,0.03333333333333333,0.0030819421537828556,0.006295538795858366,31292,swin_tiny,gz2,hard,d4,224,full,bce,0,0,False,True
swin_tiny_hard_d4_s224_full_bce_nfull_seed0,1,0.1,0.09670209342366876,0.1360842844600527,1139,swin_tiny,gz2,hard,d4,224,full,bce,0,0,False,True
swin_tiny_hard_d4_s224_full_bce_nfull_seed0,2,0.16666666666666669,0.165171991667298,0.20355191256830601,732,swin_tiny,gz2,hard,d4,224,full,bce,0,0,False,True
swin_tiny_hard_d4_s224_full_bce_nfull_seed0,3,0.23333333333333334,0.23025374953028216,0.22125435540069685,574,swin_tiny,gz2,hard,d4,224,full,bce,0,0,False,True
swin_tiny_hard_d4_s224_full_bce_nfull_seed0,4,0.3,0.299846416400149,0.3289760348583878,459,swin_tiny,gz2,hard,d4,224,full,bce,0,0,False,True
swin_tiny_hard_d4_s224_full_bce_nfull_seed0,5,0.3666666666666667,0.36681699999983275,0.4028436018957346,422,swin_tiny,gz2,hard,d4,224,full,bce,0,0,False,True
swin_tiny_hard_d4_s224_full_bce_nfull_seed0,6,0.43333333333333335,0.43322154856526973,0.42010309278350516,388,swin_tiny,gz2,hard,d4,224,full,bce,0,0,False,True
swin_tiny_hard_d4_s224_full_bce_nfull_seed0,7,0.5,0.5007642054210895,0.42592592592592593,378,swin_tiny,gz2,hard,d4,224,full,bce,0,0,False,True
swin_tiny_hard_d4_s224_full_bce_nfull_seed0,8,0.5666666666666667,0.5654849334976667,0.4961439588688946,389,swin_tiny,gz2,hard,d4,224,full,bce,0,0,False,True
swin_tiny_hard_d4_s224_full_bce_nfull_seed0,9,0.6333333333333333,0.6338772669744989,0.5520833333333334,384,swin_tiny,gz2,hard,d4,224,full,bce,0,0,False,True
swin_tiny_hard_d4_s224_full_bce_nfull_seed0,10,0.7,0.7004823197855329,0.6357615894039735,453,swin_tiny,gz2,hard,d4,224,full,bce,0,0,False,True
swin_tiny_hard_d4_s224_full_bce_nfull_seed0,11,0.7666666666666666,0.7679142366421905,0.6387665198237885,454,swin_tiny,gz2,hard,d4,224,full,bce,0,0,False,True
swin_tiny_hard_d4_s224_full_bce_nfull_seed0,12,0.8333333333333334,0.835500126901491,0.7019064124783362,577,swin_tiny,gz2,hard,d4,224,full,bce,0,0,False,True
swin_tiny_hard_d4_s224_full_bce_nfull_seed0,13,0.9,0.9018014637161703,0.831764705882353,850,swin_tiny,gz2,hard,d4,224,full,bce,0,0,False,True
swin_tiny_hard_d4_s224_full_bce_nfull_seed0,14,0.9666666666666667,0.9924633603911294,0.9775678866587958,9317,swin_tiny,gz2,hard,d4,224,full,bce,0,0,False,True
swin_tiny_soft_d4_s224_full_bce_nfull_seed0,0,0.03333333333333333,0.05615848095693484,0.0,3318,swin_tiny,gz2,soft,d4,224,full,bce,0,0,False,True
swin_tiny_soft_d4_s224_full_bce_nfull_seed0,1,0.1,0.0928624376020673,0.0,15819,swin_tiny,gz2,soft,d4,224,full,bce,0,0,False,True
swin_tiny_soft_d4_s224_full_bce_nfull_seed0,2,0.16666666666666669,0.16367435893018809,0.0,5202,swin_tiny,gz2,soft,d4,224,full,bce,0,0,False,True
swin_tiny_soft_d4_s224_full_bce_nfull_seed0,3,0.23333333333333334,0.2310315660980283,0.004081632653061225,3430,swin_tiny,gz2,soft,d4,224,full,bce,0,0,False,True
swin_tiny_soft_d4_s224_full_bce_nfull_seed0,4,0.3,0.2985911600420434,0.022264875239923224,2605,swin_tiny,gz2,soft,d4,224,full,bce,0,0,False,True
swin_tiny_soft_d4_s224_full_bce_nfull_seed0,5,0.3666666666666667,0.3662606618936228,0.08055290753098189,2098,swin_tiny,gz2,soft,d4,224,full,bce,0,0,False,True
swin_tiny_soft_d4_s224_full_bce_nfull_seed0,6,0.43333333333333335,0.4326120527533319,0.24168030551009276,1833,swin_tiny,gz2,soft,d4,224,full,bce,0,0,False,True
swin_tiny_soft_d4_s224_full_bce_nfull_seed0,7,0.5,0.49915054042544493,0.45578635014836794,1685,swin_tiny,gz2,soft,d4,224,full,bce,0,0,False,True
swin_tiny_soft_d4_s224_full_bce_nfull_seed0,8,0.5666666666666667,0.5664431179844358,0.6886792452830188,1590,swin_tiny,gz2,soft,d4,224,full,bce,0,0,False,True
swin_tiny_soft_d4_s224_full_bce_nfull_seed0,9,0.6333333333333333,0.6320140443082976,0.8642714570858283,1503,swin_tiny,gz2,soft,d4,224,full,bce,0,0,False,True
swin_tiny_soft_d4_s224_full_bce_nfull_seed0,10,0.7,0.6992881907667772,0.9474058280028429,1407,swin_tiny,gz2,soft,d4,224,full,bce,0,0,False,True
swin_tiny_soft_d4_s224_full_bce_nfull_seed0,11,0.7666666666666666,0.766306707651001,0.9861495844875346,1444,swin_tiny,gz2,soft,d4,224,full,bce,0,0,False,True
swin_tiny_soft_d4_s224_full_bce_nfull_seed0,12,0.8333333333333334,0.8337917011127126,0.9993016759776536,1432,swin_tiny,gz2,soft,d4,224,full,bce,0,0,False,True
swin_tiny_soft_d4_s224_full_bce_nfull_seed0,13,0.9,0.9018216566162134,1.0,1587,swin_tiny,gz2,soft,d4,224,full,bce,0,0,False,True
swin_tiny_soft_d4_s224_full_bce_nfull_seed0,14,0.9666666666666667,0.9702359769264997,1.0,2855,swin_tiny,gz2,soft,d4,224,full,bce,0,0,False,True
vit_base_hard_d4_s224_full_bce_nfull_seed0,0,0.03333333333333333,0.0030321639166371304,0.008780457210950485,31889,vit_base,gz2,hard,d4,224,full,bce,0,0,False,True
vit_base_hard_d4_s224_full_bce_nfull_seed0,1,0.1,0.09690247873933808,0.17169811320754716,1060,vit_base,gz2,hard,d4,224,full,bce,0,0,False,True
vit_base_hard_d4_s224_full_bce_nfull_seed0,2,0.16666666666666669,0.1666774753999861,0.25,632,vit_base,gz2,hard,d4,224,full,bce,0,0,False,True
vit_base_hard_d4_s224_full_bce_nfull_seed0,3,0.23333333333333334,0.23074661737680435,0.298,500,vit_base,gz2,hard,d4,224,full,bce,0,0,False,True
vit_base_hard_d4_s224_full_bce_nfull_seed0,4,0.3,0.29973115893126706,0.34236453201970446,406,vit_base,gz2,hard,d4,224,full,bce,0,0,False,True
vit_base_hard_d4_s224_full_bce_nfull_seed0,5,0.3666666666666667,0.36497445429908676,0.40875912408759124,411,vit_base,gz2,hard,d4,224,full,bce,0,0,False,True
vit_base_hard_d4_s224_full_bce_nfull_seed0,6,0.43333333333333335,0.4338891035943126,0.4730878186968839,353,vit_base,gz2,hard,d4,224,full,bce,0,0,False,True
vit_base_hard_d4_s224_full_bce_nfull_seed0,7,0.5,0.5003487390654904,0.48951048951048953,286,vit_base,gz2,hard,d4,224,full,bce,0,0,False,True
vit_base_hard_d4_s224_full_bce_nfull_seed0,8,0.5666666666666667,0.5698079673281635,0.5090361445783133,332,vit_base,gz2,hard,d4,224,full,bce,0,0,False,True
vit_base_hard_d4_s224_full_bce_nfull_seed0,9,0.6333333333333333,0.6331552479458952,0.5977011494252874,348,vit_base,gz2,hard,d4,224,full,bce,0,0,False,True
vit_base_hard_d4_s224_full_bce_nfull_seed0,10,0.7,0.7000772974922158,0.615819209039548,354,vit_base,gz2,hard,d4,224,full,bce,0,0,False,True
vit_base_hard_d4_s224_full_bce_nfull_seed0,11,0.7666666666666666,0.7674987382832028,0.6642857142857143,420,vit_base,gz2,hard,d4,224,full,bce,0,0,False,True
vit_base_hard_d4_s224_full_bce_nfull_seed0,12,0.8333333333333334,0.8351686236415456,0.7134387351778656,506,vit_base,gz2,hard,d4,224,full,bce,0,0,False,True
vit_base_hard_d4_s224_full_bce_nfull_seed0,13,0.9,0.9025614566304289,0.7837837837837838,851,vit_base,gz2,hard,d4,224,full,bce,0,0,False,True
vit_base_hard_d4_s224_full_bce_nfull_seed0,14,0.9666666666666667,0.993602112370364,0.9715644820295983,9460,vit_base,gz2,hard,d4,224,full,bce,0,0,False,True
vit_base_soft_d4_s224_full_bce_nfull_seed0,0,0.03333333333333333,0.05618158170102134,0.0,2210,vit_base,gz2,soft,d4,224,full,bce,0,0,False,True
vit_base_soft_d4_s224_full_bce_nfull_seed0,1,0.1,0.09552766773754512,0.0,16042,vit_base,gz2,soft,d4,224,full,bce,0,0,False,True
vit_base_soft_d4_s224_full_bce_nfull_seed0,2,0.16666666666666669,0.16329062557503818,0.00018426386585590566,5427,vit_base,gz2,soft,d4,224,full,bce,0,0,False,True
vit_base_soft_d4_s224_full_bce_nfull_seed0,3,0.23333333333333334,0.23162210638897646,0.003589177250138045,3622,vit_base,gz2,soft,d4,224,full,bce,0,0,False,True
vit_base_soft_d4_s224_full_bce_nfull_seed0,4,0.3,0.29863145410880415,0.019879969992498126,2666,vit_base,gz2,soft,d4,224,full,bce,0,0,False,True
vit_base_soft_d4_s224_full_bce_nfull_seed0,5,0.3666666666666667,0.36552388690184295,0.08296943231441048,2290,vit_base,gz2,soft,d4,224,full,bce,0,0,False,True
vit_base_soft_d4_s224_full_bce_nfull_seed0,6,0.43333333333333335,0.43267652635541065,0.21309715512614064,1863,vit_base,gz2,soft,d4,224,full,bce,0,0,False,True
vit_base_soft_d4_s224_full_bce_nfull_seed0,7,0.5,0.49965213840970624,0.4253393665158371,1768,vit_base,gz2,soft,d4,224,full,bce,0,0,False,True
vit_base_soft_d4_s224_full_bce_nfull_seed0,8,0.5666666666666667,0.5663832478834742,0.6794871794871795,1638,vit_base,gz2,soft,d4,224,full,bce,0,0,False,True
vit_base_soft_d4_s224_full_bce_nfull_seed0,9,0.6333333333333333,0.6330954045716126,0.8517555266579974,1538,vit_base,gz2,soft,d4,224,full,bce,0,0,False,True
vit_base_soft_d4_s224_full_bce_nfull_seed0,10,0.7,0.7000507488301494,0.9494344644045243,1503,vit_base,gz2,soft,d4,224,full,bce,0,0,False,True
vit_base_soft_d4_s224_full_bce_nfull_seed0,11,0.7666666666666666,0.76635700836261,0.9854368932038835,1442,vit_base,gz2,soft,d4,224,full,bce,0,0,False,True
vit_base_soft_d4_s224_full_bce_nfull_seed0,12,0.8333333333333334,0.8337660020951069,1.0,1452,vit_base,gz2,soft,d4,224,full,bce,0,0,False,True
vit_base_soft_d4_s224_full_bce_nfull_seed0,13,0.9,0.9013227874903302,1.0,1520,vit_base,gz2,soft,d4,224,full,bce,0,0,False,True
vit_base_soft_d4_s224_full_bce_nfull_seed0,14,0.9666666666666667,0.9707585500245555,1.0,2827,vit_base,gz2,soft,d4,224,full,bce,0,0,False,True
vit_small_hard_conf_d4_s224_full_bce_nfull_seed0,0,0.03333333333333333,0.0005920770337691506,0.02172947689392818,33779,vit_small,gz2,hard_conf,d4,224,full,bce,0,0,False,True
vit_small_hard_conf_d4_s224_full_bce_nfull_seed0,1,0.1,0.09425234230964077,0.3217391304347826,230,vit_small,gz2,hard_conf,d4,224,full,bce,0,0,False,True
vit_small_hard_conf_d4_s224_full_bce_nfull_seed0,2,0.16666666666666669,0.16737111851021094,0.34074074074074073,135,vit_small,gz2,hard_conf,d4,224,full,bce,0,0,False,True
vit_small_hard_conf_d4_s224_full_bce_nfull_seed0,3,0.23333333333333334,0.23213456583838177,0.36752136752136755,117,vit_small,gz2,hard_conf,d4,224,full,bce,0,0,False,True
vit_small_hard_conf_d4_s224_full_bce_nfull_seed0,4,0.3,0.29576051168227463,0.3146067415730337,89,vit_small,gz2,hard_conf,d4,224,full,bce,0,0,False,True
vit_small_hard_conf_d4_s224_full_bce_nfull_seed0,5,0.3666666666666667,0.36947948057600793,0.2872340425531915,94,vit_small,gz2,hard_conf,d4,224,full,bce,0,0,False,True
vit_small_hard_conf_d4_s224_full_bce_nfull_seed0,6,0.43333333333333335,0.4332740053217462,0.35106382978723405,94,vit_small,gz2,hard_conf,d4,224,full,bce,0,0,False,True
vit_small_hard_conf_d4_s224_full_bce_nfull_seed0,7,0.5,0.49642393894885717,0.5131578947368421,76,vit_small,gz2,hard_conf,d4,224,full,bce,0,0,False,True
vit_small_hard_conf_d4_s224_full_bce_nfull_seed0,8,0.5666666666666667,0.5667829158330204,0.40404040404040403,99,vit_small,gz2,hard_conf,d4,224,full,bce,0,0,False,True
vit_small_hard_conf_d4_s224_full_bce_nfull_seed0,9,0.6333333333333333,0.6325570862983989,0.42990654205607476,107,vit_small,gz2,hard_conf,d4,224,full,bce,0,0,False,True
vit_small_hard_conf_d4_s224_full_bce_nfull_seed0,10,0.7,0.7008009464903311,0.3522727272727273,88,vit_small,gz2,hard_conf,d4,224,full,bce,0,0,False,True
vit_small_hard_conf_d4_s224_full_bce_nfull_seed0,11,0.7666666666666666,0.7689576999707656,0.4818181818181818,110,vit_small,gz2,hard_conf,d4,224,full,bce,0,0,False,True
vit_small_hard_conf_d4_s224_full_bce_nfull_seed0,12,0.8333333333333334,0.8335111198179862,0.4852941176470588,136,vit_small,gz2,hard_conf,d4,224,full,bce,0,0,False,True
vit_small_hard_conf_d4_s224_full_bce_nfull_seed0,13,0.9,0.9034720594363828,0.5161290322580645,248,vit_small,gz2,hard_conf,d4,224,full,bce,0,0,False,True
vit_small_hard_conf_d4_s224_full_bce_nfull_seed0,14,0.9666666666666667,0.9984109736480541,0.8937610833467677,12406,vit_small,gz2,hard_conf,d4,224,full,bce,0,0,False,True
vit_small_hard_d4_s224_full_bce_nfull_seed0,0,0.03333333333333333,0.003450273474133313,0.00800354307045016,31611,vit_small,gz2,hard,d4,224,full,bce,0,0,False,True
vit_small_hard_d4_s224_full_bce_nfull_seed0,1,0.1,0.09750753920450382,0.14481094127111827,1243,vit_small,gz2,hard,d4,224,full,bce,0,0,False,True
vit_small_hard_d4_s224_full_bce_nfull_seed0,2,0.16666666666666669,0.16468453650280154,0.2733812949640288,834,vit_small,gz2,hard,d4,224,full,bce,0,0,False,True
vit_small_hard_d4_s224_full_bce_nfull_seed0,3,0.23333333333333334,0.23198974979089879,0.3173374613003096,646,vit_small,gz2,hard,d4,224,full,bce,0,0,False,True
vit_small_hard_d4_s224_full_bce_nfull_seed0,4,0.3,0.29988052530578235,0.4060721062618596,527,vit_small,gz2,hard,d4,224,full,bce,0,0,False,True
vit_small_hard_d4_s224_full_bce_nfull_seed0,5,0.3666666666666667,0.36546692518477747,0.4531914893617021,470,vit_small,gz2,hard,d4,224,full,bce,0,0,False,True
vit_small_hard_d4_s224_full_bce_nfull_seed0,6,0.43333333333333335,0.4320836370568639,0.47757847533632286,446,vit_small,gz2,hard,d4,224,full,bce,0,0,False,True
vit_small_hard_d4_s224_full_bce_nfull_seed0,7,0.5,0.49910746185252297,0.6009615384615384,416,vit_small,gz2,hard,d4,224,full,bce,0,0,False,True
vit_small_hard_d4_s224_full_bce_nfull_seed0,8,0.5666666666666667,0.568224763926206,0.5985915492957746,426,vit_small,gz2,hard,d4,224,full,bce,0,0,False,True
vit_small_hard_d4_s224_full_bce_nfull_seed0,9,0.6333333333333333,0.6333679475372643,0.657074340527578,417,vit_small,gz2,hard,d4,224,full,bce,0,0,False,True
vit_small_hard_d4_s224_full_bce_nfull_seed0,10,0.7,0.7009507697619749,0.7033707865168539,445,vit_small,gz2,hard,d4,224,full,bce,0,0,False,True
vit_small_hard_d4_s224_full_bce_nfull_seed0,11,0.7666666666666666,0.7665377492653697,0.7621052631578947,475,vit_small,gz2,hard,d4,224,full,bce,0,0,False,True
vit_small_hard_d4_s224_full_bce_nfull_seed0,12,0.8333333333333334,0.8340176849412998,0.7996661101836394,599,vit_small,gz2,hard,d4,224,full,bce,0,0,False,True
vit_small_hard_d4_s224_full_bce_nfull_seed0,13,0.9,0.9017631302996458,0.8744343891402715,884,vit_small,gz2,hard,d4,224,full,bce,0,0,False,True
vit_small_hard_d4_s224_full_bce_nfull_seed0,14,0.9666666666666667,0.9923519748116725,0.9874536981718246,8369,vit_small,gz2,hard,d4,224,full,bce,0,0,False,True
vit_small_hard_debiased_d4_s224_full_bce_nfull_seed0,0,0.03333333333333333,0.0277485579438911,0.0002731867231252561,7321,vit_small,gz2,hard_debiased,d4,224,full,bce,0,0,False,True
vit_small_hard_debiased_d4_s224_full_bce_nfull_seed0,1,0.1,0.09796428283718717,0.001552312946289972,3221,vit_small,gz2,hard_debiased,d4,224,full,bce,0,0,False,True
vit_small_hard_debiased_d4_s224_full_bce_nfull_seed0,2,0.16666666666666669,0.1659938752524396,0.0029787234042553193,2350,vit_small,gz2,hard_debiased,d4,224,full,bce,0,0,False,True
vit_small_hard_debiased_d4_s224_full_bce_nfull_seed0,3,0.23333333333333334,0.23250712163251164,0.0060882800608828,1971,vit_small,gz2,hard_debiased,d4,224,full,bce,0,0,False,True
vit_small_hard_debiased_d4_s224_full_bce_nfull_seed0,4,0.3,0.299512966767504,0.007514088916718848,1597,vit_small,gz2,hard_debiased,d4,224,full,bce,0,0,False,True
vit_small_hard_debiased_d4_s224_full_bce_nfull_seed0,5,0.3666666666666667,0.3654555220078755,0.009790209790209791,1430,vit_small,gz2,hard_debiased,d4,224,full,bce,0,0,False,True
vit_small_hard_debiased_d4_s224_full_bce_nfull_seed0,6,0.43333333333333335,0.43403343507390635,0.013729977116704805,1311,vit_small,gz2,hard_debiased,d4,224,full,bce,0,0,False,True
vit_small_hard_debiased_d4_s224_full_bce_nfull_seed0,7,0.5,0.4989350061022466,0.01935483870967742,1240,vit_small,gz2,hard_debiased,d4,224,full,bce,0,0,False,True
vit_small_hard_debiased_d4_s224_full_bce_nfull_seed0,8,0.5666666666666667,0.5656855661981607,0.036051502145922745,1165,vit_small,gz2,hard_debiased,d4,224,full,bce,0,0,False,True
vit_small_hard_debiased_d4_s224_full_bce_nfull_seed0,9,0.6333333333333333,0.6344839592774709,0.044444444444444446,1170,vit_small,gz2,hard_debiased,d4,224,full,bce,0,0,False,True
vit_small_hard_debiased_d4_s224_full_bce_nfull_seed0,10,0.7,0.7006870549586084,0.05310457516339869,1224,vit_small,gz2,hard_debiased,d4,224,full,bce,0,0,False,True
vit_small_hard_debiased_d4_s224_full_bce_nfull_seed0,11,0.7666666666666666,0.7677927662092182,0.0681470137825421,1306,vit_small,gz2,hard_debiased,d4,224,full,bce,0,0,False,True
vit_small_hard_debiased_d4_s224_full_bce_nfull_seed0,12,0.8333333333333334,0.8348890913622921,0.09498525073746313,1695,vit_small,gz2,hard_debiased,d4,224,full,bce,0,0,False,True
vit_small_hard_debiased_d4_s224_full_bce_nfull_seed0,13,0.9,0.9026651040812959,0.1488469601677149,2385,vit_small,gz2,hard_debiased,d4,224,full,bce,0,0,False,True
vit_small_hard_debiased_d4_s224_full_bce_nfull_seed0,14,0.9666666666666667,0.9903554695105011,0.6306589946802735,18422,vit_small,gz2,hard_debiased,d4,224,full,bce,0,0,False,True
vit_small_soft_d4_s112_full_bce_nfull_seed0,0,0.03333333333333333,0.05650168419627829,0.0,2480,vit_small,gz2,soft,d4,112,full,bce,0,0,False,True
vit_small_soft_d4_s112_full_bce_nfull_seed0,1,0.1,0.09467723922599729,0.0,15976,vit_small,gz2,soft,d4,112,full,bce,0,0,False,True
vit_small_soft_d4_s112_full_bce_nfull_seed0,2,0.16666666666666669,0.16359832414312214,0.0005608524957936063,5349,vit_small,gz2,soft,d4,112,full,bce,0,0,False,True
vit_small_soft_d4_s112_full_bce_nfull_seed0,3,0.23333333333333334,0.23164056828414378,0.005857740585774059,3585,vit_small,gz2,soft,d4,112,full,bce,0,0,False,True
vit_small_soft_d4_s112_full_bce_nfull_seed0,4,0.3,0.2988987850901963,0.029926156237854645,2573,vit_small,gz2,soft,d4,112,full,bce,0,0,False,True
vit_small_soft_d4_s112_full_bce_nfull_seed0,5,0.3666666666666667,0.3657393685808259,0.08701532912533815,2218,vit_small,gz2,soft,d4,112,full,bce,0,0,False,True
vit_small_soft_d4_s112_full_bce_nfull_seed0,6,0.43333333333333335,0.4332145817223775,0.24833929483903935,1957,vit_small,gz2,soft,d4,112,full,bce,0,0,False,True
vit_small_soft_d4_s112_full_bce_nfull_seed0,7,0.5,0.4998371725952303,0.4394829612220917,1702,vit_small,gz2,soft,d4,112,full,bce,0,0,False,True
vit_small_soft_d4_s112_full_bce_nfull_seed0,8,0.5666666666666667,0.5668695186263074,0.6459240821406347,1607,vit_small,gz2,soft,d4,112,full,bce,0,0,False,True
vit_small_soft_d4_s112_full_bce_nfull_seed0,9,0.6333333333333333,0.6330145870770642,0.8172110552763819,1592,vit_small,gz2,soft,d4,112,full,bce,0,0,False,True
vit_small_soft_d4_s112_full_bce_nfull_seed0,10,0.7,0.6993066536322716,0.9220430107526881,1488,vit_small,gz2,soft,d4,112,full,bce,0,0,False,True
vit_small_soft_d4_s112_full_bce_nfull_seed0,11,0.7666666666666666,0.7662101166533807,0.9773462783171522,1545,vit_small,gz2,soft,d4,112,full,bce,0,0,False,True
vit_small_soft_d4_s112_full_bce_nfull_seed0,12,0.8333333333333334,0.8331609325512017,0.9944211994421199,1434,vit_small,gz2,soft,d4,112,full,bce,0,0,False,True
vit_small_soft_d4_s112_full_bce_nfull_seed0,13,0.9,0.900670984826862,0.9993804213135068,1614,vit_small,gz2,soft,d4,112,full,bce,0,0,False,True
vit_small_soft_d4_s112_full_bce_nfull_seed0,14,0.9666666666666667,0.9693910661596983,1.0,2688,vit_small,gz2,soft,d4,112,full,bce,0,0,False,True
vit_small_soft_d4_s160_full_bce_nfull_seed0,0,0.03333333333333333,0.05677189426393521,0.0,2981,vit_small,gz2,soft,d4,160,full,bce,0,0,False,True
vit_small_soft_d4_s160_full_bce_nfull_seed0,1,0.1,0.09337842990270899,0.0,15864,vit_small,gz2,soft,d4,160,full,bce,0,0,False,True
vit_small_soft_d4_s160_full_bce_nfull_seed0,2,0.16666666666666669,0.16338307080518413,0.0005538120731031936,5417,vit_small,gz2,soft,d4,160,full,bce,0,0,False,True
vit_small_soft_d4_s160_full_bce_nfull_seed0,3,0.23333333333333334,0.2319637533623914,0.005889281507656066,3396,vit_small,gz2,soft,d4,160,full,bce,0,0,False,True
vit_small_soft_d4_s160_full_bce_nfull_seed0,4,0.3,0.2990097755364143,0.026635330983157072,2553,vit_small,gz2,soft,d4,160,full,bce,0,0,False,True
vit_small_soft_d4_s160_full_bce_nfull_seed0,5,0.3666666666666667,0.36584335861553635,0.09476082004555808,2195,vit_small,gz2,soft,d4,160,full,bce,0,0,False,True
vit_small_soft_d4_s160_full_bce_nfull_seed0,6,0.43333333333333335,0.4321242036905078,0.24585635359116023,1810,vit_small,gz2,soft,d4,160,full,bce,0,0,False,True
vit_small_soft_d4_s160_full_bce_nfull_seed0,7,0.5,0.49997274923569635,0.44619105199516323,1654,vit_small,gz2,soft,d4,160,full,bce,0,0,False,True
vit_small_soft_d4_s160_full_bce_nfull_seed0,8,0.5666666666666667,0.567190084192488,0.6436781609195402,1566,vit_small,gz2,soft,d4,160,full,bce,0,0,False,True
vit_small_soft_d4_s160_full_bce_nfull_seed0,9,0.6333333333333333,0.6325790019492539,0.8307593307593307,1554,vit_small,gz2,soft,d4,160,full,bce,0,0,False,True
vit_small_soft_d4_s160_full_bce_nfull_seed0,10,0.7,0.69891208426438,0.9416553595658074,1474,vit_small,gz2,soft,d4,160,full,bce,0,0,False,True
vit_small_soft_d4_s160_full_bce_nfull_seed0,11,0.7666666666666666,0.7672925595953428,0.9781121751025992,1462,vit_small,gz2,soft,d4,160,full,bce,0,0,False,True
vit_small_soft_d4_s160_full_bce_nfull_seed0,12,0.8333333333333334,0.833493320726686,0.9965277777777778,1440,vit_small,gz2,soft,d4,160,full,bce,0,0,False,True
vit_small_soft_d4_s160_full_bce_nfull_seed0,13,0.9,0.9011167273905355,1.0,1627,vit_small,gz2,soft,d4,160,full,bce,0,0,False,True
vit_small_soft_d4_s160_full_bce_nfull_seed0,14,0.9666666666666667,0.9692458377849992,1.0,2815,vit_small,gz2,soft,d4,160,full,bce,0,0,False,True
vit_small_soft_d4_s224_frozen_bce_nfull_seed0,0,0.03333333333333333,0.054245295435308254,0.0,3596,vit_small,gz2,soft,d4,224,frozen,bce,0,0,False,True
vit_small_soft_d4_s224_frozen_bce_nfull_seed0,1,0.1,0.09822534595686291,0.0015986537652503156,11885,vit_small,gz2,soft,d4,224,frozen,bce,0,0,False,True
vit_small_soft_d4_s224_frozen_bce_nfull_seed0,2,0.16666666666666669,0.16363995831554032,0.011799829400056867,7034,vit_small,gz2,soft,d4,224,frozen,bce,0,0,False,True
vit_small_soft_d4_s224_frozen_bce_nfull_seed0,3,0.23333333333333334,0.2314992151472441,0.06066493955094991,4632,vit_small,gz2,soft,d4,224,frozen,bce,0,0,False,True
vit_small_soft_d4_s224_frozen_bce_nfull_seed0,4,0.3,0.2980957674723232,0.13345143194567463,3387,vit_small,gz2,soft,d4,224,frozen,bce,0,0,False,True
vit_small_soft_d4_s224_frozen_bce_nfull_seed0,5,0.3666666666666667,0.36581435833940584,0.24450846236946344,2777,vit_small,gz2,soft,d4,224,frozen,bce,0,0,False,True
vit_small_soft_d4_s224_frozen_bce_nfull_seed0,6,0.43333333333333335,0.4321793376263626,0.4144651364226938,2309,vit_small,gz2,soft,d4,224,frozen,bce,0,0,False,True
vit_small_soft_d4_s224_frozen_bce_nfull_seed0,7,0.5,0.49968487526225425,0.519240379810095,2001,vit_small,gz2,soft,d4,224,frozen,bce,0,0,False,True
vit_small_soft_d4_s224_frozen_bce_nfull_seed0,8,0.5666666666666667,0.5658576127919334,0.6584243818286372,1739,vit_small,gz2,soft,d4,224,frozen,bce,0,0,False,True
vit_small_soft_d4_s224_frozen_bce_nfull_seed0,9,0.6333333333333333,0.6327143863725514,0.7925233644859813,1605,vit_small,gz2,soft,d4,224,frozen,bce,0,0,False,True
vit_small_soft_d4_s224_frozen_bce_nfull_seed0,10,0.7,0.7000356348003516,0.8874824191279888,1422,vit_small,gz2,soft,d4,224,frozen,bce,0,0,False,True
vit_small_soft_d4_s224_frozen_bce_nfull_seed0,11,0.7666666666666666,0.7665553837244801,0.9380073800738007,1355,vit_small,gz2,soft,d4,224,frozen,bce,0,0,False,True
vit_small_soft_d4_s224_frozen_bce_nfull_seed0,12,0.8333333333333334,0.8343077135875653,0.9725363489499192,1238,vit_small,gz2,soft,d4,224,frozen,bce,0,0,False,True
vit_small_soft_d4_s224_frozen_bce_nfull_seed0,13,0.9,0.8999199449494422,0.9880668257756563,1257,vit_small,gz2,soft,d4,224,frozen,bce,0,0,False,True
vit_small_soft_d4_s224_frozen_bce_nfull_seed0,14,0.9666666666666667,0.9661973175313502,0.9993634627625716,1571,vit_small,gz2,soft,d4,224,frozen,bce,0,0,False,True
vit_small_soft_d4_s224_full_bce_nfull_seed0,0,0.03333333333333333,0.05645595023642715,0.0,2402,vit_small,gz2,soft,d4,224,full,bce,0,0,False,True
vit_small_soft_d4_s224_full_bce_nfull_seed0,1,0.1,0.0935138279074499,0.0,17057,vit_small,gz2,soft,d4,224,full,bce,0,0,False,True
vit_small_soft_d4_s224_full_bce_nfull_seed0,2,0.16666666666666669,0.16349680625904373,0.0005659309564233164,5301,vit_small,gz2,soft,d4,224,full,bce,0,0,False,True
vit_small_soft_d4_s224_full_bce_nfull_seed0,3,0.23333333333333334,0.23196681204683184,0.0035481963335304554,3382,vit_small,gz2,soft,d4,224,full,bce,0,0,False,True
vit_small_soft_d4_s224_full_bce_nfull_seed0,4,0.3,0.2990452274070624,0.032333463186599146,2567,vit_small,gz2,soft,d4,224,full,bce,0,0,False,True
vit_small_soft_d4_s224_full_bce_nfull_seed0,5,0.3666666666666667,0.36544670693068576,0.1186833565136764,2157,vit_small,gz2,soft,d4,224,full,bce,0,0,False,True
vit_small_soft_d4_s224_full_bce_nfull_seed0,6,0.43333333333333335,0.43219024424921154,0.25853385562395076,1787,vit_small,gz2,soft,d4,224,full,bce,0,0,False,True
vit_small_soft_d4_s224_full_bce_nfull_seed0,7,0.5,0.4998905852019893,0.5080405002977963,1679,vit_small,gz2,soft,d4,224,full,bce,0,0,False,True
vit_small_soft_d4_s224_full_bce_nfull_seed0,8,0.5666666666666667,0.5664743485111634,0.7242669993761697,1603,vit_small,gz2,soft,d4,224,full,bce,0,0,False,True
vit_small_soft_d4_s224_full_bce_nfull_seed0,9,0.6333333333333333,0.6322299157108009,0.8917597765363129,1432,vit_small,gz2,soft,d4,224,full,bce,0,0,False,True
vit_small_soft_d4_s224_full_bce_nfull_seed0,10,0.7,0.7003998047146718,0.9587988826815642,1432,vit_small,gz2,soft,d4,224,full,bce,0,0,False,True
vit_small_soft_d4_s224_full_bce_nfull_seed0,11,0.7666666666666666,0.7665372716321645,0.9914040114613181,1396,vit_small,gz2,soft,d4,224,full,bce,0,0,False,True
vit_small_soft_d4_s224_full_bce_nfull_seed0,12,0.8333333333333334,0.83421184125916,0.9992498124531133,1333,vit_small,gz2,soft,d4,224,full,bce,0,0,False,True
vit_small_soft_d4_s224_full_bce_nfull_seed0,13,0.9,0.9014902864890155,1.0,1591,vit_small,gz2,soft,d4,224,full,bce,0,0,False,True
vit_small_soft_d4_s224_full_bce_nfull_seed0,14,0.9666666666666667,0.9698250981545794,1.0,2689,vit_small,gz2,soft,d4,224,full,bce,0,0,False,True
vit_small_soft_d4_s224_full_bce_nfull_seed0_scratch,0,0.03333333333333333,0.057889132044486306,0.0,2370,vit_small,gz2,soft,d4,224,full,bce,0,0,False,False
vit_small_soft_d4_s224_full_bce_nfull_seed0_scratch,1,0.1,0.09400250333282646,6.225487144369047e-05,16063,vit_small,gz2,soft,d4,224,full,bce,0,0,False,False
vit_small_soft_d4_s224_full_bce_nfull_seed0_scratch,2,0.16666666666666669,0.16326576399592663,0.0013011152416356876,5380,vit_small,gz2,soft,d4,224,full,bce,0,0,False,False
vit_small_soft_d4_s224_full_bce_nfull_seed0_scratch,3,0.23333333333333334,0.23176682312570152,0.017529215358931552,3594,vit_small,gz2,soft,d4,224,full,bce,0,0,False,False
vit_small_soft_d4_s224_full_bce_nfull_seed0_scratch,4,0.3,0.29853767073877197,0.05551497443389335,2738,vit_small,gz2,soft,d4,224,full,bce,0,0,False,False
vit_small_soft_d4_s224_full_bce_nfull_seed0_scratch,5,0.3666666666666667,0.3663358149916998,0.12946428571428573,2240,vit_small,gz2,soft,d4,224,full,bce,0,0,False,False
vit_small_soft_d4_s224_full_bce_nfull_seed0_scratch,6,0.43333333333333335,0.43274624749070645,0.28516377649325625,2076,vit_small,gz2,soft,d4,224,full,bce,0,0,False,False
vit_small_soft_d4_s224_full_bce_nfull_seed0_scratch,7,0.5,0.4996811990936597,0.4772222222222222,1800,vit_small,gz2,soft,d4,224,full,bce,0,0,False,False
vit_small_soft_d4_s224_full_bce_nfull_seed0_scratch,8,0.5666666666666667,0.5658937150448762,0.6711739397664414,1627,vit_small,gz2,soft,d4,224,full,bce,0,0,False,False
vit_small_soft_d4_s224_full_bce_nfull_seed0_scratch,9,0.6333333333333333,0.6338639804222042,0.826486817903127,1631,vit_small,gz2,soft,d4,224,full,bce,0,0,False,False
vit_small_soft_d4_s224_full_bce_nfull_seed0_scratch,10,0.7,0.6994735242061654,0.9008766014834795,1483,vit_small,gz2,soft,d4,224,full,bce,0,0,False,False
vit_small_soft_d4_s224_full_bce_nfull_seed0_scratch,11,0.7666666666666666,0.7667997959945119,0.9724950884086444,1527,vit_small,gz2,soft,d4,224,full,bce,0,0,False,False
vit_small_soft_d4_s224_full_bce_nfull_seed0_scratch,12,0.8333333333333334,0.8333507046956405,0.9831649831649831,1485,vit_small,gz2,soft,d4,224,full,bce,0,0,False,False
vit_small_soft_d4_s224_full_bce_nfull_seed0_scratch,13,0.9,0.9003135652736618,0.9980879541108987,1569,vit_small,gz2,soft,d4,224,full,bce,0,0,False,False
vit_small_soft_d4_s224_full_bce_nfull_seed0_scratch,14,0.9666666666666667,0.9673215851355135,1.0,2225,vit_small,gz2,soft,d4,224,full,bce,0,0,False,False
vit_small_soft_d4_s224_full_focal_nfull_seed0,0,0.03333333333333333,0.026792831971549764,8.29153020189876e-05,24121,vit_small,gz2,soft,d4,224,full,focal,0,0,False,True
vit_small_soft_d4_s224_full_focal_nfull_seed0,1,0.1,0.09487824874318865,0.004382929642445213,4335,vit_small,gz2,soft,d4,224,full,focal,0,0,False,True
vit_small_soft_d4_s224_full_focal_nfull_seed0,2,0.16666666666666669,0.16412433052634842,0.03136531365313653,2168,vit_small,gz2,soft,d4,224,full,focal,0,0,False,True
vit_small_soft_d4_s224_full_focal_nfull_seed0,3,0.23333333333333334,0.23219716224189688,0.10183299389002037,1473,vit_small,gz2,soft,d4,224,full,focal,0,0,False,True
vit_small_soft_d4_s224_full_focal_nfull_seed0,4,0.3,0.2978469459380085,0.15417743324720068,1161,vit_small,gz2,soft,d4,224,full,focal,0,0,False,True
vit_small_soft_d4_s224_full_focal_nfull_seed0,5,0.3666666666666667,0.3647002062959391,0.2968591691995947,987,vit_small,gz2,soft,d4,224,full,focal,0,0,False,True
vit_small_soft_d4_s224_full_focal_nfull_seed0,6,0.43333333333333335,0.4322025779006663,0.4214780600461894,866,vit_small,gz2,soft,d4,224,full,focal,0,0,False,True
vit_small_soft_d4_s224_full_focal_nfull_seed0,7,0.5,0.4991196828229087,0.509090909090909,770,vit_small,gz2,soft,d4,224,full,focal,0,0,False,True
vit_small_soft_d4_s224_full_focal_nfull_seed0,8,0.5666666666666667,0.5667471155383677,0.5931603773584906,848,vit_small,gz2,soft,d4,224,full,focal,0,0,False,True
vit_small_soft_d4_s224_full_focal_nfull_seed0,9,0.6333333333333333,0.6328392245365262,0.7312572087658593,867,vit_small,gz2,soft,d4,224,full,focal,0,0,False,True
vit_small_soft_d4_s224_full_focal_nfull_seed0,10,0.7,0.7001281200279116,0.8104712041884817,955,vit_small,gz2,soft,d4,224,full,focal,0,0,False,True
vit_small_soft_d4_s224_full_focal_nfull_seed0,11,0.7666666666666666,0.7682505009910477,0.9004608294930876,1085,vit_small,gz2,soft,d4,224,full,focal,0,0,False,True
vit_small_soft_d4_s224_full_focal_nfull_seed0,12,0.8333333333333334,0.8349600393712306,0.9691756272401434,1395,vit_small,gz2,soft,d4,224,full,focal,0,0,False,True
vit_small_soft_d4_s224_full_focal_nfull_seed0,13,0.9,0.9029902590319441,0.9955665024630542,2030,vit_small,gz2,soft,d4,224,full,focal,0,0,False,True
vit_small_soft_d4_s224_full_focal_nfull_seed0,14,0.9666666666666667,0.9716034557333689,1.0,4747,vit_small,gz2,soft,d4,224,full,focal,0,0,False,True
vit_small_soft_d4_s224_full_smooth_nfull_seed0,0,0.03333333333333333,0.03333333333333333,,0,vit_small,gz2,soft,d4,224,full,smooth,0,0,False,True
vit_small_soft_d4_s224_full_smooth_nfull_seed0,1,0.1,0.1189948025426091,0.0,11247,vit_small,gz2,soft,d4,224,full,smooth,0,0,False,True
vit_small_soft_d4_s224_full_smooth_nfull_seed0,2,0.16666666666666669,0.15811459705776015,0.0,11208,vit_small,gz2,soft,d4,224,full,smooth,0,0,False,True
vit_small_soft_d4_s224_full_smooth_nfull_seed0,3,0.23333333333333334,0.23065740215985228,0.0015776425512733828,4437,vit_small,gz2,soft,d4,224,full,smooth,0,0,False,True
vit_small_soft_d4_s224_full_smooth_nfull_seed0,4,0.3,0.2981026386724548,0.01618646811265782,3089,vit_small,gz2,soft,d4,224,full,smooth,0,0,False,True
vit_small_soft_d4_s224_full_smooth_nfull_seed0,5,0.3666666666666667,0.3657685785288792,0.09036144578313253,2490,vit_small,gz2,soft,d4,224,full,smooth,0,0,False,True
vit_small_soft_d4_s224_full_smooth_nfull_seed0,6,0.43333333333333335,0.43181837278941443,0.24262131065532766,1999,vit_small,gz2,soft,d4,224,full,smooth,0,0,False,True
vit_small_soft_d4_s224_full_smooth_nfull_seed0,7,0.5,0.499377849619513,0.4911242603550296,1859,vit_small,gz2,soft,d4,224,full,smooth,0,0,False,True
vit_small_soft_d4_s224_full_smooth_nfull_seed0,8,0.5666666666666667,0.5661522759677836,0.7280311457174639,1798,vit_small,gz2,soft,d4,224,full,smooth,0,0,False,True
vit_small_soft_d4_s224_full_smooth_nfull_seed0,9,0.6333333333333333,0.6330481648675411,0.9027688345138442,1553,vit_small,gz2,soft,d4,224,full,smooth,0,0,False,True
vit_small_soft_d4_s224_full_smooth_nfull_seed0,10,0.7,0.699716701625306,0.9777777777777777,1620,vit_small,gz2,soft,d4,224,full,smooth,0,0,False,True
vit_small_soft_d4_s224_full_smooth_nfull_seed0,11,0.7666666666666666,0.7670570207240559,0.9953764861294584,1514,vit_small,gz2,soft,d4,224,full,smooth,0,0,False,True
vit_small_soft_d4_s224_full_smooth_nfull_seed0,12,0.8333333333333334,0.8348563773185015,1.0,1600,vit_small,gz2,soft,d4,224,full,smooth,0,0,False,True
vit_small_soft_d4_s224_full_smooth_nfull_seed0,13,0.9,0.9038856434423889,1.0,2395,vit_small,gz2,soft,d4,224,full,smooth,0,0,False,True
vit_small_soft_d4_s224_full_smooth_nfull_seed0,14,0.9666666666666667,0.9403195430089284,1.0,999,vit_small,gz2,soft,d4,224,full,smooth,0,0,False,True
vit_small_soft_d4_s224_partial_bce_nfull_seed0,0,0.03333333333333333,0.05765340323919913,0.0,2419,vit_small,gz2,soft,d4,224,partial,bce,0,0,False,True
vit_small_soft_d4_s224_partial_bce_nfull_seed0,1,0.1,0.09335904809479229,0.0002488181139586962,16076,vit_small,gz2,soft,d4,224,partial,bce,0,0,False,True
vit_small_soft_d4_s224_partial_bce_nfull_seed0,2,0.16666666666666669,0.16362680632234208,0.005515405096995055,5258,vit_small,gz2,soft,d4,224,partial,bce,0,0,False,True
vit_small_soft_d4_s224_partial_bce_nfull_seed0,3,0.23333333333333334,0.23148672131404427,0.022253129346314324,3595,vit_small,gz2,soft,d4,224,partial,bce,0,0,False,True
vit_small_soft_d4_s224_partial_bce_nfull_seed0,4,0.3,0.29836292033981676,0.06093189964157706,2790,vit_small,gz2,soft,d4,224,partial,bce,0,0,False,True
vit_small_soft_d4_s224_partial_bce_nfull_seed0,5,0.3666666666666667,0.365512109154675,0.16223524109959442,2219,vit_small,gz2,soft,d4,224,partial,bce,0,0,False,True
vit_small_soft_d4_s224_partial_bce_nfull_seed0,6,0.43333333333333335,0.4321105616251545,0.29411764705882354,1921,vit_small,gz2,soft,d4,224,partial,bce,0,0,False,True
vit_small_soft_d4_s224_partial_bce_nfull_seed0,7,0.5,0.49890372709507513,0.43613707165109034,1926,vit_small,gz2,soft,d4,224,partial,bce,0,0,False,True
vit_small_soft_d4_s224_partial_bce_nfull_seed0,8,0.5666666666666667,0.5662590916367138,0.6541176470588236,1700,vit_small,gz2,soft,d4,224,partial,bce,0,0,False,True
vit_small_soft_d4_s224_partial_bce_nfull_seed0,9,0.6333333333333333,0.6327615939549895,0.7871536523929471,1588,vit_small,gz2,soft,d4,224,partial,bce,0,0,False,True
vit_small_soft_d4_s224_partial_bce_nfull_seed0,10,0.7,0.7000155751602921,0.9006126616746086,1469,vit_small,gz2,soft,d4,224,partial,bce,0,0,False,True
vit_small_soft_d4_s224_partial_bce_nfull_seed0,11,0.7666666666666666,0.7659681656333875,0.9467040673211781,1426,vit_small,gz2,soft,d4,224,partial,bce,0,0,False,True
vit_small_soft_d4_s224_partial_bce_nfull_seed0,12,0.8333333333333334,0.8339149574039045,0.9857235561323816,1541,vit_small,gz2,soft,d4,224,partial,bce,0,0,False,True
vit_small_soft_d4_s224_partial_bce_nfull_seed0,13,0.9,0.9017909192792101,0.9963459196102314,1642,vit_small,gz2,soft,d4,224,partial,bce,0,0,False,True
vit_small_soft_d4_s224_partial_bce_nfull_seed0,14,0.9666666666666667,0.9668123479982483,1.0,2238,vit_small,gz2,soft,d4,224,partial,bce,0,0,False,True
vit_small_soft_debiased_d4_s224_full_bce_nfull_seed0,0,0.03333333333333333,0.06336831330106801,0.0,13,vit_small,gz2,soft_debiased,d4,224,full,bce,0,0,False,True
vit_small_soft_debiased_d4_s224_full_bce_nfull_seed0,1,0.1,0.11806091578263372,0.0,1584,vit_small,gz2,soft_debiased,d4,224,full,bce,0,0,False,True
vit_small_soft_debiased_d4_s224_full_bce_nfull_seed0,2,0.16666666666666669,0.1664767533843987,0.0003700277520814061,5405,vit_small,gz2,soft_debiased,d4,224,full,bce,0,0,False,True
vit_small_soft_debiased_d4_s224_full_bce_nfull_seed0,3,0.23333333333333334,0.23152573718205394,0.00023568230025925054,4243,vit_small,gz2,soft_debiased,d4,224,full,bce,0,0,False,True
vit_small_soft_debiased_d4_s224_full_bce_nfull_seed0,4,0.3,0.2988568397883284,0.0036708473539308656,3269,vit_small,gz2,soft_debiased,d4,224,full,bce,0,0,False,True
vit_small_soft_debiased_d4_s224_full_bce_nfull_seed0,5,0.3666666666666667,0.3664135647045325,0.00889218228973694,2699,vit_small,gz2,soft_debiased,d4,224,full,bce,0,0,False,True
vit_small_soft_debiased_d4_s224_full_bce_nfull_seed0,6,0.43333333333333335,0.43288624381949736,0.016611295681063124,2408,vit_small,gz2,soft_debiased,d4,224,full,bce,0,0,False,True
vit_small_soft_debiased_d4_s224_full_bce_nfull_seed0,7,0.5,0.49977365460933315,0.040224508886810104,2138,vit_small,gz2,soft_debiased,d4,224,full,bce,0,0,False,True
vit_small_soft_debiased_d4_s224_full_bce_nfull_seed0,8,0.5666666666666667,0.5667008635303382,0.07364897178383549,2091,vit_small,gz2,soft_debiased,d4,224,full,bce,0,0,False,True
vit_small_soft_debiased_d4_s224_full_bce_nfull_seed0,9,0.6333333333333333,0.6332389515968523,0.12099125364431487,2058,vit_small,gz2,soft_debiased,d4,224,full,bce,0,0,False,True
vit_small_soft_debiased_d4_s224_full_bce_nfull_seed0,10,0.7,0.7004264231220191,0.18733392382639505,2258,vit_small,gz2,soft_debiased,d4,224,full,bce,0,0,False,True
vit_small_soft_debiased_d4_s224_full_bce_nfull_seed0,11,0.7666666666666666,0.7669778062579239,0.2375207986688852,2404,vit_small,gz2,soft_debiased,d4,224,full,bce,0,0,False,True
vit_small_soft_debiased_d4_s224_full_bce_nfull_seed0,12,0.8333333333333334,0.8343421710434326,0.28459900638750885,2818,vit_small,gz2,soft_debiased,d4,224,full,bce,0,0,False,True
vit_small_soft_debiased_d4_s224_full_bce_nfull_seed0,13,0.9,0.9019934082724218,0.4095312909138518,3819,vit_small,gz2,soft_debiased,d4,224,full,bce,0,0,False,True
vit_small_soft_debiased_d4_s224_full_bce_nfull_seed0,14,0.9666666666666667,0.9797834860481256,0.8063390246203188,10601,vit_small,gz2,soft_debiased,d4,224,full,bce,0,0,False,True
vit_small_soft_w_d4_s224_full_bce_nfull_seed0,0,0.03333333333333333,0.05633483032043072,0.0,2756,vit_small,gz2,soft_w,d4,224,full,bce,0,0,False,True
vit_small_soft_w_d4_s224_full_bce_nfull_seed0,1,0.1,0.0933380830426962,0.0,16763,vit_small,gz2,soft_w,d4,224,full,bce,0,0,False,True
vit_small_soft_w_d4_s224_full_bce_nfull_seed0,2,0.16666666666666669,0.16380278127776593,0.000569692366122294,5266,vit_small,gz2,soft_w,d4,224,full,bce,0,0,False,True
vit_small_soft_w_d4_s224_full_bce_nfull_seed0,3,0.23333333333333334,0.231983486543303,0.0035190615835777126,3410,vit_small,gz2,soft_w,d4,224,full,bce,0,0,False,True
vit_small_soft_w_d4_s224_full_bce_nfull_seed0,4,0.3,0.29872286047024155,0.03667953667953668,2590,vit_small,gz2,soft_w,d4,224,full,bce,0,0,False,True
vit_small_soft_w_d4_s224_full_bce_nfull_seed0,5,0.3666666666666667,0.3655879747433691,0.11245916938870743,2143,vit_small,gz2,soft_w,d4,224,full,bce,0,0,False,True
vit_small_soft_w_d4_s224_full_bce_nfull_seed0,6,0.43333333333333335,0.4328711144460572,0.2861111111111111,1800,vit_small,gz2,soft_w,d4,224,full,bce,0,0,False,True
vit_small_soft_w_d4_s224_full_bce_nfull_seed0,7,0.5,0.4997772485759668,0.5015179113539769,1647,vit_small,gz2,soft_w,d4,224,full,bce,0,0,False,True
vit_small_soft_w_d4_s224_full_bce_nfull_seed0,8,0.5666666666666667,0.5666279542574644,0.7279644895370958,1577,vit_small,gz2,soft_w,d4,224,full,bce,0,0,False,True
vit_small_soft_w_d4_s224_full_bce_nfull_seed0,9,0.6333333333333333,0.6331514439721039,0.893719806763285,1449,vit_small,gz2,soft_w,d4,224,full,bce,0,0,False,True
vit_small_soft_w_d4_s224_full_bce_nfull_seed0,10,0.7,0.7003254072739344,0.961456102783726,1401,vit_small,gz2,soft_w,d4,224,full,bce,0,0,False,True
vit_small_soft_w_d4_s224_full_bce_nfull_seed0,11,0.7666666666666666,0.7665115607123003,0.9921985815602837,1410,vit_small,gz2,soft_w,d4,224,full,bce,0,0,False,True
vit_small_soft_w_d4_s224_full_bce_nfull_seed0,12,0.8333333333333334,0.8335525679826553,0.9992313604919293,1301,vit_small,gz2,soft_w,d4,224,full,bce,0,0,False,True
vit_small_soft_w_d4_s224_full_bce_nfull_seed0,13,0.9,0.9009929850155317,1.0,1594,vit_small,gz2,soft_w,d4,224,full,bce,0,0,False,True
vit_small_soft_w_d4_s224_full_bce_nfull_seed0,14,0.9666666666666667,0.9696782546015149,1.0,2701,vit_small,gz2,soft_w,d4,224,full,bce,0,0,False,True
