run_id,arch,dataset,label_mode,policy,size,finetune,loss,train_size,seed,orientation_pooled,pretrained,epochs_run,best_epoch,train_seconds,images_per_second,params,params_trainable,d4_invariance_error,test_accuracy,test_balanced_accuracy,test_precision,test_recall,test_f1,test_mcc,test_auc_roc,test_auc_pr,test_brier,test_ece,test_nll,test_tta_accuracy,test_tta_balanced_accuracy,test_tta_precision,test_tta_recall,test_tta_f1,test_tta_mcc,test_tta_auc_roc,test_tta_auc_pr,test_tta_brier,test_tta_ece,test_tta_nll,val_accuracy,val_balanced_accuracy,val_precision,val_recall,val_f1,val_mcc,val_auc_roc,val_auc_pr,val_brier,val_ece,val_nll,decals_accuracy,decals_balanced_accuracy,decals_precision,decals_recall,decals_f1,decals_mcc,decals_auc_roc,decals_auc_pr,decals_brier,decals_ece,decals_nll,decals_tta_accuracy,decals_tta_balanced_accuracy,decals_tta_precision,decals_tta_recall,decals_tta_f1,decals_tta_mcc,decals_tta_auc_roc,decals_tta_auc_pr,decals_tta_brier,decals_tta_ece,decals_tta_nll,val_threshold,temperature,test_accuracy_tuned,test_balanced_accuracy_tuned,test_f1_tuned,test_mcc_tuned,test_recall_tuned,test_precision_tuned,test_ece_calibrated,test_brier_calibrated,test_nll_calibrated,decals_accuracy_tuned,decals_balanced_accuracy_tuned,decals_f1_tuned,decals_mcc_tuned,decals_recall_tuned,decals_precision_tuned,decals_ece_calibrated,decals_brier_calibrated,decals_nll_calibrated
cnn_deep_hard_d4_s128_full_bce_nfull_seed0,cnn_deep,gz2,hard,d4,128,full,bce,0,0,False,True,20,19,1490.6755131157115,3280.2112621572273,4583233,4583233,0.05953383818268776,0.9407630522088354,0.9204644501275802,0.8931833007175473,0.8780057710804745,0.8855295068714631,0.8456328607791763,0.9852470802584684,0.9621480035020413,0.04236795050065333,0.0069679023320908485,0.13629762132932935,0.9437960174029452,0.9242534208644483,0.8994531951358851,0.883376082077589,0.8913421488940111,0.8535040459344304,0.9865783626877656,0.9654364343168906,0.04027741591734963,0.0034968597578953495,0.12965929387280228,0.9425523012552302,0.9212020244593042,0.9006589785831961,0.8765432098765432,0.8884374746079466,0.8499052949764928,0.9851891583477386,0.9622719383949039,0.041737074584353974,0.00559382840008095,0.13671439592591872,0.8956222132144305,0.9096641400674438,0.9730535489049421,0.8662719477337689,0.9165631581789706,0.7878746210421447,0.9680114263047674,0.9833836294257807,0.08143195853244649,0.04216627271649357,0.30722597357211867,0.9020402648290772,0.9165642918983132,0.9778973889143381,0.8716823193140057,0.9217400690846287,0.8013654912755253,0.9743991163237842,0.9863334466118677,0.07515822601363538,0.036478940267375755,0.2752809611587163,0.2823066739345838,1.1130012105672213,0.9324380856760375,0.9332651715180842,0.8783885542168676,0.834781892889259,0.9349951907662712,0.8282448168134053,0.0033363559258466546,0.04223033345719008,0.13565674826562787,0.9099446020807999,0.9113520084595912,0.930220384232843,0.8056097678656422,0.9070028583095141,0.9546577844633072,0.03509238724652303,0.08050109945448855,0.2922080953448126
cnn_deep_hard_d4_s128_full_bce_nfull_seed1,cnn_deep,gz2,hard,d4,128,full,bce,0,1,False,True,20,18,797.2204469162971,4854.962246030077,4583233,4583233,0.050115782767534256,0.9394661981258366,0.9198981641718023,0.8879352226720648,0.8789676178262263,0.8834286634979458,0.8425684032392782,0.9844126240325499,0.9601024818364595,0.04342247444726648,0.00617100518759876,0.14022292088195315,0.9428338353413654,0.9232913472594881,0.8968635437881873,0.8824142353318372,0.8895802189810512,0.8510684521261366,0.9860346390145498,0.9640235156684362,0.04106204705170164,0.00344820105768991,0.13227349490776286,0.9423430962343097,0.9209567676796724,0.9001811892604183,0.8762225428892095,0.8880402989925252,0.8493642730774401,0.9853433464654662,0.9624523378647359,0.041891609210553814,0.005194049349394,0.13553883030569194,,,,,,,,,,,,,,,,,,,,,,,0.228156492114067,1.073351900634741,0.9239876171352075,0.932059006479353,0.8669449326303457,0.8202831572118588,0.948941968579673,0.7979913723375573,0.0031059555891476635,0.04331936991249371,0.13955105303009196,,,,,,,,,
cnn_deep_hard_d4_s128_full_bce_nfull_seed2,cnn_deep,gz2,hard,d4,128,full,bce,0,2,False,True,20,17,1366.4975442774594,3074.940747930323,4583233,4583233,0.05865290015935898,0.9398636211512718,0.9223447817500079,0.8840707256580527,0.8857005450464892,0.8848848848848848,0.8441868430933729,0.9850854476097334,0.9617440493424657,0.04267943122292099,0.00511858387730845,0.13697941712114292,0.9437960174029452,0.9272867008925223,0.8919676463522063,0.8927540878486695,0.8923606938268637,0.8543299157850309,0.9865738799498094,0.9653968553955383,0.040262561920524874,0.0023301707674851907,0.12974825340734145,0.9418410041841004,0.9223284210356999,0.8941291266872662,0.8815135481802149,0.8877765218795415,0.8485681995149466,0.9854410052941824,0.9631807044539198,0.041549045662931515,0.003436032245145625,0.1348863937731719,,,,,,,,,,,,,,,,,,,,,,,0.2568320035934448,1.0677524269132117,0.9259956492637216,0.9329768153155882,0.8698403355161504,0.8240281220191494,0.9475793523565246,0.803889568883449,0.001973971808493178,0.04261205699334718,0.13664925252153298,,,,,,,,,
cnn_deep_hard_d4_s128_full_bce_nfull_seed3,cnn_deep,gz2,hard,d4,128,full,bce,0,3,False,True,20,19,804.0303499838337,5582.204652236076,4583233,4583233,0.052547477185726166,0.9403656291834003,0.9202992739380113,0.8915466601578391,0.8783263866623918,0.8848871482214237,0.8446925861006067,0.9850102891540208,0.9616593565925075,0.042624244805208975,0.006789029221073954,0.13746615179072835,0.9437751004016064,0.9238763128024782,0.9002944544413545,0.8822539275408785,0.8911829001700267,0.8533625189805415,0.9866216462904145,0.9655253568707126,0.04017368277249092,0.0035287539013157477,0.12954479631174795,0.9426359832635983,0.9216735118620416,0.8999013806706114,0.8778258778258778,0.8887265644022401,0.8502109977010337,0.9855732579599796,0.9635765309902832,0.04116743287402656,0.0054255668152764,0.1346768842436947,,,,,,,,,,,,,,,,,,,,,,,0.2120688259601593,1.1046746150655509,0.9251171352074966,0.9336787267804609,0.8689796515883472,0.8231752948292468,0.9515870471304906,0.7995689655172413,0.001715248227926612,0.042494449792344194,0.1366691143591073,,,,,,,,,
cnn_deep_hard_d4_s128_full_bce_nfull_seed4,cnn_deep,gz2,hard,d4,128,full,bce,0,4,False,True,20,19,1355.0419906564057,3400.9885216686944,4583233,4583233,0.05997834727168083,0.9404911311914324,0.9199434498069645,0.8930699534731859,0.8769637704392433,0.8849435839365875,0.844878532748177,0.9846190920009188,0.9607020208946919,0.04314219162074254,0.0068913231876732576,0.1391407704633442,0.9422063253012049,0.9213112747175358,0.8985638079606073,0.8776050016030779,0.8879607477393455,0.8491352280707978,0.9861600252332775,0.9643753511180025,0.0408601068195763,0.004054711304532744,0.13175115998897508,0.940418410041841,0.9174765332647157,0.8988894414056026,0.8694885361552028,0.8839445802770988,0.8440918153811183,0.9850766988757893,0.962074522598223,0.04225544388267416,0.005415370948810736,0.13686201166723003,,,,,,,,,,,,,,,,,,,,,,,0.2697101235389709,1.0988085243420656,0.9290286144578314,0.9313214372841185,0.8731636200515869,0.8278060009869329,0.9361173453029817,0.8181436077057793,0.004008107966407725,0.04302517033745119,0.13841890614889704,,,,,,,,,
cnn_deep_reg_hard_d4_s128_full_bce_nfull_seed0,cnn_deep_reg,gz2,hard,d4,128,full,bce,0,0,False,True,20,18,885.968659427017,5439.487894520836,4583233,4583233,0.04827238619327545,0.9392779451137885,0.921326329094599,0.8835643881721291,0.8837768515549855,0.8836706070927669,0.8425871359351291,0.9840369134233029,0.9589131516344951,0.043896136195105455,0.002413640233898666,0.14161623740836476,0.9409513052208835,0.9227436274613181,0.888575799049996,0.884658544405258,0.8866128449210747,0.846698334178738,0.9850726697648253,0.9613902176185062,0.042460702722887364,0.003300584548048781,0.13713489678831514,0.9402510460251046,0.9210971491256079,0.8890147225368064,0.8810325476992144,0.8850056369785795,0.8446629162358936,0.9847307650436601,0.9609325041804511,0.04277297708030121,0.0035102133121732862,0.13830728060231712,0.895960005404675,0.9107496076166338,0.9749194661757938,0.8650469579420171,0.9167027260926005,0.7893988689673572,0.9700427066124163,0.9832397341516123,0.07647716204319795,0.00624257361536985,0.2540136088144236,0.8987974598027294,0.9132840509722346,0.9759119064005506,0.8685177623519804,0.9190882575348385,0.794777231793014,0.9732099655178995,0.9848619884476746,0.07375930770878497,0.0052513216536367235,0.24435968671040517,0.2598256170749664,0.9571442887815479,0.9211638219544847,0.9307189173755896,0.8629005856462115,0.8150654674361675,0.9507053542802181,0.78994338994339,0.0030090212894145142,0.04389438445475823,0.1416254157603434,0.9196730171598433,0.9115714674444566,0.9391473463329751,0.8210438924574063,0.9366067782768477,0.9417017345786719,0.009118442572730166,0.0765254306122619,0.25462814372487874
cnn_deep_reg_hard_d4_s128_full_bce_nfull_seed1,cnn_deep_reg,gz2,hard,d4,128,full,bce,0,1,False,True,20,19,1357.488378347829,3313.608962869022,4583233,4583233,0.04530240595340729,0.9388805220883534,0.9175834380001224,0.890596892886345,0.8730362295607567,0.8817291346231684,0.8406032431441391,0.9839863453714751,0.9589463320480232,0.043785951408609344,0.0020159912408558873,0.14141459209246435,0.9408676372155288,0.9196018905829364,0.8958726511856897,0.875120230843219,0.885374853018692,0.8456443793492413,0.9850800404205033,0.9614867053171409,0.04233819748326458,0.002928069256490549,0.13677046495924863,0.9410041841004184,0.9186507267052286,0.898991568854356,0.8718935385602052,0.8852352270877422,0.8457244461695708,0.9850254707677946,0.9618731662863813,0.04218700420351534,0.00227407921519216,0.1367453567577623,,,,,,,,,,,,,,,,,,,,,,,0.2628418207168579,0.9678363200461259,0.9246360441767069,0.9305273665344628,0.8671900917837001,0.8201905502931517,0.9428502725232446,0.8027707636661434,0.003027384482851713,0.04378905808521746,0.14146743707640222,,,,,,,,,
cnn_deep_reg_hard_d4_s128_full_bce_nfull_seed2,cnn_deep_reg,gz2,hard,d4,128,full,bce,0,2,False,True,20,19,794.7953801853582,5473.8523239343185,4583233,4583233,0.042502693831920624,0.9399682061579652,0.9181119110630598,0.8949185989146522,0.8723949983969221,0.8835132721811836,0.843211320410993,0.9845398047076154,0.9601141910629036,0.04308955956875483,0.0018282559551486032,0.13908284298769388,0.9423736613119144,0.9212689337148972,0.899547883271681,0.877124078230202,0.8881944726269226,0.8495091111343113,0.9856337300187399,0.9628205566329296,0.0415481244742511,0.0038438699458187083,0.13431025015969367,0.9412970711297071,0.9187451630694567,0.9002981119576019,0.8715728715728716,0.8857026476578412,0.8464246621150298,0.985005754731547,0.9616894158276225,0.04220948533670453,0.0034221858945209962,0.13691754280794013,,,,,,,,,,,,,,,,,,,,,,,0.2407745867967605,0.9803799015681541,0.9252426372155288,0.9332192007681126,0.8689690570464877,0.823036362914349,0.9499038153254248,0.8007432432432432,0.002095324636176435,0.043091071698998194,0.13909959418400467,,,,,,,,,
cnn_deep_reg_hard_d4_s128_full_bce_nfull_seed3,cnn_deep_reg,gz2,hard,d4,128,full,bce,0,3,False,True,20,19,1367.672643557191,3299.1046436287374,4583233,4583233,0.041162095963954926,0.9409931392235609,0.9204127126165336,0.8945002860178148,0.87736453991664,0.8858495528669121,0.8461397780003853,0.985169076988284,0.9620814573615528,0.04205355246348247,0.0014262632391213307,0.136109372393769,0.9422899933065596,0.9214975079788199,0.898531703715856,0.8780057710804745,0.8881501601329711,0.8493730305983955,0.985951387356581,0.9638863018030999,0.04105092919620287,0.002514420982055463,0.13263743159058872,0.9427196652719665,0.9210041015981871,0.9020482325735051,0.8755812089145423,0.8886176877389961,0.8502463504295719,0.9858161954729167,0.9638405745408688,0.0409761901770015,0.0030362962772019445,0.13309902700786452,,,,,,,,,,,,,,,,,,,,,,,0.27247717046789954,0.9675373241409339,0.9295515394912985,0.9349159080101519,0.8751482799525504,0.8309957520223091,0.9461365822378968,0.8140689655172414,0.0014043296682134231,0.04205089259270397,0.13607942660766262,,,,,,,,,
cnn_deep_reg_hard_d4_s128_full_bce_nfull_seed4,cnn_deep_reg,gz2,hard,d4,128,full,bce,0,4,False,True,20,19,797.1393977608532,5557.100105298672,4583233,4583233,0.04062278941273689,0.9395080321285141,0.9178265040302718,0.8932381421303135,0.8724751522924014,0.882734571405401,0.8420890851081052,0.9844324640046124,0.9599929551596059,0.043202767363225335,0.002466826157593375,0.13951557318239488,0.9408885542168675,0.9190197562428659,0.8974464579901154,0.8732766912471946,0.885196620084498,0.8455466380784701,0.98528824272752,0.9621339743561592,0.04204337958196461,0.003392211173639826,0.13582904252181183,0.9418410041841004,0.919683612808601,0.9007772449148338,0.8733365400032067,0.8868446760013025,0.8479036937684709,0.9852091149341522,0.9622885697913977,0.04188914627124162,0.00424851584199231,0.1360854714946286,,,,,,,,,,,,,,,,,,,,,,,0.2628418207168579,0.9526717464810502,0.9270833333333334,0.9338163940224304,0.8715454344461641,0.8263148906840969,0.9478999679384418,0.8065748192606739,0.0023643512798030603,0.04319944448632696,0.1395211524796704,,,,,,,,,
cnn_deep_reg_soft_d4_s128_full_bce_nfull_seed0,cnn_deep_reg,gz2,soft,d4,128,full,bce,0,0,False,True,20,19,1162.367156947963,3664.666826281061,4583233,4583233,0.042894165962934494,0.9451765394912985,0.9287392078083705,0.8954337533103283,0.8943571657582559,0.8948951357420701,0.857812287323288,0.9874554865935826,0.9677008424722536,0.06341218477945629,0.13968526002200735,0.24852119712220028,0.9476029116465864,0.9324029658738052,0.8988080953523718,0.9006091696056429,0.8997077311126237,0.8642465754814442,0.9881253235692887,0.9695600177215475,0.06301721972495332,0.1423509585071284,0.24779952632657729,0.9474058577405857,0.9300346362283745,0.9036964980544747,0.8936988936988937,0.8986698911729142,0.8631822370069332,0.987668962777004,0.9685740679779611,0.0632644583277375,0.14204848979058124,0.24826702071526902,0.8782596946358601,0.902553726055479,0.9863713798977853,0.8274806043282973,0.8999666925724438,0.7664709120408607,0.9801604346731655,0.9890798131385857,0.09472263924309018,0.0884822424551012,0.32267751623561475,0.8846777462505067,0.9075979995911807,0.9869957856712823,0.8367701102490812,0.9056958179106126,0.777151337290682,0.9815439214877631,0.9897973243450815,0.09299812420648929,0.09497108311518078,0.3193238820886971,0.4355951902705771,0.2699530695225067,0.9347598728246319,0.9392951664070368,0.8835889971261149,0.8423995849776831,0.9487816607887143,0.826779353216456,0.002791796637740695,0.038906864836745256,0.12604026006148533,0.9073098229968923,0.9216199645766037,0.9260855511259563,0.8117936039898617,0.8773989383421805,0.9804928131416838,0.0652036375958005,0.09360578561532976,0.3351900078545685
cnn_deep_reg_soft_d4_s128_full_bce_nfull_seed1,cnn_deep_reg,gz2,soft,d4,128,full,bce,0,1,False,True,20,18,974.228812479414,4494.44176001945,4583233,4583233,0.04616642743349075,0.9454902945113789,0.9312329213582209,0.8909839961971161,0.901410708560436,0.8961670252609769,0.8592403454082769,0.9873266214888955,0.9673653424424925,0.063841769037037,0.14106658586508025,0.25009583111941985,0.9464733935742972,0.9325721030251513,0.8926902668884137,0.9034947098428984,0.8980599928295423,0.8617992610624203,0.9880401549510098,0.9693037436061281,0.06343464222714432,0.14230805781512978,0.24930745008605731,0.9468619246861925,0.9312742638527236,0.8978055422072722,0.8986692320025653,0.8982371794871795,0.862280408360685,0.9875708455413678,0.9684641327248805,0.06372859028625137,0.1428352536673358,0.24997099249601248,,,,,,,,,,,,,,,,,,,,,,,0.4448059499263763,0.2697567275832057,0.9360148929049531,0.938873907005946,0.8851511169513797,0.8442852042822792,0.9448541199102276,0.8325446712338442,0.004331448308672645,0.039374681897256965,0.12729358680497047,,,,,,,,,
cnn_deep_reg_soft_d4_s128_full_bce_nfull_seed2,cnn_deep_reg,gz2,soft,d4,128,full,bce,0,2,False,True,20,19,1209.138760912232,3631.035861226245,4583233,4583233,0.04454793035984039,0.9452183734939759,0.9287934362335244,0.8955140036915176,0.8944373196537352,0.8949753378513856,0.8579207864028496,0.9871907294202311,0.9671832464370302,0.06346317090183727,0.13958855575543408,0.24861024429141784,0.9473519076305221,0.9318701915602785,0.8988386063275932,0.8994870150689324,0.8991626938023316,0.8635389970516277,0.9880830268041958,0.9694188541770874,0.0629624772366356,0.14192682227746764,0.2476605221179682,0.9463598326359832,0.92854905740599,0.901995781275353,0.8912938912938912,0.8966129032258064,0.8604278905500988,0.9874801672061481,0.9680278819672256,0.06321148122143756,0.14065236239043302,0.24811277572536222,,,,,,,,,,,,,,,,,,,,,,,0.4248892068862915,0.27358445124616754,0.9314968206157965,0.9387467660312419,0.8790486390663663,0.836680401921826,0.9539115100993908,0.8150811588247381,0.0029904281806200535,0.0392894103603937,0.1271532440033034,,,,,,,,,
cnn_deep_reg_soft_d4_s128_full_bce_nfull_seed3,cnn_deep_reg,gz2,soft,d4,128,full,bce,0,3,False,True,20,19,1039.923810086213,4183.596222356452,4583233,4583233,0.043449532240629196,0.945281124497992,0.9296136547755298,0.8938328806518613,0.8968419365181148,0.895334880371289,0.8582949618829774,0.9875100779934699,0.9678715000818586,0.06327747965848417,0.13956101248191183,0.2481719488873016,0.9468708165997323,0.9320113660456084,0.8960459183673469,0.9009297851875601,0.8984812150279776,0.8625080429260402,0.9881760878543318,0.9696953859678317,0.06293189451178034,0.1415360363376722,0.2476381893120983,0.9466108786610878,0.9303783914929624,0.8987301076997267,0.8964245630912298,0.8975758548723711,0.8614728833103937,0.9878780281033579,0.9688285833983095,0.06301693845350004,0.14085789886587705,0.24763214947887624,,,,,,,,,,,,,,,,,,,,,,,0.4419138133525848,0.26990304934986564,0.9373326639892905,0.9402321085489007,0.8874022850270595,0.847366791000429,0.9462968900288554,0.8354090008491367,0.00285522274703594,0.03884070189578882,0.12577217761710985,,,,,,,,,
cnn_deep_reg_soft_d4_s128_full_bce_nfull_seed4,cnn_deep_reg,gz2,soft,d4,128,full,bce,0,4,False,True,20,19,1135.8808976998553,3610.3644280759595,4583233,4583233,0.04543633386492729,0.9443607764390897,0.9286539586550726,0.8915124441608169,0.8957999358768837,0.8936510474972015,0.855980938743102,0.9872382155897138,0.9672447691242015,0.06373425325010332,0.13954258846014478,0.24952975220749612,0.9464315595716198,0.9311438246727501,0.8959348294864627,0.899166399487015,0.897547705724687,0.8612853955186318,0.9879784957524878,0.9691506216214949,0.06323200601195786,0.14157041263897654,0.24850385088246757,0.9450627615062761,0.9277233757691966,0.8973531310522918,0.8914542247875581,0.8943939515804713,0.8572780083201073,0.9873881908077685,0.9679379939664439,0.06357479274188958,0.14021203181632327,0.2493081989354055,,,,,,,,,,,,,,,,,,,,,,,0.4416530118271665,0.2730564614803118,0.9363286479250335,0.9389565518155325,0.8856069146937241,0.8448768841335971,0.9444533504328311,0.8336635064383755,0.00343967128199994,0.03938023889397987,0.12704276258768002,,,,,,,,,
cnn_deep_soft_d4_s128_full_bce_nfull_seed0,cnn_deep,gz2,soft,d4,128,full,bce,0,0,False,True,20,19,833.2039611749351,4944.267248728433,4583233,4583233,0.05336493253707886,0.9463897255689424,0.9300525774345795,0.898400450124588,0.8958800897723629,0.8971384998194004,0.8608878692051779,0.9879983482018068,0.9689969347819244,0.06260723277506387,0.13938974007184762,0.24607336655853376,0.9489625167336011,0.9337376194309377,0.9024703240295155,0.901891631933312,0.9021808851828095,0.8676552754966549,0.9890383139159395,0.9718061721397878,0.06191206914977477,0.1420611683690314,0.2446877652268991,0.9465690376569038,0.9291054680946922,0.9016844833171364,0.8925765592432259,0.897107404721618,0.8610442400743006,0.9881012541187293,0.9694146746214984,0.06237282314858227,0.13920608143965132,0.24553056271423676,0.8725172274017025,0.8969942479804145,0.9832579738482219,0.8213556553695386,0.8950442182546304,0.7554949309321826,0.9732936441969923,0.9861874389399938,0.09750936549323663,0.07899579394710914,0.32748818780675293,0.880624239967572,0.904486686209297,0.9867830726324724,0.8307472437729686,0.9020672837111345,0.7704947653030784,0.9792381339207976,0.9890915743970476,0.09382657223872391,0.08776492852686936,0.31949803857165243,0.4368622601032257,0.2707754899799252,0.9363495649263721,0.9402669768092176,0.8860683664682317,0.8456909161458841,0.9484610452067971,0.8313777840230451,0.0026416788827896714,0.038069795035160864,0.12325978375688824,0.8987974598027294,0.9133328898747392,0.9190795159896283,0.7948317121195196,0.8684156798693344,0.9760211106011932,0.07056820860066423,0.09949991512979943,0.3649579444391622
cnn_deep_soft_d4_s128_full_bce_nfull_seed1,cnn_deep,gz2,soft,d4,128,full,bce,0,1,False,True,20,18,1357.4280925309286,3394.1393914951946,4583233,4583233,0.059280261397361755,0.9467453145917001,0.9325745939392585,0.8940476190476191,0.9029336325745432,0.8984686552879246,0.8623962274589493,0.9880191466540246,0.968879653284493,0.06270802177172811,0.14014397014713711,0.24667503728290865,0.9492553547523427,0.9357245975671908,0.8990628970775095,0.907422250721385,0.9032232328067656,0.8688533839949454,0.9891729264986692,0.9721054559667722,0.06207322809783164,0.14308695577632344,0.24546445182753668,0.9487866108786611,0.9334061646617082,0.9023920372451437,0.9012345679012346,0.9018129311727899,0.8671724214314638,0.9885828900152628,0.9705078468363163,0.06237551603554181,0.14231884030570668,0.24597103546254057,,,,,,,,,,,,,,,,,,,,,,,0.4311051070690155,0.26413917562406364,0.9349062918340026,0.9418312209595259,0.8846296433602729,0.8442417522976768,0.9563161269637704,0.8229410953234929,0.003732232247034728,0.038164742284459714,0.12389471976264024,,,,,,,,,
cnn_deep_soft_d4_s128_full_bce_nfull_seed2,cnn_deep,gz2,soft,d4,128,full,bce,0,2,False,True,20,19,830.0507698068395,5246.357120590488,4583233,4583233,0.0539964996278286,0.9455321285140562,0.928564975399206,0.897679664840477,0.8930747034305867,0.8953712632594022,0.8585596782298067,0.9878665985822859,0.968711628649515,0.06239412913776967,0.1378578959054945,0.24540858074469804,0.9487951807228916,0.9335466312006475,0.9020850040096231,0.901651170246874,0.9018680349555039,0.8672282081084748,0.9890364457303591,0.9717389993328396,0.06178152234964379,0.14156967877396948,0.24433683928962452,0.9469037656903766,0.9291763532360637,0.9032467532467533,0.8920955587622255,0.8976365249657176,0.8618242766322819,0.9879045203923952,0.9690749144603079,0.06229717664491995,0.13908007994083743,0.24524774220540008,,,,,,,,,,,,,,,,,,,,,,,0.4419138133525848,0.27407215199755547,0.9380229250334672,0.9403620761893403,0.8883950431278015,0.8486487954825592,0.9452548893876243,0.8379876358985291,0.0037080677284434998,0.03831194532789892,0.12386997548195658,,,,,,,,,
cnn_deep_soft_d4_s128_full_bce_nfull_seed3,cnn_deep,gz2,soft,d4,128,full,bce,0,3,False,True,20,19,1269.8793799215928,3830.1156173568143,4583233,4583233,0.05407150834798813,0.9465779785809906,0.930568822786189,0.8980901941903386,0.8970823982045527,0.8975860133130162,0.8614505630787906,0.9879632939169393,0.968875704945114,0.06255559810710466,0.1394069822338909,0.2459209086359366,0.9482722556894244,0.9331150678543152,0.9004724157258387,0.901410708560436,0.900941317844983,0.8659385025957141,0.9890094767076754,0.9716983178975499,0.06192863412855782,0.14141499697187274,0.2447665307251022,0.9484518828451883,0.9324536767779705,0.90304396843292,0.898989898989899,0.9010123734533183,0.8661690767992289,0.9884285975078404,0.9701990171550925,0.062233253599678864,0.14122267740938396,0.24524975135875154,,,,,,,,,,,,,,,,,,,,,,,0.4315841495990753,0.26639355927260705,0.9363286479250335,0.941963906373281,0.8865956337083675,0.8466902150272613,0.9537512023084322,0.828275093971878,0.0025529895770735997,0.038060996762007304,0.12351583621292629,,,,,,,,,
cnn_deep_soft_d4_s128_full_bce_nfull_seed4,cnn_deep,gz2,soft,d4,128,full,bce,0,4,False,True,20,19,836.4384759701788,5296.148597933046,4583233,4583233,0.05509789288043976,0.9465361445783133,0.9306182962423367,0.8977546110665597,0.8973228598909907,0.897538683556482,0.8613706267184307,0.9877757460065429,0.9686291564810643,0.06274804147852234,0.1396147834067809,0.24639205099983208,0.9491926037483266,0.9340229130341213,0.9029437715569102,0.9022924014107085,0.9026179689692498,0.8682485172606494,0.9889920017428596,0.9716628510091976,0.061974601209645874,0.14234233314710343,0.24484248826180016,0.9457740585774058,0.9283601846775336,0.8994341147938562,0.8919352252685586,0.8956689744002577,0.8590506464260799,0.9880126000358502,0.9691383947486288,0.06260676938913033,0.13883666926753324,0.24611327140427983,,,,,,,,,,,,,,,,,,,,,,,0.4267993569374084,0.2697673620341747,0.9333165997322623,0.9402371992695351,0.8819696408737505,0.8406078520745445,0.9547130490541841,0.8195266272189349,0.0029590387893760487,0.03830875875258845,0.12422423349494618,,,,,,,,,
cnn_small_hard_d4_s128_full_bce_nfull_seed0,cnn_small,gz2,hard,d4,128,full,bce,0,0,False,True,20,19,1367.1378401070833,3100.5089667342722,2071835,2071835,0.068917416036129,0.9327727576974565,0.9100031190418831,0.8778557441253264,0.862375761462007,0.8700469027979945,0.8247694297936063,0.9806699064853674,0.9503859088637103,0.048194025762701924,0.005942517408885157,0.15600741785204997,0.9366842369477911,0.914049420715919,0.8879855465221319,0.8667040718178903,0.8772157546748874,0.8346796251680247,0.9827672924611202,0.9559209811538656,0.04545114762827891,0.003855766276944866,0.1468878882416294,0.93418410041841,0.9104064325619743,0.8840579710144928,0.8606701940035273,0.8722073279714031,0.828031897709889,0.9814733617787081,0.9531583349665567,0.04687692970764856,0.005075822825719216,0.15220434884438777,0.8870422915822186,0.8647945250509514,0.8995671847334251,0.9335443037974683,0.916240857629496,0.744220025537624,0.950868420941012,0.9747896955417362,0.08297539963878726,0.015074983718501772,0.2759544643647416,0.9098094852047021,0.8905422313150719,0.9166748744213533,0.9500816659861168,0.9330793523484887,0.7961425647893491,0.9662497387781457,0.9821055494875566,0.06776876043937748,0.010060307639530518,0.22745754470004262,0.2598256170749664,1.0649478693300076,0.919929718875502,0.9242063022068827,0.8588079079374447,0.8084103723879075,0.9331516511702469,0.7954359114512162,0.0027912305800379205,0.04810971771995442,0.1555632176992399,0.8502905012836103,0.794684761299915,0.8952344931921331,0.6597617846116274,0.9665169456921192,0.8337442761535752,0.01129692365566152,0.08286342929245068,0.27394332065842625
cnn_small_hard_d4_s128_full_bce_nfull_seed1,cnn_small,gz2,hard,d4,128,full,bce,0,1,False,True,20,19,1379.29726875294,3048.9667066145184,2071835,2071835,0.0621018186211586,0.9325845046854083,0.9088387369321382,0.8796881411571604,0.8591696056428343,0.8693078139572605,0.8239973505617619,0.9804752669561196,0.9503801212942182,0.04843237505219396,0.005011289435054258,0.15631658414930996,0.9358057228915663,0.9130921020799649,0.8858174062833237,0.8655819172811798,0.8755827623951028,0.8324350299066365,0.9821207743434358,0.9543534929585658,0.04615793769886032,0.0035385017174402633,0.14955662313746987,0.9357322175732218,0.9121798455433738,0.8876793666501732,0.862914862914863,0.8751219512195122,0.8320169311033588,0.9809884171827218,0.9525720570433336,0.047176799956211296,0.005946844820018867,0.15373074810697474,,,,,,,,,,,,,,,,,,,,,,,0.2436424344778061,1.0466899152711597,0.9188211178045516,0.9251673549454056,0.8578232040150932,0.8074237819102389,0.9384418082718821,0.7899601916199986,0.0030076747829267465,0.048372658376197156,0.15609031490401656,,,,,,,,,
cnn_small_hard_d4_s128_full_bce_nfull_seed2,cnn_small,gz2,hard,d4,128,full,bce,0,2,False,True,20,18,1350.9450304582715,3003.592977082358,2071835,2071835,0.0618659108877182,0.9331074297188755,0.9088036418126131,0.8824402308326463,0.8579672972106445,0.8700316995854671,0.825155682114239,0.9803910398035551,0.9500869059052064,0.048446869829303685,0.004451616418822243,0.1567023480597465,0.935889390896921,0.9124227948205103,0.8878905283983184,0.8633376082077588,0.8754419474133376,0.8324381684265384,0.9825064815036969,0.9551827477170693,0.04581576013444276,0.001970590588433654,0.1480585105237599,0.9325941422594142,0.90761939110653,0.8826935804103243,0.855379188712522,0.8688217571858969,0.8236650184069514,0.980705984055736,0.9516025296882394,0.04806132203577536,0.004929527182534421,0.15505871434439086,,,,,,,,,,,,,,,,,,,,,,,0.1993079930543899,1.0425104335241409,0.9125669344042838,0.9236323121123906,0.8496619191483239,0.7972418926587996,0.9467778134017313,0.7706158663883089,0.002693793276944025,0.04839930310485969,0.1565217198637986,,,,,,,,,
cnn_small_hard_d4_s128_full_bce_nfull_seed3,cnn_small,gz2,hard,d4,128,full,bce,0,3,False,True,20,18,793.7913780622184,5355.401011776431,2071835,2071835,0.05318446457386017,0.9330446787148594,0.9088908147319974,0.8819072716791567,0.858368066688041,0.8699784719119379,0.8250400529870093,0.9812507613395031,0.9523302081477371,0.04758351823055643,0.006198268908417708,0.15333486546621589,0.936830655957162,0.9132670150667546,0.89067922657412,0.8639788393715935,0.8771258849377492,0.8348017645724174,0.9829483249750536,0.9564685544051358,0.04524287568290117,0.0032074023117559403,0.14614114948944038,0.9355230125523013,0.9103269602335446,0.8912029323558813,0.8576238576238576,0.8740910205082115,0.8310552696126804,0.9819402560348793,0.9543853290957052,0.046460909341541734,0.005123839233132211,0.1503677479166012,,,,,,,,,,,,,,,,,,,,,,,0.2254165858030319,1.0658052827040074,0.9192812918340026,0.9262046006176305,0.8588050199407266,0.8088837591342113,0.9406861173453029,0.7900370245708516,0.003248781243348397,0.04748605965131214,0.15295036595889064,,,,,,,,,
cnn_small_hard_d4_s128_full_bce_nfull_seed4,cnn_small,gz2,hard,d4,128,full,bce,0,4,False,True,20,19,1354.345617157407,3330.772992841868,2071835,2071835,0.0635523796081543,0.9335676037483266,0.9099186638958143,0.8820870994248151,0.8604520679705033,0.8711352755010956,0.8265088937970926,0.9806826242125853,0.9506362650575058,0.04831865142006304,0.006645109399641261,0.15576608622751906,0.9364332329317269,0.913257391699138,0.8886417922741126,0.8647803783263867,0.8765487264898242,0.8338960169015833,0.9826625458931642,0.9553916549642897,0.04565564323181057,0.002294994981820236,0.14742455279921424,0.9359414225941423,0.9109211917624984,0.8919053964023984,0.8585858585858586,0.8749285189118536,0.8321666631219199,0.9814724495035503,0.9541108258077166,0.046536945269584365,0.005141408174381791,0.15179674568832802,,,,,,,,,,,,,,,,,,,,,,,0.24081711295000308,1.0596895093534222,0.9183818607764391,0.9238590805770152,0.8567547723935389,0.8057957200387673,0.9353158063481886,0.7903684638309402,0.004291916326814549,0.048230491959148365,0.15538077195618147,,,,,,,,,
cnn_small_soft_d4_s128_full_bce_nfull_seed0,cnn_small,gz2,soft,d4,128,full,bce,0,0,False,True,20,19,974.562307308428,4774.338744692109,2071835,2071835,0.06941574066877365,0.9389641900937081,0.9205696220565517,0.8837937680693865,0.8820936197499198,0.8829428754813865,0.8416636500092678,0.9840227528715203,0.9593426277116294,0.06602653971757312,0.13469950447846743,0.2546017816800444,0.9416624832663989,0.9245210512096732,0.887883398734684,0.8886662391792242,0.8882746464767858,0.8488001924032738,0.9856951022403637,0.9636383954949184,0.06511846313407993,0.13793395216551196,0.2528672404457663,0.9392050209205021,0.9212710578182657,0.8833333333333333,0.8837582170915504,0.8835457241324036,0.8424111004819809,0.9842362619825866,0.9600445498538267,0.06591887501943694,0.13501898828808173,0.25440002877699347,0.8385353330630996,0.8733228985976322,0.9873650960779152,0.7658227848101266,0.862596297573876,0.7067209065579669,0.9722219616574442,0.9854542199134683,0.11518380315079504,0.06151464373643936,0.3706837842691696,0.8521821375489799,0.8847076851999732,0.9904589994842703,0.7841976316864027,0.8753418413855971,0.7288538447839927,0.978404844362347,0.9886269687640967,0.11014489966530505,0.07660444193227582,0.36018738096529096,0.4349412620067596,0.3022354709780359,0.9287985274431058,0.9315546530874431,0.8729471484025082,0.8275727978595754,0.9373196537351716,0.816848281642917,0.003624204539692347,0.04386368256602121,0.14220028958940858,0.8751520064856101,0.8976173671218874,0.8977536793183579,0.7577840580979937,0.8281951817068192,0.9800676491906257,0.08654207045972931,0.12291096440396575,0.4310567608743644
cnn_small_soft_d4_s128_full_bce_nfull_seed1,cnn_small,gz2,soft,d4,128,full,bce,0,1,False,True,20,19,996.6688928734511,4237.940985901102,2071835,2071835,0.06514272838830948,0.9367888219544847,0.9189941665241688,0.8767134204654128,0.8817730041680025,0.8792359335038363,0.8364333819079951,0.982982492240417,0.9567867047182217,0.06706007882627783,0.13374780280963755,0.25735640670461263,0.9401355421686747,0.9229176330112743,0.8840683924576542,0.886902853478679,0.8854833546734954,0.8449610113369814,0.9847179096034657,0.9610857223287991,0.06610619736934936,0.13750942030508123,0.2554936092968281,0.9385355648535565,0.9197290949447057,0.8836498229803669,0.8803912137245471,0.8820175086338446,0.8404632769525721,0.9836287548076786,0.9587555395379361,0.06654046934980308,0.13534523083489375,0.25617174080235244,,,,,,,,,,,,,,,,,,,,,,,0.4306261539459228,0.3051888355111052,0.9247197121820616,0.9288728914026422,0.8666691364427814,0.819178464616575,0.9375601154216094,0.8057449886340153,0.0038727207965346894,0.04525373067755922,0.146953553014013,,,,,,,,,
cnn_small_soft_d4_s128_full_bce_nfull_seed2,cnn_small,gz2,soft,d4,128,full,bce,0,2,False,True,20,19,1031.9398669740185,4002.7317448617955,2071835,2071835,0.06133880838751793,0.9366424029451138,0.9190247335338962,0.875925189017111,0.8821737736453992,0.879038377061619,0.836129924408273,0.9829672733904277,0.9567314819812722,0.06722508507732237,0.13396627328746172,0.25782944407908254,0.9396962851405622,0.9223352718119957,0.8832600878945266,0.8860211606284065,0.8846384698491456,0.8438192488285586,0.9842994031388675,0.9600248658582474,0.06642569461613211,0.13724612593999908,0.25627553315663415,0.9369874476987448,0.9182668358723767,0.8793905372894948,0.8791085457752125,0.8792495189223862,0.8366204640112803,0.9826132700125416,0.9564263189451029,0.06730723835651706,0.1341244716372606,0.25788612497375407,,,,,,,,,,,,,,,,,,,,,,,0.4363818168640136,0.31284178232470333,0.9264139892904953,0.9294747261963621,0.869073315965761,0.8223078151089049,0.9358768836165438,0.81117132138391,0.0031075521895385675,0.04521136729263491,0.14700479029488436,,,,,,,,,
cnn_small_soft_d4_s128_full_bce_nfull_seed3,cnn_small,gz2,soft,d4,128,full,bce,0,3,False,True,20,18,1182.272647849284,4034.008370516845,2071835,2071835,0.0663166344165802,0.9378765060240963,0.9198596707013365,0.8800575723652647,0.8821737736453992,0.8811144023697062,0.8390678540373735,0.9834249130684588,0.9578242151864342,0.06655187946235801,0.13390580290004173,0.25569445960367915,0.9409303882195449,0.9233776127420392,0.8869467607440668,0.8866623917922412,0.8868045534712202,0.846843064627755,0.9850972102596841,0.9621610649144234,0.06555278104829809,0.13721651044928085,0.25371473580978854,0.9410460251046026,0.9223091634063723,0.8901098901098901,0.8831168831168831,0.8865995975855131,0.8467820686335407,0.9837762347528525,0.9596538182086328,0.0661364879542381,0.13694082722925113,0.254859969013824,,,,,,,,,,,,,,,,,,,,,,,0.4443236291408539,0.3039901148098561,0.9293214524765729,0.9290825637573286,0.8727259030471958,0.8269113545069621,0.9285828791279256,0.8232075605769914,0.003963101753329756,0.04469283172088225,0.1448378484126954,,,,,,,,,
cnn_small_soft_d4_s128_full_bce_nfull_seed4,cnn_small,gz2,soft,d4,128,full,bce,0,4,False,True,20,19,981.6488409014419,4485.575831676583,2071835,2071835,0.061614640057086945,0.9369143239625167,0.9195198083841865,0.8761132315521628,0.883135620391151,0.8796104103464794,0.8368822336777156,0.9833077516303282,0.957483953132799,0.06667993073583951,0.13316535664559623,0.2562182647147346,0.9410349732262383,0.9247964945860322,0.8840983215336886,0.8908303943571657,0.8874515910089033,0.8475168422597801,0.9852049774579987,0.9623419771637332,0.06563241191810723,0.13789859620207973,0.25424364149795825,0.9393305439330544,0.9202669424224841,0.8863599677158999,0.8803912137245471,0.8833655083655084,0.8423774095412221,0.9838600959871411,0.9596554563001641,0.06613692271636129,0.1354404976662389,0.2550132409584401,,,,,,,,,,,,,,,,,,,,,,,0.4460457665859752,0.30429171812526634,0.9289658634538153,0.9290234669335644,0.8722347629796839,0.82626805973441,0.9291439563962809,0.8218944980147476,0.00495670005273308,0.04504176904344618,0.14566552969181348,,,,,,,,,
cnn_small_soft_d4_s64_full_bce_nfull_seed0,cnn_small,gz2,soft,d4,64,full,bce,0,0,False,True,20,19,404.9375620642677,13335.5387914035,535835,535835,0.06189503148198128,0.9357011378848729,0.9177916312327707,0.8741642788920726,0.8803302340493748,0.8772364217252396,0.8336907172030031,0.9826727749748668,0.9556679788134415,0.06756942788976707,0.13322211831569336,0.25857008217808725,0.9396753681392236,0.9220618656313272,0.8838028169014085,0.8852196216736133,0.8845106519301619,0.8436867676901139,0.9846344991440512,0.9607235592228036,0.06642240883520664,0.13764752456807708,0.2563060526225904,0.938326359832636,0.9192764022256936,0.8836797164491703,0.879429212762546,0.8815493410478946,0.8398638931589932,0.9828352887384008,0.9569402839916682,0.06757709096807327,0.13658149793985683,0.2586410557282274,,,,,,,,,,,,,,,,,,,,,,,0.4429110571349918,0.3059779426848343,0.928045515394913,0.9282711745757106,0.8707447208236267,0.8242426579186664,0.9287431869188842,0.819564294808318,0.004028805327506741,0.04590337835078555,0.14863691319228095,,,,,,,,,
cnn_small_soft_d4_s64_full_bce_nfull_seed1,cnn_small,gz2,soft,d4,64,full,bce,0,1,False,True,20,17,405.7733188457787,13390.967325445183,535835,535835,0.06689581274986267,0.9331283467202142,0.9141843656473888,0.869887586701746,0.8745591535748637,0.8722171149926056,0.8269377836952471,0.9808320699846503,0.9508230601117706,0.06896046330880824,0.13153138932937328,0.2621292909151644,0.936558734939759,0.9190977549758663,0.8753478018920423,0.8825745431227958,0.8789463181001796,0.8359761889506172,0.9827270839350396,0.9555572806050335,0.06793959027359588,0.1356602750676204,0.2602850693344123,0.9356485355648536,0.916790538655454,0.8762209767814252,0.8773448773448773,0.8767825668963306,0.8332357048609466,0.9810807022115029,0.952825185256876,0.06869364132824805,0.13429773347304205,0.26160899620229794,,,,,,,,,,,,,,,,,,,,,,,0.4301473498344421,0.32305643361762715,0.9205572289156626,0.9249678776435404,0.8598937583001328,0.8099235669391393,0.9341936518114781,0.7965418261344998,0.0037365061153870776,0.048231785517043,0.15675863260861028,,,,,,,,,
cnn_small_soft_d4_s96_full_bce_nfull_seed0,cnn_small,gz2,soft,d4,96,full,bce,0,0,False,True,20,19,884.881492135115,5822.887359300619,1175835,1175835,0.06200983002781868,0.9377928380187416,0.9196475119697269,0.8801408225316051,0.8816928502725232,0.8809161527989109,0.838817192482514,0.9837609981797907,0.9585611548156239,0.06666257488570805,0.13486401523121194,0.2564593957181652,0.9416415662650602,0.9249994836684419,0.8866357975411144,0.8901891631933312,0.8884089272858171,0.848901675023477,0.9854903436561291,0.9630844581791269,0.06553526838644916,0.13871464567879832,0.25406801243965793,0.9394560669456067,0.9200925707842238,0.8874150760271756,0.8795895462562129,0.883484982687817,0.842603491441953,0.9840284674872986,0.9595500456504814,0.06642994199915199,0.1366019548795276,0.2560233170728049,,,,,,,,,,,,,,,,,,,,,,,0.418221652507782,0.30071485322874913,0.9224397590361446,0.9310377226210246,0.8646122389367604,0.8171985268342168,0.9490221224751523,0.7939914163090128,0.0038836338525307774,0.044356796218566204,0.1435211531537831,,,,,,,,,
cnn_small_soft_d4_s96_full_bce_nfull_seed1,cnn_small,gz2,soft,d4,96,full,bce,0,1,False,True,20,19,851.8611287493259,5515.504303967802,1175835,1175835,0.06396432220935822,0.9386504350736279,0.9212906668270531,0.8805327378578834,0.8849791599871754,0.8827503497901259,0.8412122789523813,0.9838374644788389,0.9590799043616728,0.06651036773617948,0.1353451569091343,0.25591081550650846,0.9419553212851406,0.925548786943886,0.8868947914174045,0.8912311638345624,0.8890576900011993,0.8497583622714218,0.985411809535397,0.9628723234531865,0.06549523051648191,0.1387102831197685,0.25383778979653765,0.9386192468619247,0.9194745565596119,0.8846774193548387,0.879429212762546,0.8820455093672108,0.8405687649565163,0.9840013034732694,0.9599227975311252,0.06643443912898962,0.1356797519069804,0.2558457215284175,,,,,,,,,,,,,,,,,,,,,,,0.41343922869446476,0.29900819042012355,0.9198878848728246,0.9299334536642971,0.8610203933522026,0.8126005234916602,0.950945815966656,0.7866330725367988,0.0032988575188547422,0.04422671960726503,0.143020880977018,,,,,,,,,
convnext_tiny_hard_conf_d4_s224_full_bce_nfull_seed0,convnext_tiny,gz2,hard_conf,d4,224,full,bce,0,0,False,True,20,19,1809.5401784060523,816.64764196826,27820897,27820897,0.05665619671344757,0.9457203815261044,0.9392958560590301,0.8736858028893427,0.9258576466816287,0.8990154492742344,0.8626215362159808,0.9881655763329149,0.9688560649755525,0.04942264577944536,0.04641417623304179,0.3356126569041027,0.9483350066934404,0.9414795982610171,0.8810938452163315,0.9271401090092979,0.9035306983283862,0.8688075770692943,0.989377018116831,0.9721516125959527,0.0461756572708411,0.043435531950214885,0.2978641115026559,0.9464435146443515,0.9386663159899115,0.8784547259123531,0.9223985890652557,0.8998905052401063,0.8638426440650644,0.9882796969550824,0.9683886204815929,0.04825901097581624,0.04497277087295014,0.32374941211679353,,,,,,,,,,,,,,,,,,,,,,,0.026907711047865535,3.3367560174939856,0.9387550200803213,0.9425943844106417,0.8901230861603123,0.8512163271141585,0.9506252003847387,0.8368614168783517,0.016869547230496648,0.04122085298712612,0.14652620931236138,,,,,,,,,
convnext_tiny_hard_conf_d4_s224_full_bce_nfull_seed1,convnext_tiny,gz2,hard_conf,d4,224,full,bce,0,1,False,True,20,19,1872.3692806614563,823.7054009152006,27820897,27820897,0.036046892404556274,0.9486278447121821,0.9340037797284928,0.9000958313368471,0.903414555947419,0.9017521401712137,0.8669763222875335,0.9881037243040657,0.9686527040697098,0.045768105086088785,0.04275557070944717,0.30333277590970753,0.9512843038821954,0.9383935643926433,0.9028185788011116,0.9114299454953511,0.9071038251366119,0.874108534184008,0.9893476001489938,0.9721372991487545,0.043647647456880295,0.04005280218303198,0.2720074797484055,0.9485774058577406,0.9332646258517665,0.9016682707731793,0.9012345679012346,0.9014513671718386,0.8666641305667835,0.9885250535857265,0.9693679694590609,0.04597019150370506,0.04272922741122102,0.29550208546139545,,,,,,,,,,,,,,,,,,,,,,,0.0017007222631946,3.2203733278434696,0.932270749665328,0.941888843198436,0.881139417076573,0.8400405116043917,0.9620070535428021,0.8128132195584451,0.011879273828719455,0.03893391351176111,0.13916270217703383,,,,,,,,,
convnext_tiny_hard_conf_d4_s224_full_bce_nfull_seed2,convnext_tiny,gz2,hard_conf,d4,224,full,bce,0,2,False,True,13,7,1205.3501135911793,824.6683066259188,27820897,27820897,0.05632283538579941,0.9436914323962516,0.9326862177441142,0.8788136905683754,0.909666559794806,0.8939740055139819,0.8558922267692245,0.9864153507350438,0.9650178310238903,0.04732309894974754,0.040193039963372694,0.24877247327979823,0.9469963186077643,0.9365554558060658,0.8858872845831393,0.9147162552100032,0.9000709835160502,0.864221641381812,0.9879982903527087,0.9694148269474052,0.044780086810026966,0.0376353585862674,0.21868493284968324,0.942510460251046,0.9294192952876831,0.8805759899827829,0.9020362353695687,0.8911769364802787,0.8522357317869321,0.9864769141600183,0.9650349994663665,0.04777027652715287,0.040953027837410186,0.24622889489723415,,,,,,,,,,,,,,,,,,,,,,,0.044680867344141,2.628774958303595,0.9310575635876841,0.9378273737177327,0.8781515711645101,0.8353606429813901,0.9519878166078871,0.8149444215726637,0.007936376188656736,0.041641630227234314,0.14502035103552716,,,,,,,,,
convnext_tiny_hard_d4_s224_full_bce_nfull_seed0,convnext_tiny,gz2,hard,d4,224,full,bce,0,0,False,True,15,9,2023.6803063638508,826.6400076424637,27820897,27820897,0.0723176971077919,0.9473519076305221,0.9399848637721343,0.8797955914880634,0.9245751843539596,0.9016297338492202,0.8662149084660675,0.9894723148644651,0.9727804612364064,0.03771693102974735,0.013474499363217318,0.12247634728469724,0.9519536479250335,0.9453277792512536,0.8896118808849423,0.9314684193651811,0.9100591252594072,0.8777360889136168,0.9910358285281226,0.9766941485897239,0.034453457883041744,0.009136065012198434,0.11116803113041598,0.9484518828451883,0.9394027807472107,0.8863671452833102,0.9204745871412539,0.9030989460437313,0.8682893742190316,0.9898863315138392,0.9734992831841114,0.03678003704832533,0.012612850178513485,0.11911183195088497,0.9489258208350223,0.9534520804516002,0.9825966260943839,0.9394650877909351,0.9605469157707963,0.890050000084471,0.988601877012591,0.9938244252174211,0.03898451301239992,0.015976873887727762,0.14712968825110312,0.9518983921091745,0.9562839618998646,0.9839122096739825,0.9427317272356064,0.9628818684183089,0.8963041507054322,0.9896488240244822,0.9943510474337459,0.03674408131007487,0.01353353775727735,0.1383145398594826,0.2107662856578827,1.258020610997844,0.9319779116465864,0.9437388346703447,0.8813744801926023,0.8408783066546942,0.9683392112856685,0.8087428035881644,0.003907880412097574,0.03705503363118129,0.11876706427806227,0.9579786515335765,0.9538448716582975,0.968200408997955,0.9062839147560378,0.9666190281747652,0.9697869725522327,0.003760877273445427,0.03844456579565173,0.13926469734045618
convnext_tiny_hard_d4_s224_full_bce_nfull_seed1,convnext_tiny,gz2,hard,d4,224,full,bce,0,1,False,True,11,5,1492.539558807388,818.5321918560942,27820897,27820897,0.058845192193984985,0.9492553547523427,0.9340912929366896,0.9030964222685706,0.9023725553061879,0.9027343436773315,0.8684078524138896,0.9890656946880862,0.9716315304844402,0.03641229190688513,0.0028229336318983823,0.11729608038332894,0.9524974899598394,0.9387476916168118,0.908167346612271,0.9099871753767234,0.9090763502422229,0.8769278194333248,0.9907800390992754,0.976109418416658,0.03339601914460385,0.002586938548428495,0.10772166484352755,0.9511715481171548,0.9356938738980295,0.9090029041626331,0.9033189033189033,0.9061519903498191,0.8731615468162721,0.9897886863011699,0.9732903607562615,0.035092469715909055,0.002142238851191407,0.11335449194083551,,,,,,,,,,,,,,,,,,,,,,,0.2583259642124176,1.0061222292449399,0.9373117469879518,0.9427586531633774,0.8881925013989926,0.8488377143037377,0.9541519717858288,0.8307627887500872,0.002849434965763854,0.036407141354134344,0.11727340090435548,,,,,,,,,
convnext_tiny_hard_d4_s224_full_bce_nfull_seed2,convnext_tiny,gz2,hard,d4,224,full,bce,0,2,False,True,14,8,1469.590417869389,823.129059212332,27820897,27820897,0.06057652831077576,0.949903781793842,0.9282819503881052,0.921693298753451,0.8830554664956717,0.9019607843137254,0.8686968329645536,0.989623074151346,0.9731503841980966,0.03585440364620445,0.010579363275131516,0.11779966821623897,0.9529158299866132,0.9299827320215257,0.9338878044640584,0.8820134658544405,0.9072096953707902,0.8763404753001341,0.9910722927429698,0.9768722636246472,0.033544575277789826,0.007953789248461081,0.10878599538160127,0.9503765690376569,0.9279476275267855,0.9252399393837346,0.8810325476992144,0.9025952693823915,0.8697988039696538,0.9902656246614426,0.974454107594675,0.03532610792402747,0.010267613497813879,0.11377491910428861,,,,,,,,,,,,,,,,,,,,,,,0.1645164638757705,1.2115624603571677,0.9393616131191432,0.9451565912926645,0.891767780474146,0.8537761810890062,0.9572779737095223,0.8346495212803131,0.002523499496810233,0.03547914250427995,0.11504028074706645,,,,,,,,,
convnext_tiny_hard_d4_s224_full_bce_nfull_seed3,convnext_tiny,gz2,hard,d4,224,full,bce,0,3,False,True,14,8,1847.356748405844,827.7871341245082,27820897,27820897,0.06363874673843384,0.9471009036144579,0.9367817660150894,0.8858716735200559,0.9151971785828791,0.9002956830277942,0.8645214608645575,0.9892403195636812,0.9721658251885823,0.03731264166587577,0.01254559443657035,0.12017022304461983,0.9517235609103079,0.94164624903544,0.8971254491485705,0.9205674895799936,0.908695308173115,0.8760243544334304,0.990795239800528,0.97608605416416,0.034078202040707384,0.007211301051424134,0.1094467779289661,0.9506694560669456,0.9393991815720855,0.8972667295004713,0.9158249158249159,0.906450845036896,0.8730427849549228,0.9899369015128889,0.9738813184967241,0.03532419393582194,0.00938513795855611,0.1151551904064043,,,,,,,,,,,,,,,,,,,,,,,0.30645814778115904,1.1947857243110553,0.9406166331994645,0.9431279527313976,0.8928800513149455,0.8547956171300315,0.9483808913113178,0.843516076138875,0.004777109319482217,0.03678514424848317,0.11763899369805797,,,,,,,,,
convnext_tiny_hard_d4_s224_full_bce_nfull_seed4,convnext_tiny,gz2,hard,d4,224,full,bce,0,4,False,True,13,7,1620.806516399607,823.7145509308167,27820897,27820897,0.06925037503242493,0.9474146586345381,0.9226054021456961,0.9234104046242775,0.8707117665918563,0.8962871287128713,0.8617729053292075,0.9888986332984964,0.9715760017051939,0.03741192250418011,0.00943637663843538,0.12270452268960143,0.951786311914324,0.9258482410988522,0.93927615098903,0.8715934594421288,0.9041699580093958,0.873109010624658,0.9908803709870375,0.9763993872229666,0.0345026818489342,0.0053277479248736576,0.11268313333920071,0.9488702928870293,0.9222093804743035,0.9328499913688935,0.8664421997755332,0.8984206151288446,0.8653722513081317,0.9894988959700505,0.972746778143813,0.03700072666762939,0.00967627258342039,0.1200464350625553,,,,,,,,,,,,,,,,,,,,,,,0.1577433757810739,1.193033388146672,0.937834672021419,0.9438642787381706,0.8892614948952977,0.8503983933478475,0.9564764347547291,0.8308731374460382,0.0025000190055765328,0.03713967976147565,0.12068180667165603,,,,,,,,,
convnext_tiny_hard_debiased_d4_s224_full_bce_nfull_seed0,convnext_tiny,gz2,hard_debiased,d4,224,full,bce,0,0,False,True,10,4,1231.5979502480477,824.5412893296055,27820897,27820897,0.10887990146875381,0.691390562248996,0.7873202816814602,0.4577051615298923,0.987976915678102,0.6255900116733493,0.5088097792426821,0.9568695987771672,0.9053611530249203,0.2269258638515409,0.15188067794318474,0.7553914878799192,0.6900518741633199,0.7870108729444332,0.4566937869822485,0.9898204552741263,0.6250126531025407,0.5085685010397922,0.9591239701907727,0.9103032849162271,0.22721262380574989,0.15287675204251366,0.7509206849695759,0.6923849372384937,0.7882512049225896,0.45854710387389397,0.9887766554433222,0.6265366250126994,0.5103843074481155,0.95759731904026,0.9072306543497788,0.2250171657219808,0.1504497341185596,0.7489680145463923,,,,,,,,,,,,,,,,,,,,,,,0.9209510089566837,3.083825668831835,0.8825928714859438,0.8819388064889864,0.7965198477433388,0.7215401128502781,0.8805706957358128,0.7271162883049838,0.038555004779977406,0.19431209619964804,0.5627895569166854,,,,,,,,,
convnext_tiny_hard_debiased_d4_s224_full_bce_nfull_seed1,convnext_tiny,gz2,hard_debiased,d4,224,full,bce,0,1,False,True,9,3,1176.6658487692475,820.3680976157239,27820897,27820897,0.1178821325302124,0.6779200133868809,0.7798918857978405,0.4472639330060641,0.9931869188842578,0.6167745146839223,0.49800031878640344,0.9588362423882837,0.9074850052287433,0.24989684279959037,0.18381205331218906,0.9024359120459385,0.6788821954484605,0.7811650650467056,0.4480978849346712,0.9951106123757615,0.6179383803693196,0.5002724634583744,0.9623580217524951,0.915890602229962,0.2488353056237941,0.1836522587830963,0.8893327312190484,0.679163179916318,0.7809654396493174,0.44826090100513416,0.9939073272406606,0.6178610585069271,0.49977130662666036,0.9603577955877489,0.9112470500541334,0.24787076823909035,0.1822687169976988,0.8943776403005369,,,,,,,,,,,,,,,,,,,,,,,0.9664104580879213,3.8952756475227415,0.8867971887550201,0.8838240110472086,0.8018308311973636,0.7287339035130224,0.8776050016030779,0.7381016583524336,0.051170871512311,0.20400343143283597,0.5887637347208904,,,,,,,,,
convnext_tiny_hard_debiased_d4_s224_full_bce_nfull_seed2,convnext_tiny,gz2,hard_debiased,d4,224,full,bce,0,2,False,True,7,1,892.5815711971372,824.0198814712161,27820897,27820897,0.11425477266311646,0.6759538152610441,0.7786394233318779,0.44576319953963456,0.9934273805706957,0.6153922542204567,0.496114921495565,0.9590522656665067,0.9064572803726352,0.24328254038467953,0.1687428511584322,0.8337980759556436,0.6741131191432396,0.7777570499039805,0.4444126074498567,0.9945495351074062,0.6143182493316169,0.49495260892161264,0.9616511704283613,0.9138224883694904,0.24466801635224864,0.17099864523406044,0.8327812422946035,0.6793723849372385,0.7814181323683296,0.44846776525007226,0.9948693282026615,0.6182434115478503,0.500623910120917,0.9603877781235346,0.9104110228089958,0.2411338994715207,0.16505180971260536,0.8269711624557629,,,,,,,,,,,,,,,,,,,,,,,0.929440438747406,3.4955625161903585,0.8756902610441767,0.8840872176378716,0.791041102633522,0.7153032427612003,0.901651170246874,0.7046038208581271,0.045425115041017324,0.2057860301580759,0.5932221414124138,,,,,,,,,
convnext_tiny_soft_d4_photo_s224_full_bce_nfull_seed0,convnext_tiny,gz2,soft,d4_photo,224,full,bce,0,0,False,True,20,17,2977.667183469981,824.0156254009041,27820897,27820897,0.04092693328857422,0.9553422021419009,0.9413463547736096,0.9164049287267456,0.9120711766591857,0.9142329168842647,0.8840494858688794,0.9916474409537205,0.9782939720158141,0.058913413959608585,0.14451263539384457,0.23642690956559664,0.9578313253012049,0.9447673870977074,0.9206885456885456,0.9174414876563001,0.9190621487072427,0.8905531846068165,0.9923307839923932,0.9800295916714575,0.05842672308573928,0.14699720317878734,0.235470141080586,0.9563598326359832,0.9427304473540485,0.9181964573268921,0.9142215808882476,0.916204707961758,0.886706262643709,0.9923219337154304,0.9797703067991376,0.058487111766193735,0.14551291376313344,0.23553764697767396,,,,,,,,,,,,,,,,,,,,,,,0.4421346744868086,0.2228543758450077,0.9465988955823293,0.9507011392361276,0.9036203707199214,0.8696583256750614,0.9592818210965053,0.8540640833511739,0.002961908629053419,0.03169533200624279,0.1025533427505684,,,,,,,,,
convnext_tiny_soft_d4_photo_s224_full_bce_nfull_seed1,convnext_tiny,gz2,soft,d4_photo,224,full,bce,0,1,False,True,14,8,2296.892853646539,827.1121114780665,27820897,27820897,0.04178512096405029,0.9541708500669344,0.9438464067697401,0.9040622299049266,0.9222507213850594,0.9130659048525969,0.8820343396304777,0.9913739962069866,0.9774771290150143,0.06147542827646643,0.15022604519956703,0.24524815591628793,0.9563671352074966,0.9468619146474352,0.9077708006279435,0.9269798012183392,0.9172747461928934,0.887738221169233,0.992325508381504,0.9799984240517059,0.06082610575588178,0.15248762869925664,0.24398946680446904,0.9553974895397489,0.9446204590857255,0.9083873005844258,0.922077922077922,0.9151814131126671,0.8849726859997069,0.99201087511869,0.9789114480716264,0.060995959831633036,0.1513438303969707,0.24418548369854545,,,,,,,,,,,,,,,,,,,,,,,0.43773083621622066,0.22180684828143474,0.9408885542168675,0.9494821838752322,0.8952013646814507,0.8589949629919165,0.967457518435396,0.8329882677708764,0.003387727829561365,0.03272242443345532,0.10581666588572705,,,,,,,,,
convnext_tiny_soft_d4_photo_s224_full_bce_nfull_seed2,convnext_tiny,gz2,soft,d4_photo,224,full,bce,0,2,False,True,20,16,3167.352484257892,822.2413641714443,27820897,27820897,0.04070412367582321,0.9546101070950469,0.9425621341055888,0.9094882390336936,0.9173613337608207,0.9134078212290503,0.8826679372919005,0.991671075146042,0.9782752332271213,0.059008202232359294,0.14394600313780845,0.23664208858458632,0.9575803212851406,0.9463864268211903,0.9151963121920204,0.9229721064443732,0.9190677627903264,0.8903407773895188,0.9924116933290361,0.9801869663451427,0.05854592648857203,0.14708495954207618,0.23585548194695669,0.9557322175732218,0.9438097414847306,0.9121438803119529,0.9188712522045855,0.9154952076677316,0.8855180656583188,0.9922677509252081,0.979550853756401,0.05857550042912106,0.14496262673600324,0.23571471963065957,,,,,,,,,,,,,,,,,,,,,,,0.4438751407774315,0.22365941450927918,0.9461387215528781,0.951608303838309,0.9032136816387896,0.8693174589693764,0.9630490541840333,0.850378653832543,0.003465523585197774,0.03183882955125429,0.10284677456825424,,,,,,,,,
convnext_tiny_soft_d4_s112_full_bce_nfull_seed0,convnext_tiny,gz2,soft,d4,112,full,bce,0,0,False,True,17,11,1071.8652021214366,2795.9560363248656,27820897,27820897,0.052846163511276245,0.953459672021419,0.9421208339620358,0.9046979865771813,0.9184033344020519,0.911499144823197,0.8799758565994364,0.991007767178351,0.9765937379982386,0.0587662728112933,0.14040566248259911,0.23498100764600718,0.9566181392235609,0.9465650739105486,0.9097856917743461,0.9255370310997114,0.917593769866497,0.8882168165046526,0.9920052217454388,0.9791632785558047,0.05819165058997306,0.14393544836443417,0.23403551681397222,0.9541841004184101,0.9418807515487959,0.9090041361756284,0.9161455828122494,0.9125608879661422,0.8815338670011532,0.9914702726607085,0.9776562440055416,0.058341347378659314,0.14085584558749173,0.23400188434163446,,,,,,,,,,,,,,,,,,,,,,,0.4457708299160003,0.23898338558078,0.9446954484605087,0.9491541000881775,0.9004518072289157,0.8653954541437923,0.9584802821417121,0.849048565748367,0.0029946761555787378,0.03328330830702291,0.1071819129906806,,,,,,,,,
convnext_tiny_soft_d4_s112_full_bce_nfull_seed1,convnext_tiny,gz2,soft,d4,112,full,bce,0,1,False,True,18,12,1167.2691056299955,2799.607478308044,27820897,27820897,0.05172872543334961,0.9533969210174029,0.9407302550728713,0.9078319006685769,0.9142353318371272,0.9110223642172524,0.8794640557078347,0.9909579579705748,0.9765635108318149,0.05883445701017448,0.14145445044111457,0.2361743772035373,0.956408969210174,0.9445569252729761,0.9137601528905877,0.9197659506252004,0.9167532156267477,0.8872364380283866,0.9919605168698495,0.9790781001477673,0.05816729909310381,0.14461932314321066,0.23490382262442028,0.954602510460251,0.9414378033808481,0.912291933418694,0.9139009139009139,0.9130957148578294,0.8823728859698118,0.9914938828864361,0.9776256832914674,0.05859858117260206,0.14290046693453234,0.23568953450030425,,,,,,,,,,,,,,,,,,,,,,,0.4234579801559448,0.23859033717763148,0.939445281124498,0.9486612847556021,0.8929640995304469,0.8560808801848675,0.9679384418082719,0.828769473611969,0.003287083119378674,0.0331118126445329,0.10695528317890668,,,,,,,,,
convnext_tiny_soft_d4_s160_full_bce_nfull_seed0,convnext_tiny,gz2,soft,d4,160,full,bce,0,0,False,True,17,11,1224.401919124648,1535.8010789153843,27820897,27820897,0.04571915417909622,0.9541499330655957,0.9433396713561429,0.9052009456264776,0.9207277973709522,0.9128983549233093,0.881845872037735,0.9912618506259516,0.9771503546944793,0.05913470676910764,0.14269190236886803,0.23647227709007737,0.9560952141900937,0.9463927652674704,0.9075485036525017,0.9260981083680667,0.9167294799063753,0.8870057935534849,0.9922052593895483,0.9796748881156419,0.058605466237354915,0.14504575289641242,0.23558119087125823,0.9548535564853556,0.9432152784829755,0.9091053299492385,0.9188712522045855,0.9139622039709753,0.8833844418600185,0.9917824250799019,0.9782138370062735,0.058690751660009276,0.14320388647723772,0.2355281377201352,,,,,,,,,,,,,,,,,,,,,,,0.4493926167488098,0.23232514346815422,0.9449255354752343,0.9495171701023375,0.9008846226237531,0.8660054933429777,0.9591215133055466,0.8493150684931506,0.0031855022092057354,0.03291045141474254,0.1058237664368007,,,,,,,,,
convnext_tiny_soft_d4_s160_full_bce_nfull_seed1,convnext_tiny,gz2,soft,d4,160,full,bce,0,1,False,True,17,11,1174.168877617456,1532.779010448893,27820897,27820897,0.04849745333194733,0.9531459170013387,0.9427122513809101,0.9016637890441062,0.9208881051619109,0.9111745578555002,0.8794505311952436,0.9912862788255024,0.9772218754733183,0.059932673069515885,0.14299254268651718,0.23820989786079658,0.9568691432396251,0.9471496991647261,0.9096129641283827,0.9268194934273806,0.9181356201365729,0.8889328993182966,0.9922913093558516,0.9798671752596078,0.059265786699947906,0.1469264807772322,0.23699257321881456,0.954560669456067,0.9437431499368882,0.9062943681968765,0.9211159211159211,0.9136450381679388,0.8828700142866689,0.9917779272456658,0.9783336078509635,0.05960239718389016,0.1444132005067924,0.23756960974655233,,,,,,,,,,,,,,,,,,,,,,,0.4464947283267975,0.22768627153986787,0.9450510374832664,0.9512613090676496,0.9015625585491063,0.8671961060452139,0.9642513626162231,0.8465273379776229,0.003187176953383762,0.03277052135048989,0.10623478107092175,,,,,,,,,
convnext_tiny_soft_d4_s224_frozen_bce_nfull_seed0,convnext_tiny,gz2,soft,d4,224,frozen,bce,0,0,False,True,17,11,2098.0771107850596,810.8262881404241,27820897,769,0.0997406393289566,0.9023385207496654,0.8584317823652864,0.8448016959632542,0.7665918563642193,0.8037987981678363,0.7405371117393184,0.9601844246943035,0.9066983524931816,0.08511674171405674,0.11924580862316139,0.3037742449999974,0.911479250334672,0.8686603513660753,0.8681672025723473,0.7790958640589932,0.8212233862791483,0.7646013324553057,0.9667379142208674,0.9203894688326743,0.08209075010873663,0.1284568829404192,0.29755330276886244,0.9042677824267782,0.8622662488936621,0.8457362983715636,0.7744107744107744,0.8085035152326748,0.7461351241443704,0.9589343059402883,0.9063018477568415,0.08518971738529942,0.12016556530964857,0.30413057935913984,,,,,,,,,,,,,,,,,,,,,,,0.3918712735176086,0.40744993702281757,0.8864834337349398,0.8882523980742447,0.8039591084781273,0.732198277038864,0.8919525488938762,0.7317682646149799,0.007769677658546881,0.06831080756255192,0.2202251433057593,,,,,,,,,
convnext_tiny_soft_d4_s224_frozen_bce_nfull_seed1,convnext_tiny,gz2,soft,d4,224,frozen,bce,0,1,False,True,20,17,2646.1442827051505,821.373700766032,27820897,769,0.10146310925483704,0.9028823627844712,0.8637255601398861,0.8354603854389722,0.7818210965052902,0.8077512318330504,0.7436098875347292,0.9603066416898913,0.9071175164863768,0.08523332753660431,0.11993211526740052,0.3041718673480439,0.9120649263721553,0.8740342830361545,0.8580332409972299,0.7944854119910227,0.8250374563009821,0.7674404139971428,0.9667052771208642,0.9205876384249974,0.08215239210196255,0.12957622655432038,0.29780539124973776,0.90418410041841,0.8671880959148128,0.8342082980524979,0.7898027898027898,0.8113984516554109,0.7477437966966459,0.9590089082625269,0.9066435276070133,0.0853820846860729,0.12064213776847961,0.30467080865317375,,,,,,,,,,,,,,,,,,,,,,,0.4002804160118103,0.4056384287676389,0.8869226907630522,0.8891977158580793,0.8049220554272517,0.7336085382756953,0.8939563962808592,0.7320162772381202,0.007344824737633149,0.06813750814114139,0.21984493059350046,,,,,,,,,
convnext_tiny_soft_d4_s224_full_bce_nfull_seed0,convnext_tiny,gz2,soft,d4,224,full,bce,0,0,False,True,17,11,2284.0976441679522,820.7765851034886,27820897,27820897,0.047908999025821686,0.9545473560910308,0.9420530212074885,0.9104453828380209,0.915918563642193,0.9131737723258881,0.8823975834716455,0.9914372933289927,0.9777133804466274,0.05802991505164002,0.14015949132784153,0.23269035259025744,0.9571410642570282,0.9453374071560541,0.9155838979673177,0.9206476434754729,0.9181087886175612,0.889090570905979,0.9922669991230892,0.9798995055105305,0.057461318711616215,0.14284108683242963,0.23162384569050243,0.9548953974895398,0.9416359577147665,0.9133151738503444,0.9139009139009139,0.9136079499919859,0.8830888141830343,0.9918269041672012,0.9783664761424385,0.05773199976281462,0.14036014448446085,0.23201935316291064,0.961424131874071,0.9605992816786455,0.9782270606531882,0.9631482237648019,0.9706290828661077,0.914688841720969,0.9910021102484287,0.994965352235779,0.047648973511717645,0.10940760473581428,0.19580910131912194,0.9638562356438319,0.9632181888063438,0.9798942895636854,0.9651898734177216,0.9724865003857032,0.9200558397871335,0.9915207508441891,0.9952694934611208,0.046995637867628746,0.1119160124099109,0.19447975508263815,0.4479231847234829,0.23522418920136104,0.9464524765729585,0.9492280289669808,0.9029935581659719,0.8686227968598886,0.9550336646361013,0.8563317521920368,0.003080306283602316,0.03235029986533009,0.10404604117063206,0.9640589109579787,0.959903750452499,0.9728432873915263,0.9197177067913868,0.9727439771335239,0.9729426179293444,0.014919111072194652,0.03080321375704709,0.12881049862890778
convnext_tiny_soft_d4_s224_full_bce_nfull_seed0_scratch,convnext_tiny,gz2,soft,d4,224,full,bce,0,0,False,False,20,18,2774.030960776843,820.5168255594845,27820897,27820897,0.04632364213466644,0.9467034805890228,0.9324425891031283,0.8941559472764808,0.9026130169926259,0.8983645791783007,0.8622649323373937,0.9878535916095778,0.9682180675520511,0.06242427268358618,0.13873056158544358,0.24535286004499338,0.9479375836680054,0.9331738243892669,0.898618982996727,0.9022924014107085,0.900451945766508,0.8652069775321173,0.9887332268468308,0.9706874350540392,0.06196087121111941,0.14034376567417575,0.2445036400367198,0.9484100418410042,0.9324253690159822,0.9028985507246376,0.898989898989899,0.900939985538684,0.8660671185459683,0.9884593697743597,0.9700185875230601,0.06199252541873988,0.14032346949183916,0.24440678952304798,,,,,,,,,,,,,,,,,,,,,,,0.4481847584247589,0.269113807600983,0.9395289491298527,0.9408624731566573,0.8906456859704203,0.8516017946133093,0.9436518114780378,0.8432777021703316,0.002853658139331611,0.038306628493270156,0.12472052370719681,,,,,,,,,
convnext_tiny_soft_d4_s224_full_bce_nfull_seed1,convnext_tiny,gz2,soft,d4,224,full,bce,0,1,False,True,15,9,2032.344842992723,817.5245577722634,27820897,27820897,0.0430467315018177,0.9547774431057564,0.9450604891948411,0.904153605015674,0.9247354921449182,0.914328736725313,0.8837183505210434,0.991506714515327,0.9779631160397124,0.058500849380845925,0.14229960381880924,0.235072642864607,0.9563671352074966,0.9476396787571977,0.905859375,0.9293844180827188,0.917471118847919,0.8879565803768373,0.992251613531582,0.9798509455156046,0.05813085620604213,0.14441327566436496,0.23460082078591837,0.9551046025104603,0.9449927535851029,0.9059748427672956,0.9238415905082572,0.9148209891243947,0.8844223086014237,0.99203930088642,0.9789641390694845,0.058031466453276705,0.14235358074650356,0.23405971223790475,,,,,,,,,,,,,,,,,,,,,,,0.4383043050765991,0.2372442270770298,0.9425619143239625,0.9501217181321886,0.8977205005959477,0.8622158356944755,0.9659345944212889,0.8385054272195936,0.003548385285156162,0.03245476600423282,0.10478877554688738,,,,,,,,,
convnext_tiny_soft_d4_s224_full_bce_nfull_seed1_scratch,convnext_tiny,gz2,soft,d4,224,full,bce,0,1,False,False,20,19,3046.5951367672533,826.9353486520666,27820897,27820897,0.04494559392333031,0.9481885876840697,0.9339140024653969,0.8980810574090293,0.9040557871112536,0.9010585180746953,0.8659733442612365,0.9887199476430725,0.9704821846068086,0.062092343946692684,0.14080131377748503,0.24476635402937932,0.949841030789826,0.9359393606425117,0.9015139442231076,0.9068611734530299,0.9041796531607128,0.8702162180233808,0.9893700943737935,0.9723481274748391,0.06172929364118551,0.14269887322775485,0.24410083958525827,0.9496652719665272,0.9332227428907872,0.9074134023955973,0.8988295654962322,0.9031010873942811,0.8691225772612277,0.9891005675885557,0.9715790914584479,0.06177541725717535,0.14218435691973533,0.24408258219523457,,,,,,,,,,,,,,,,,,,,,,,0.4407435266102163,0.25885762429244996,0.9393616131191432,0.9436010630731394,0.8912807050440653,0.8528567241490155,0.9524687399807631,0.8374797378250758,0.0023262900946421847,0.03703029584834408,0.12005923743379975,,,,,,,,,
convnext_tiny_soft_d4_s224_full_bce_nfull_seed2,convnext_tiny,gz2,soft,d4,224,full,bce,0,2,False,True,16,10,2193.656793810427,820.4567995300258,27820897,27820897,0.03933976963162422,0.9556768741633199,0.9378135852150518,0.9275864916191892,0.9004488618146842,0.9138162443567739,0.8841687503965572,0.9916233031339564,0.9782398850941102,0.05893371540593544,0.14449536934110196,0.23607637046236007,0.9573293172690763,0.9399685707437937,0.9308124174372523,0.903655017633857,0.9170326988775012,0.888496529365971,0.9924366081415886,0.9803389259410044,0.058492731365988156,0.14657366884805462,0.23545071796597897,0.9548535564853556,0.9353845717713691,0.9296901032989003,0.8946608946608947,0.9118392025492278,0.8818056763141168,0.9920143699041205,0.978894587618927,0.058626010324817984,0.14343402922831505,0.2353444161193074,,,,,,,,,,,,,,,,,,,,,,,0.4130035638809204,0.22666246239076912,0.9403865461847389,0.9494795795315208,0.8945069588392064,0.8581559259920262,0.9684995190766271,0.8310178817056396,0.002150871649243836,0.03173010681597511,0.10271159179932934,,,,,,,,,
convnext_tiny_soft_d4_s224_full_bce_nfull_seed2_scratch,convnext_tiny,gz2,soft,d4,224,full,bce,0,2,False,False,20,19,2525.3282217616215,823.8717326132345,27820897,27820897,0.04269011318683624,0.945343875502008,0.9291635252715895,0.8952472549491064,0.8953190125040077,0.8952831322887028,0.8583047998495456,0.9876058069078955,0.9678036428174007,0.06285891509746498,0.13821827340419152,0.24651691674762546,0.9471218206157965,0.9316626743680709,0.8981748318924111,0.8993267072779737,0.8987504005126562,0.8629677079340252,0.9884694701225878,0.9700797321668975,0.06241994887310174,0.14045214543332268,0.24583590424416502,0.947907949790795,0.9304780473419247,0.9051948051948052,0.8940195606862273,0.8995724772122288,0.8644381941343096,0.9879851909329724,0.9687344363907473,0.06250014455175285,0.1404552652022829,0.24574327498906043,,,,,,,,,,,,,,,,,,,,,,,0.4387852251529693,0.2723296353157701,0.9373535809906292,0.9413092043096571,0.8877814830079809,0.8480365575062788,0.9495831997435076,0.8335326813480617,0.002953334160224995,0.038711095151003336,0.12549719938874185,,,,,,,,,
convnext_tiny_soft_d4_s224_full_bce_nfull_seed3,convnext_tiny,gz2,soft,d4,224,full,bce,0,3,False,True,17,11,1777.4473615475,824.8447848318991,27820897,27820897,0.04289308190345764,0.9543172690763052,0.9427269700063452,0.9075716774908918,0.9184834882975312,0.912994980479643,0.8820528632137511,0.9913986331170088,0.9776222025139705,0.06064501729392189,0.14707685053274358,0.24121371020317578,0.9562207161981259,0.945051773264058,0.9115338882282996,0.9216896441167041,0.9165836355665378,0.8869324674860415,0.9923120805849643,0.979988385913678,0.06010567768850545,0.1492432930516973,0.24023193605550036,0.9547280334728033,0.9420413165152639,0.9114126097366321,0.9155042488375822,0.9134538473844185,0.8828048209891962,0.9919575773715312,0.9784820842176201,0.0602672834484394,0.147339378932187,0.2403774664329246,,,,,,,,,,,,,,,,,,,,,,,0.4363818168640136,0.22013078044773413,0.9416206492637216,0.949562678059524,0.8962414959663928,0.8602774660198984,0.9661750561077268,0.8357484573251057,0.0035160836128991873,0.03252006087234811,0.10460059348189359,,,,,,,,,
convnext_tiny_soft_d4_s224_full_bce_nfull_seed4,convnext_tiny,gz2,soft,d4,224,full,bce,0,4,False,True,20,15,2468.782754504122,823.4086078573085,27820897,27820897,0.045668162405490875,0.9547774431057564,0.9449567873135394,0.9044071518193224,0.9244148765630009,0.9143015696844775,0.8836886831364688,0.9914456564937069,0.9777721722442263,0.060275910790279615,0.14622729437760332,0.23978665357158674,0.9564508032128514,0.94709999884937,0.907607843137255,0.9275408784866944,0.9174661063981607,0.8879894327261207,0.9922956185465134,0.9799261317248805,0.059766649036822876,0.14817378206302909,0.23892457417285531,0.9563179916317992,0.946695281425131,0.9079340141398272,0.9265672599005932,0.9171560069830186,0.8875838224625919,0.9922097692578359,0.9793061476594072,0.05991495173043963,0.14801318897394206,0.23908726478591627,,,,,,,,,,,,,,,,,,,,,,,0.45972962385826843,0.21880188689198934,0.9483140896921017,0.9509800943930313,0.9061847450548617,0.8729565835660444,0.9565565886502084,0.8608526293010171,0.0030651897303461367,0.03248534653416433,0.10513951077855256,,,,,,,,,
convnext_tiny_soft_d4_s224_full_focal_nfull_seed0,convnext_tiny,gz2,soft,d4,224,full,focal,0,0,False,True,20,14,2714.456896134652,818.5164861451818,27820897,27820897,0.04352644830942154,0.9536688420348058,0.9443882373028625,0.9002262266947499,0.9249759538313562,0.9124332872109112,0.8810925021772728,0.9913523288840012,0.9775116249094817,0.037366419358465935,0.05300736016834029,0.14324752323576975,0.956074297188755,0.9470267505481917,0.9058832733531529,0.9281019557550497,0.9168580251801409,0.8871368591126088,0.9921059926057691,0.9794697438430477,0.03644140215141134,0.05583492221552757,0.14127971717747737,0.9536401673640167,0.9434315330822153,0.9024007531774675,0.922077922077922,0.9121332275971452,0.8807464934753253,0.9916281824979857,0.9778269702001945,0.03702315677061477,0.053043710309700356,0.14241194285349978,,,,,,,,,,,,,,,,,,,,,,,0.3720487952232361,0.4875732177889775,0.9421017402945113,0.9501733422136311,0.8970927206483753,0.86146298856123,0.9670567489579993,0.836569130495077,0.0047079070801395685,0.032945833183105296,0.10677812774481256,,,,,,,,,
convnext_tiny_soft_d4_s224_full_focal_nfull_seed1,convnext_tiny,gz2,soft,d4,224,full,focal,0,1,False,True,17,11,2583.9326209770516,798.5141661660016,27820897,27820897,0.04455168917775154,0.9542126840696118,0.9401155165273829,0.9136308805790109,0.9106284065405579,0.9121271727349365,0.8811698477945299,0.9912372522819948,0.9771165218190726,0.037992770574954926,0.057646881357807656,0.14620058631055685,0.9555095381526104,0.9416151194148761,0.9165928669189276,0.9125521000320616,0.9145680202434028,0.8844953812838585,0.9921783051127133,0.9795984882139928,0.03688708717471378,0.06001330993863005,0.14385564759266065,0.9552301255230126,0.941084535037997,0.9164920199903273,0.9114959114959115,0.9139871382636656,0.883733294519526,0.9916481254683522,0.9778905337172904,0.037490935748934494,0.058490739420921416,0.14515196598514377,,,,,,,,,,,,,,,,,,,,,,,0.3757064342498779,0.4594593674023642,0.945615796519411,0.9508915603183971,0.9022629877452824,0.8679912740764949,0.9619268996473228,0.8495681721648025,0.0036687989375594632,0.032608514200797474,0.10559499044114977,,,,,,,,,
convnext_tiny_soft_d4_s224_full_smooth_nfull_seed0,convnext_tiny,gz2,soft,d4,224,full,smooth,0,0,False,True,15,9,2019.09212415386,820.6692230898251,27820897,27820897,0.04572462663054466,0.9533132530120482,0.9471290912742435,0.8920097964181846,0.9341936518114781,0.91261451726568,0.8812233204859896,0.991403526470132,0.9776195188803127,0.06915606497323991,0.17553988641917762,0.2760332308060941,0.954735609103079,0.9494654416656592,0.8934676434676435,0.9384418082718821,0.9154026583268179,0.8850267256353631,0.9922238516359654,0.9797159589965471,0.06889860124849462,0.17752159844695586,0.2757032066304248,0.9538912133891213,0.9475426625023711,0.8938487498082528,0.9342632675966009,0.9136092819065539,0.8825852661688357,0.9918005571159998,0.9782628550933836,0.06887681082476944,0.175974068263834,0.27544608709254864,,,,,,,,,,,,,,,,,,,,,,,0.4644496445929193,0.2121103136204122,0.945615796519411,0.950269349030587,0.9020863146795209,0.8676519017277101,0.9600032061558191,0.8507600511436284,0.0036942769774221513,0.03350479434269459,0.1085105574552128,,,,,,,,,
convnext_tiny_soft_d4_s224_full_smooth_nfull_seed1,convnext_tiny,gz2,soft,d4,224,full,smooth,0,1,False,True,15,9,1990.900719405152,825.010369873476,27820897,27820897,0.03916265815496445,0.9552794511378849,0.9451667954198542,0.9064318289039157,0.9240141070856044,0.9151385250456457,0.8848577487922205,0.9915021115419903,0.9778829559435089,0.06777137326072284,0.17544831650567252,0.27264790851324094,0.9565763052208835,0.947210833184181,0.9079711281970815,0.9276210323821737,0.9176909047656807,0.8882982471253597,0.9922321637573577,0.9797807761370954,0.06753466601909824,0.17735767045442932,0.27243309265101573,0.9552301255230126,0.9447146639771524,0.9072993851489831,0.9227192560525894,0.9149443561208267,0.8846246605377737,0.9919923981427311,0.9788842350679399,0.06733819702099982,0.1750917611137095,0.27173171015657194,,,,,,,,,,,,,,,,,,,,,,,0.4422955220895901,0.21047185023473033,0.9424991633199464,0.9502866674625492,0.8976811702088063,0.8622072329817149,0.9665758255851234,0.8379542769786672,0.00279026884056385,0.032367053966733,0.10478757673978802,,,,,,,,,
convnext_tiny_soft_d4_s224_partial_bce_nfull_seed0,convnext_tiny,gz2,soft,d4,224,partial,bce,0,0,False,True,15,9,1817.862271167338,825.8643135841924,27820897,15471361,0.07809015363454819,0.9339859437751004,0.9223607390267203,0.8560513447432763,0.8980442449503045,0.8765451416053825,0.8319722278200867,0.9823120461477364,0.9554811112695039,0.06664018828701077,0.1263571899748389,0.2544742734210864,0.9387968540829986,0.9291155173259273,0.8637263863497867,0.9088650208400129,0.8857209810967036,0.8444757455594882,0.9851234011552833,0.9621631886272007,0.06498528926608899,0.1318637108458474,0.2512233009977481,0.9351882845188284,0.9235319752125126,0.8590686274509803,0.8991502324835658,0.8786525656090873,0.8348747426250366,0.9828341041423001,0.9566838277985703,0.06630621664116175,0.12754165219704167,0.2536216607777232,,,,,,,,,,,,,,,,,,,,,,,0.4542300403118133,0.331044025719731,0.926434906291834,0.928737039034339,0.8688224982283391,0.821857696302195,0.9335524206476434,0.8124869201255668,0.0035003001900654595,0.0472136483687582,0.153283597109945,,,,,,,,,
convnext_tiny_soft_d4_s224_partial_bce_nfull_seed1,convnext_tiny,gz2,soft,d4,224,partial,bce,0,1,False,True,14,8,1856.1725291330367,820.7529305169998,27820897,15471361,0.07362201064825058,0.934885374832664,0.9215433516876347,0.8619250096637031,0.893635780698942,0.8774939986619968,0.8334243067033701,0.9821292271175374,0.9549261173296745,0.06790353899280502,0.13200187172779346,0.2595313776848104,0.9395289491298527,0.9283404709894805,0.8687956906502501,0.9049374799615262,0.8864983706960857,0.8456332140967231,0.9850295529036944,0.9620303465558047,0.06630512517388806,0.13724326751890112,0.2561686020378991,0.937489539748954,0.9230145427280682,0.8709526044110746,0.8927368927368927,0.8817102137767221,0.8393578997556013,0.983315458640526,0.9580801461509321,0.06722174533401427,0.13484732541415423,0.2579259271770357,,,,,,,,,,,,,,,,,,,,,,,0.442636489868164,0.3121131543921963,0.9242177041499331,0.9284814050040495,0.8658793914041388,0.8181132879569167,0.9373998076306509,0.804498864965261,0.004329979418367256,0.04684193518641422,0.15306350313117925,,,,,,,,,
convnext_tiny_soft_debiased_d4_s224_full_bce_nfull_seed0,convnext_tiny,gz2,soft_debiased,d4,224,full,bce,0,0,False,True,6,0,777.1415373040363,820.0517089796626,27820897,27820897,0.07524731755256653,0.7444151606425703,0.821846152469642,0.5052900251121815,0.9838089131131773,0.6676639377702832,0.5654399047944672,0.9457491430075803,0.8715402718674566,0.19078586820778573,0.07161427459771805,0.5951600159170194,0.7450008366800536,0.8225534994811458,0.5058673364351299,0.9847707598589291,0.6683894132687757,0.5666810895866689,0.9472090421307314,0.8761585685523057,0.18991695156595634,0.06798076112221657,0.5898847137930721,0.7464853556485356,0.8238678204614531,0.5073444462782637,0.9857303190636524,0.6698992100245164,0.5689746501897962,0.9470265780065927,0.8737079207045706,0.18970561852092369,0.07219708145942899,0.5929294243888098,,,,,,,,,,,,,,,,,,,,,,,0.7146279811859131,1.7486031323820772,0.8388345046854083,0.8631448368640915,0.7474681262495493,0.6580551485751662,0.9139948701506894,0.6322705849736623,0.08153982137662101,0.1888384560286409,0.5592990995068793,,,,,,,,,
convnext_tiny_soft_debiased_d4_s224_full_bce_nfull_seed1,convnext_tiny,gz2,soft_debiased,d4,224,full,bce,0,1,False,True,10,4,1328.8777206158265,820.6819606886322,27820897,27820897,0.08730176836252213,0.7095256024096386,0.8000303455951401,0.47296624133042114,0.9893395319012503,0.6399813340937962,0.5292754686577866,0.9410064414131376,0.8648457161304547,0.2150823145235694,0.09380062859691805,0.6602667025762463,0.7110525435073628,0.8011152543870306,0.4742969110189027,0.989499839692209,0.6412320797839185,0.5310497517010615,0.9427645662486419,0.8690984276799344,0.21373310859897496,0.09178349922222262,0.6551471700121853,0.7134728033472804,0.802829470873782,0.47642201126804046,0.9897386564053231,0.6432218401583828,0.5338605270560043,0.9420945961076932,0.8665576424393299,0.21333994123320107,0.09359396728823374,0.6565693391705377,,,,,,,,,,,,,,,,,,,,,,,0.810254024680393,2.1567416675626676,0.8464692101740294,0.8536103844457776,0.7470012408658486,0.6529557331752532,0.8685476114139147,0.6552975326560232,0.09214285650402668,0.2047028403720789,0.5925670760239498,,,,,,,,,
convnext_tiny_soft_debiased_d4_s224_full_bce_nfull_seed2,convnext_tiny,gz2,soft_debiased,d4,224,full,bce,0,2,False,True,6,0,622.6616940181702,826.0579117650364,27820897,27820897,0.07529585808515549,0.6698251338688086,0.7736374999287662,0.4409760622168314,0.9907823020198782,0.6103142666699582,0.48800907812872074,0.9411499627569775,0.8680183616834122,0.23856812056917967,0.11324716042562039,0.7274369900408804,0.669260374832664,0.7737220685044393,0.44062789207659997,0.992225072138506,0.6102538821789499,0.4883907587663378,0.9429052450466018,0.873169547230142,0.238589586076773,0.11414623603993378,0.7248791479558399,0.6724267782426778,0.7759411591055894,0.4430289149728027,0.9924643257976591,0.6125983472710178,0.4918202584240917,0.9423084452052729,0.8702114585553257,0.2370452275602187,0.11193956993956697,0.7236066325150924,,,,,,,,,,,,,,,,,,,,,,,0.8019358515739441,2.7177052709753653,0.8350694444444444,0.8538828741152446,0.7386736486262553,0.6437228427603194,0.8932350112215454,0.6297112504944341,0.09851343491235436,0.21685828530020498,0.6186200740563799,,,,,,,,,
convnext_tiny_soft_flip_s224_full_bce_nfull_seed0,convnext_tiny,gz2,soft,flip,224,full,bce,0,0,False,True,17,11,2053.766563925892,822.8674203425428,27820897,27820897,0.0719146728515625,0.9540453480589023,0.9410133980507603,0.9104704097116844,0.9137544084642514,0.9121094531343762,0.881001599077692,0.9908011301998716,0.9762799057779572,0.05924375977233891,0.14131903555236414,0.23551449670362445,0.9569737282463187,0.9450167915741369,0.9155300311079205,0.9200064123116384,0.9177627633630512,0.8886331052829108,0.9922462040737599,0.9798695067001448,0.05833943938143471,0.1447599466243033,0.23410065173329367,0.9561924686192469,0.9437062549878417,0.9148017902813299,0.9175885842552509,0.9161930681181462,0.8865408639666248,0.9917015049117939,0.9780980924092701,0.05868500158175595,0.14354215131955667,0.23442871413235647,,,,,,,,,,,,,,,,,,,,,,,0.4570087096222808,0.2294694928705386,0.9479794176706827,0.9483944529547903,0.904978412868223,0.8710680156106586,0.9492625841615903,0.8646418923851938,0.0031995060695759,0.03321054530459394,0.10773151235599181,,,,,,,,,
convnext_tiny_soft_flip_s224_full_bce_nfull_seed1,convnext_tiny,gz2,soft,flip,224,full,bce,0,1,False,True,13,7,1718.739444732666,819.9302343638656,27820897,27820897,0.058974891901016235,0.9547774431057564,0.9420531346370926,0.9116379310344828,0.9154376402693171,0.9135338345864662,0.8829194895587265,0.9913436934882369,0.9774667307289098,0.062009964824714145,0.152664079760445,0.247013582572576,0.9572874832663989,0.9455401693792556,0.9158297465327594,0.9209682590573902,0.9183918152026216,0.889472536048174,0.9923078700780581,0.9799711809105338,0.06161349746740321,0.15584561388515414,0.24655821521399443,0.9553974895397489,0.9428572536009929,0.9128213316302092,0.91662658329325,0.91472,0.8845253850610946,0.9918132608879745,0.9783728813454649,0.06184207500106971,0.15352278634734356,0.2467696776086707,,,,,,,,,,,,,,,,,,,,,,,0.4520320260663671,0.21460870553444103,0.9474146586345381,0.9506567610377985,0.9047871534615968,0.8711272529396101,0.9574382815004809,0.8576249282021826,0.0021451486972029928,0.032280136498807226,0.10466617876825561,,,,,,,,,
convnext_tiny_soft_flip_s224_full_bce_nfull_seed2,convnext_tiny,gz2,soft,flip,224,full,bce,0,2,False,True,16,10,2107.4235542593524,813.2540044044055,27820897,27820897,0.06413210183382034,0.9537106760374833,0.9362759425755097,0.9209943391582575,0.8998076306508497,0.9102777214676667,0.879200963377205,0.991043075545532,0.9767866127714762,0.05764426512481636,0.13751082657750663,0.2310651615567201,0.9568691432396251,0.9400461202955617,0.9280664255179217,0.9048573260660469,0.9163149350649351,0.8873982393285383,0.9922651354746931,0.9798383805843973,0.056831849166146475,0.14095787193844034,0.22964029776840497,0.9548117154811715,0.9367564566001978,0.9257057949479941,0.898989898989899,0.9121522693997072,0.8819149637576006,0.9917718907981038,0.9782679579837038,0.05720100799087759,0.1387480677738318,0.2302413149696083,,,,,,,,,,,,,,,,,,,,,,,0.4244119822978973,0.2391546816185413,0.9435240963855421,0.948931977700139,0.8987246811702926,0.8631937384831371,0.9602436678422571,0.8446136491821771,0.0032037971114917247,0.03295007155852075,0.10607905963133189,,,,,,,,,
convnext_tiny_soft_none_s224_full_bce_nfull_seed0,convnext_tiny,gz2,soft,none,224,full,bce,0,0,False,True,20,15,2265.140181570314,826.9212273376857,27820897,27820897,0.09019842743873596,0.9524974899598394,0.9402254434253606,0.904478795085216,0.9145559474190446,0.9094894583715276,0.8773141963322323,0.9907114300689068,0.976162856560535,0.06024135360353831,0.1414302371686598,0.237831464726781,0.9564298862115127,0.9427562938276111,0.9184988322461142,0.9141551779416479,0.9163218575503154,0.8868736983775244,0.9920885584756106,0.9795280392161712,0.05922425125662527,0.14533477061830363,0.2358043897270902,0.9548953974895398,0.9437621760934147,0.9079550846117349,0.9204745871412539,0.9141719745222932,0.8836217909191011,0.9912997589024688,0.9770001766992766,0.06000610921610742,0.14394667398037436,0.23745129635115578,,,,,,,,,,,,,,,,,,,,,,,0.4421546757221222,0.2323905865653605,0.9428756693440429,0.9483895800189959,0.8976501892590788,0.8617474553480959,0.9599230522603398,0.8429647356936721,0.003045475141991969,0.03349713374151833,0.10829189466674001,,,,,,,,,
convnext_tiny_soft_none_s224_full_bce_nfull_seed0_op,convnext_tiny,gz2,soft,none,224,full,bce,0,0,True,True,20,14,39146.112359109335,535.5870800814243,27820897,27820897,1.3096723705530167e-08,0.9542126840696118,0.9416191938062572,0.9098079834276154,0.9152773324783584,0.9125344627801973,0.8815316053375191,0.9914339233354533,0.9776489323478628,0.05887993423256519,0.14068816043931331,0.23402370141226125,,,,,,,,,,,,0.9568619246861925,0.9446259100432608,0.9159475870885266,0.9190315856982524,0.9174869947979192,0.8882867436726003,0.9920771126493069,0.9792159617920547,0.05848220258359202,0.1433022112936701,0.23314462705531147,0.9613565734360222,0.9584481676296326,0.9739979445015416,0.967435688035933,0.9707057256990679,0.9139953898828721,0.9902776223452234,0.9946151078134466,0.05069494359235661,0.11585979129513302,0.20336948386250642,,,,,,,,,,,,0.446977436542511,0.22587022672864437,0.9470172356091031,0.9508804669031108,0.9042742148822795,0.8705143057959837,0.958961205514588,0.8554880228816589,0.0034776763584428534,0.032372411852390676,0.1043562573543543,0.9609512228077287,0.9530626743212351,0.9707015409570153,0.9123789453832737,0.9774397713352388,0.9640555779299235,0.014007619253440932,0.031519171540142686,0.12979734190543907
convnext_tiny_soft_none_s224_full_bce_nfull_seed1,convnext_tiny,gz2,soft,none,224,full,bce,0,1,False,True,8,2,985.7042366219684,818.5220992428972,27820897,27820897,0.06361472606658936,0.9444444444444444,0.9457176730982039,0.8546662814215544,0.9483808913113178,0.8990881458966565,0.8631205021591557,0.9901095601120098,0.9742793618244486,0.06517240148214107,0.14287415391899871,0.2526912362315661,0.9483350066934404,0.9494387176509205,0.8640663658856061,0.9517473549214491,0.9057899153253489,0.8722414663142839,0.9914747024124426,0.9778162548259066,0.06434282604480875,0.1476662545290388,0.25139597739263847,0.9477405857740586,0.9489821918533539,0.8623946527172334,0.9515792849126182,0.90479457275707,0.8708986635855851,0.9908224256768294,0.9755485223146902,0.06484990329519699,0.14634243929018284,0.25203962835936145,,,,,,,,,,,,,,,,,,,,,,,0.4917609691619873,0.24581467526987533,0.9422690763052208,0.945879224077624,0.8960451977401132,0.8592634377178159,0.9534305867265149,0.8451755009236891,0.004482924730116569,0.039253190032057,0.1251635490190321,,,,,,,,,
convnext_tiny_soft_none_s224_full_bce_nfull_seed1_op,convnext_tiny,gz2,soft,none,224,full,bce,0,1,True,True,20,17,39032.68260573689,651.5892763133239,27820897,27820897,9.720679372549057e-09,0.9535015060240963,0.9402825030534342,0.9094975637031711,0.9126322539275409,0.9110622124424885,0.8795868355744456,0.9913987907841586,0.9775558247916916,0.05908002203718268,0.1401021580119364,0.23423527768204028,,,,,,,,,,,,0.9579497907949791,0.944947039976197,0.9208494208494209,0.9177489177489178,0.9192965550469767,0.8908665820516725,0.9919828169842324,0.97901355034939,0.05856351806638044,0.144167200951724,0.2330670251799446,,,,,,,,,,,,,,,,,,,,,,,0.4385782735352225,0.2262433088073354,0.9448000334672021,0.9495359631191537,0.9007110877008164,0.8657914888027157,0.9594421288874639,0.8487555839183153,0.003847208210048783,0.032550107421476474,0.1042628550810844,,,,,,,,,
convnext_tiny_soft_none_s224_full_bce_nfull_seed2,convnext_tiny,gz2,soft,none,224,full,bce,0,2,False,True,19,13,1910.639023750089,832.8708674023488,27820897,27820897,0.08924805372953415,0.953125,0.9402092547522558,0.9077364353437973,0.9131933311958961,0.9104567067567026,0.8787171764016082,0.9908175718209938,0.9763305129479127,0.060697726326037496,0.14378926665457678,0.23968728026716823,0.9560533801874164,0.941594175772765,0.919530934088152,0.9113497915998717,0.9154220844571475,0.8857534012545311,0.9920147203404907,0.9792684230080659,0.05984100275657987,0.1465750164210637,0.2378120151237465,0.9546861924686193,0.942946470480487,0.9089178038717868,0.918390251723585,0.9136294760347715,0.8829385754907191,0.9912658140969677,0.9769476064308039,0.06073034319791715,0.1458306697564198,0.23984392636883095,,,,,,,,,,,,,,,,,,,,,,,0.44344666602326194,0.22755147342655252,0.9437960174029452,0.9488048412626192,0.8990722307778989,0.8636019989644266,0.9592818210965053,0.8459744115360147,0.003365567297124449,0.03337061717363541,0.10770388587761741,,,,,,,,,
convnext_tiny_soft_none_s224_full_bce_nfull_seed2_op,convnext_tiny,gz2,soft,none,224,full,bce,0,2,True,True,9,3,15487.181324282661,584.9044043454184,27820897,27820897,7.275957614183426e-09,0.9531459170013387,0.9315124482003295,0.9308806196329349,0.8862616223148445,0.908023322657469,0.8770913929133272,0.9911988098548512,0.9770256909929486,0.06192212191756874,0.1510042755945132,0.2472297160512217,,,,,,,,,,,,0.955439330543933,0.9346399827726142,0.9350605652759085,0.8911335578002245,0.9125687546178476,0.8831522469632916,0.9917064566142677,0.9782714985158373,0.06177990100859888,0.15357502442632637,0.24701514748792905,,,,,,,,,,,,,,,,,,,,,,,0.4210756123065948,0.2198703939804044,0.9438796854082999,0.9494836584600862,0.8993887576405295,0.8641312669217937,0.961205514588009,0.8450426326544993,0.003282175625122639,0.03312056545793157,0.10625963630237842,,,,,,,,,
convnext_tiny_soft_w_d4_s224_full_bce_nfull_seed0,convnext_tiny,gz2,soft_w,d4,224,full,bce,0,0,False,True,17,11,2302.2828148650005,828.8012829107104,27820897,27820897,0.048991985619068146,0.9543591030789826,0.9428589748424754,0.9074572514249525,0.9188041038794486,0.9130954277521108,0.882181518489856,0.9915616450697305,0.9779866837326364,0.058144223294361426,0.1405048702316034,0.2332171030357821,0.9571201472556894,0.9464121254323075,0.9127474267616785,0.9240141070856044,0.918346212060862,0.889304570646722,0.9923241891952077,0.9800228705559888,0.057614354648813995,0.1433351297156154,0.23220224236649314,0.9548535564853556,0.9424892526951445,0.9109305289993627,0.91662658329325,0.9137696795332854,0.8832001202642844,0.9919615577959763,0.9786504004795765,0.05791829679699462,0.14107467815622873,0.2327550968138645,,,,,,,,,,,,,,,,,,,,,,,0.4462533593177795,0.23225195337715193,0.9457412985274432,0.9503024069544217,0.9022754671488848,0.8678953050005065,0.9598428983648606,0.851222632925789,0.003784347011322899,0.03219200401788278,0.10365524588935825,,,,,,,,,
convnext_tiny_soft_w_d4_s224_full_bce_nfull_seed1,convnext_tiny,gz2,soft_w,d4,224,full,bce,0,1,False,True,15,9,2032.9005298623815,820.3195337257159,27820897,27820897,0.04264236241579056,0.9549029451137885,0.944860217885747,0.9052780395852968,0.9238537992946457,0.914471596318629,0.8839384269286541,0.9915674152336937,0.9781016874465406,0.05853743509952877,0.14285367079413597,0.23542965124031698,0.9566390562248996,0.9475643932603287,0.9074175608991932,0.9285828791279256,0.9178782236659668,0.8885352110999245,0.9923088750643508,0.979992636736928,0.05817538058395467,0.14512670436815436,0.23498544821099357,0.9557740585774058,0.9457568316859868,0.9074889867841409,0.9248035914702581,0.9160644802668149,0.8861186077359395,0.9920288119914458,0.9789404909426181,0.05814445957531587,0.1435102820357456,0.23460892035200603,,,,,,,,,,,,,,,,,,,,,,,0.4421546757221222,0.23693791248196788,0.9441934404283802,0.9509144277265944,0.9002467658715322,0.8654965764225188,0.964972747675537,0.8436580238262088,0.0035894639716514526,0.03235581245156495,0.10434768913548753,,,,,,,,,
convnext_tiny_soft_w_d4_s224_full_bce_nfull_seed2,convnext_tiny,gz2,soft_w,d4,224,full,bce,0,2,False,True,17,11,2154.221855887212,825.2755759879593,27820897,27820897,0.04799916595220566,0.9555304551539491,0.9409552086638293,0.9184184993531694,0.9104680987495992,0.9144260183545323,0.8844019096274518,0.9915627680228115,0.9782090119477649,0.05826230520104124,0.14316603798874922,0.2346901858636882,0.9576430722891566,0.94344745216601,0.9231516722001781,0.9137544084642514,0.9184290030211479,0.8898459260134284,0.9925189285425073,0.9805595524551902,0.05767751034692641,0.14548133674699196,0.23362343253448212,0.9565271966527197,0.941547203780875,0.9221897335932424,0.9102132435465768,0.9161623497135479,0.8868540854031856,0.9920275683924743,0.9788881349448808,0.058015533921670935,0.14414497669552412,0.23410508306173267,,,,,,,,,,,,,,,,,,,,,,,0.4397473335266113,0.23286817269886298,0.9463269745649264,0.9496097785683528,0.9029207021791769,0.8685901323561401,0.9564764347547291,0.8550444253367727,0.002811129054651474,0.03179255115883198,0.10287905766624413,,,,,,,,,
deit3_small_hard_d4_s224_full_bce_nfull_seed0,deit3_small,gz2,hard,d4,224,full,bce,0,0,False,True,18,12,2784.235212638974,1335.4430481943457,21674881,21674881,0.06747110188007355,0.9471427376171352,0.9280213345296012,0.9074453272176264,0.8880250080153895,0.8976301397609885,0.8621012210778164,0.9882970401098333,0.9696396084001998,0.03899933711297559,0.0194700757474569,0.13266928249549248,0.9510751338688086,0.9321077131513767,0.9178138653037672,0.8924334722667522,0.9049457471451213,0.8721703984748412,0.9900928700800544,0.9741971117968553,0.03556836832297397,0.015605369597884392,0.11880968284338952,0.947531380753138,0.9271635973781702,0.9117501239464552,0.8845598845598845,0.89794921875,0.8628271776317429,0.9889346696702941,0.9713905914431231,0.037838549374388394,0.0184414280856107,0.1270936068610672,0.9454803404945278,0.9472348983588008,0.9749550882384022,0.9418129848917925,0.9580975128511345,0.8812337280736297,0.9864225505954716,0.9928487326882681,0.044381235656419445,0.02913354651109914,0.1902990426515141,0.9495338467774626,0.9518113788158171,0.9782264031286333,0.9447733768885259,0.9612089110453342,0.890178622744657,0.9882174363405808,0.993719907412619,0.04087906871677655,0.025305518332123716,0.1713448054056488,0.16276577290724448,1.4886134064515275,0.9376255020080321,0.9416746518083201,0.8882727613338328,0.8487215908237404,0.9501442770118628,0.8339665118896862,0.0033103113026538506,0.03759578354123057,0.12144661837917295,0.948317794892582,0.9412225337761284,0.961038961038961,0.8843208668026544,0.9631482237648019,0.9589389165565606,0.014569080872586198,0.042655932832682826,0.15611549863820987
deit3_small_hard_d4_s224_full_bce_nfull_seed1,deit3_small,gz2,hard,d4,224,full,bce,0,1,False,True,17,11,2667.883969287388,1139.0207595861718,21674881,21674881,0.06323696672916412,0.9471845716198126,0.9293718364710261,0.9042164270046308,0.8921128566848349,0.8981238652410732,0.8625134948372449,0.988428975753905,0.9700502513648339,0.0385023515922542,0.015554799110873978,0.1265745696715844,0.952455655957162,0.9359712888074889,0.9150597998535513,0.9014908624559154,0.9082246537731659,0.8761892733193878,0.9905076957539979,0.9754316164789095,0.034154864530155635,0.010153636478798267,0.11151574068180396,0.9484100418410042,0.9293138299252776,0.9108374384236453,0.8893698893698894,0.8999756631783888,0.8653352098303435,0.9886855413945942,0.9705044579504409,0.037806145232678674,0.014459576166627786,0.12509621437484802,,,,,,,,,,,,,,,,,,,,,,,0.18545717208558002,1.3585469844979197,0.9364541499330656,0.9413747530093055,0.8865740740740741,0.8465398519078174,0.9516672010259699,0.8298154878389712,0.0034120722639974605,0.037542066624331,0.12059665647682387,,,,,,,,,
deit3_small_hard_d4_s224_full_bce_nfull_seed2,deit3_small,gz2,hard,d4,224,full,bce,0,2,False,True,17,11,2678.815280497074,1332.7814718430473,21674881,21674881,0.07073305547237396,0.9470381526104418,0.9315282920474377,0.8980784627702162,0.8990862455915357,0.8985820716173997,0.8627436941348956,0.9886179812347144,0.9704700796126181,0.03847276354995506,0.018427330338509434,0.12928896525278444,0.9522883199464525,0.9388135806052726,0.9069210505308534,0.9106284065405579,0.9087709474863016,0.8764716388642004,0.9904795164374379,0.9753009977251785,0.03460400781871945,0.013302710638155493,0.11459359899995786,0.9473640167364017,0.9318732519208089,0.8988944079474444,0.8994708994708994,0.8991825613079019,0.8635674501903587,0.9888504271866858,0.9708233627086155,0.038418653797025276,0.018202126050966237,0.1275577202738889,,,,,,,,,,,,,,,,,,,,,,,0.1980641782283783,1.475880175227877,0.9380856760374833,0.9426859720102198,0.8892298480652645,0.8501139898448222,0.9523084321898044,0.8339884879966306,0.003124154138336403,0.0372119543917877,0.11976448858013035,,,,,,,,,
deit3_small_hard_d4_s224_full_bce_nfull_seed3,deit3_small,gz2,hard,d4,224,full,bce,0,3,False,True,19,13,2989.9411218352616,1302.6956821432482,21674881,21674881,0.06341226398944855,0.9460968875502008,0.92923224546297,0.8989280245022971,0.8939563962808592,0.8964353172848935,0.8600089555625802,0.9883992356459917,0.9700234764702428,0.03976039819831253,0.024263785406544516,0.13852622561819442,0.9520373159303882,0.936854905423848,0.9105717280864446,0.9050977877524847,0.9078265064115447,0.8754192395480589,0.9902097331983261,0.9746350161630618,0.03576330576349264,0.01774445150278899,0.12159371079494732,0.9467364016736401,0.9289075452335751,0.9030529392659955,0.8916145582812249,0.8972972972972973,0.8613757850288732,0.9887567714758265,0.9709549196722074,0.038926494596705774,0.02298289476605387,0.13433660240080691,,,,,,,,,,,,,,,,,,,,,,,0.1645164638757705,1.6432326105309738,0.9384830990629184,0.9414770982725416,0.8893903493926059,0.8500952075679932,0.9477396601474831,0.837809112166088,0.004805949603462306,0.0375605704713262,0.12109531787692358,,,,,,,,,
deit3_small_hard_d4_s224_full_bce_nfull_seed4,deit3_small,gz2,hard,d4,224,full,bce,0,4,False,True,17,11,2733.8280839053914,1302.208415894986,21674881,21674881,0.05777168273925781,0.9482095046854083,0.9326578058968658,0.9012841091492777,0.9001282462327669,0.9007058068655758,0.8656750262951436,0.9885206677087187,0.9703058531343225,0.03826552164439385,0.016311300390298242,0.12816709757292233,0.9523929049531459,0.9370954805398901,0.9118217054263565,0.9050977877524847,0.9084473049074818,0.8762919747003469,0.9903715416629477,0.9749344337910301,0.034586064241702213,0.011914671776170855,0.11422473006234642,0.9481589958158996,0.931425778686531,0.9041073738680466,0.8964245630912298,0.9002495773287176,0.8652440421509461,0.9888328851792967,0.9707239795652411,0.0381090224445072,0.0173348474304961,0.12572493584967412,,,,,,,,,,,,,,,,,,,,,,,0.2107662856578827,1.4107173409766791,0.9387550200803213,0.9419980985931571,0.8899330877377641,0.8508708667475343,0.9487816607887143,0.8379583746283449,0.002863566157497246,0.03721495237954487,0.12022627009990378,,,,,,,,,
deit3_small_soft_d4_s224_full_bce_nfull_seed0,deit3_small,gz2,soft,d4,224,full,bce,0,0,False,True,19,13,2986.8724901406094,1275.707036977697,21674881,21674881,0.04860974848270416,0.9538989290495314,0.9431957790974974,0.9042821158690176,0.9208079512664316,0.9124702144559174,0.8812494515450942,0.9910140534470131,0.9765240859640025,0.059515111113081616,0.14344363993052003,0.23814655147673733,0.9554886211512718,0.9461119997740846,0.9051683633516053,0.9264988778454633,0.9157094193139507,0.8855856937921701,0.9919925051525171,0.9791315704378039,0.05896304740391953,0.14541757502561933,0.23717531959167337,0.9543933054393305,0.9435780599040898,0.9058508121747358,0.9209555876222543,0.9133407536969311,0.882452612635887,0.9914118416637807,0.9773537057861335,0.0593962626527961,0.14414813877430166,0.23780193418310983,0.9602080799891907,0.9539663877418147,0.9668390629753575,0.9732543895467538,0.9700361194485424,0.9108683219461754,0.9904701842476655,0.9946426296978541,0.05083026949312886,0.11841625911636042,0.2062099817051192,0.9625726253209026,0.9561435424081548,0.9677125506072874,0.9760106165781952,0.9718438707054279,0.9161193589427131,0.9912864056802724,0.9951623719578437,0.04968870930169656,0.12009572380102454,0.20361725265150687,0.4661164283752441,0.23813899191104454,0.9483559236947792,0.9477936390275079,0.9053624132776267,0.8715082113089404,0.9466175056107727,0.8675530742672446,0.0036788534990146345,0.033341753429442886,0.10782177278943718,0.9579786515335765,0.9477400088452452,0.9686017163048966,0.9056175823168792,0.9793793385055125,0.9580587177950869,0.012650717451336781,0.031151407809256522,0.121069716739867
deit3_small_soft_d4_s224_full_bce_nfull_seed1,deit3_small,gz2,soft,d4,224,full,bce,0,1,False,True,19,13,2970.8177564786747,1323.0919922284638,21674881,21674881,0.047653667628765106,0.9530204149933066,0.94140884541113,0.9042200094831674,0.9171208720743829,0.910624751293275,0.8788030025774527,0.9909084039794082,0.9762064658930313,0.05992511144371991,0.14311764272304042,0.23883322446342892,0.9556977911646586,0.9449831665022814,0.9090191123045332,0.9225713369669766,0.9157450871191025,0.8857400141526596,0.9919800074787315,0.9790959922791544,0.05925193334243382,0.14597214281806317,0.23749493441145672,0.9535983263598327,0.9414325838961141,0.9071133693235948,0.9159852493185826,0.9115277223773434,0.8801002668913006,0.991270084997085,0.9768787049326415,0.059763952580726774,0.14371567393859624,0.23840440771578916,,,,,,,,,,,,,,,,,,,,,,,0.4339814484119415,0.23496337524930094,0.941055890227577,0.9492324391099902,0.8953583364277755,0.8591221403668456,0.9663353638986855,0.8340943683409436,0.002638075364778133,0.033410516011436193,0.10791697912164011,,,,,,,,,
deit3_small_soft_d4_s224_full_bce_nfull_seed2,deit3_small,gz2,soft,d4,224,full,bce,0,2,False,True,19,13,2987.2839592294767,1243.25309839732,21674881,21674881,0.05150280147790909,0.9535642570281124,0.9405323612482803,0.9091924672837536,0.9132734850913754,0.9112284069097889,0.8797914689623377,0.9909879306091764,0.9765454065392137,0.05955370680199631,0.14342005822859444,0.2382603820057179,0.9561579651941098,0.9439982254891239,0.9138755980861244,0.9185636421930106,0.9162136232811001,0.8865308227430345,0.9919327992117786,0.9789924311459646,0.05901034400578814,0.14632613966641217,0.23730054070135237,0.9541004184100419,0.941046251252143,0.9106743368488335,0.913740580407247,0.912204881952781,0.881135195867589,0.9914865574530788,0.9774653895952928,0.05921978220090003,0.14377297441517958,0.2374559075785993,,,,,,,,,,,,,,,,,,,,,,,0.4457708299160003,0.23602634536965345,0.9458040495314591,0.9489708114594173,0.9019860034045774,0.86730094991076,0.9555947419044566,0.8540726413066838,0.0026036687154531706,0.03302367668220268,0.10688206443530084,,,,,,,,,
deit3_small_soft_d4_s224_full_bce_nfull_seed3,deit3_small,gz2,soft,d4,224,full,bce,0,3,False,True,20,14,3146.9093598937616,1288.792343156377,21674881,21674881,0.052944108843803406,0.9531668340026773,0.9430893594428802,0.9008536298848774,0.9220102596986214,0.9113091701326995,0.8796072805406897,0.9910518924286629,0.9765650926927836,0.06054898135940437,0.14552734003705722,0.24140778839173369,0.9561161311914324,0.9469513516217185,0.9062793611024115,0.9277813401731324,0.9169043092522179,0.8872077580577119,0.9920775989072572,0.9793166811019323,0.05984997372615724,0.14861733624042284,0.24008278191224772,0.9539748953974896,0.9428801104054458,0.9054459352801895,0.9196729196729196,0.9125039770919504,0.8813306872649823,0.9914755329935838,0.9774433370728972,0.060191649335781486,0.14609409815207058,0.24050841596543462,,,,,,,,,,,,,,,,,,,,,,,0.4409042199814232,0.2334356361053964,0.9422063253012049,0.9494404100206144,0.8970221013007342,0.8612014928221785,0.9645719781981404,0.8383141762452108,0.003370829662178102,0.03338223312307495,0.10778710924717885,,,,,,,,,
deit3_small_soft_d4_s224_full_bce_nfull_seed4,deit3_small,gz2,soft,d4,224,full,bce,0,4,False,True,19,13,3049.0677290102467,1301.1430467459743,21674881,21674881,0.055302903056144714,0.9518908969210174,0.9446112625905498,0.8909635776855694,0.9293844180827188,0.9097685366810515,0.8773536124006454,0.9909699145851488,0.9763237556072941,0.059230577184583674,0.1385643863411938,0.2354476340778458,0.9554258701472557,0.9488435706666616,0.8982828982828983,0.9350753446617506,0.9163099399128147,0.8862816516753351,0.9920193380596758,0.979114268117839,0.05865297840800101,0.14258810845057207,0.23448289098019365,0.9533891213389122,0.9461139306767645,0.8947449529973802,0.9308962642295976,0.9124626748389125,0.8810390184306583,0.9913744429209903,0.9772282875131332,0.05894175485699586,0.13995760257975454,0.23480752837189026,,,,,,,,,,,,,,,,,,,,,,,0.45122604245783987,0.24515467345645056,0.9429593373493976,0.9496646830339476,0.8981436521869046,0.8626297190274049,0.9636902853478679,0.840945652934182,0.0034687509387768206,0.03404803973358705,0.11001666618274945,,,,,,,,,
densenet121_hard_d4_s224_full_bce_nfull_seed0,densenet121,gz2,hard,d4,224,full,bce,0,0,False,True,19,13,2628.396430171095,947.2458210831315,6954881,6954881,0.06238086149096489,0.9484186746987951,0.9318400782689678,0.9044117647058824,0.897162552100032,0.9007725736359247,0.8659379068920123,0.9888872064001737,0.9717352214141395,0.0373673407553357,0.014826255364971898,0.12449682917566901,0.951786311914324,0.934948081183074,0.9141623910741917,0.8997274767553703,0.9068874974752575,0.8744122177112876,0.9903662206802168,0.9751985977788015,0.034644857394130465,0.01219056949085786,0.11397451441856048,0.950836820083682,0.9348451039839818,0.9094144289873827,0.9013949013949014,0.9053869071583863,0.8721934838536833,0.9895445732694972,0.9727675956067291,0.03617866474910924,0.0129988686640525,0.1199016046271475,0.9366301851101203,0.9437718633107809,0.9814130434782609,0.921702735810535,0.950621183407033,0.865753196259133,0.9851433893863909,0.9921860611483596,0.04997927711145656,0.02833292034648069,0.1948247229001894,0.938319146061343,0.945926994588935,0.9833496571988247,0.9224173131890567,0.9519094021595996,0.8696248134528688,0.9867860384606663,0.993033050952896,0.04802211267087929,0.02676778886577381,0.18374758775911423,0.1613202393054962,1.383596820056748,0.9335048527443106,0.941583059671558,0.8826720797195053,0.8417987515177393,0.9584802821417121,0.8179766057869895,0.0024682922862177704,0.03652254629981592,0.11763831919123648,0.9486555870828266,0.944701107548035,0.961041623949149,0.885838985576138,0.9569211923233973,0.9651976935749588,0.011492181678237609,0.04857831965964694,0.1724768435809839
densenet121_hard_d4_s224_full_bce_nfull_seed1,densenet121,gz2,hard,d4,224,full,bce,0,1,False,True,17,11,2289.381457985379,938.9775363070366,6954881,6954881,0.05674572288990021,0.947623828647925,0.926687588409302,0.9135014098523802,0.882895158704713,0.8979375560446727,0.8629510011699738,0.9887880587174788,0.9710484480593286,0.03740356098689803,0.012689407554133135,0.12282990570137488,0.9514934738955824,0.9316389040602244,0.9213473823944246,0.8901090092978519,0.9054588446328835,0.8730847474978982,0.990268248128221,0.9748847969888936,0.03461947026945384,0.00907110334330952,0.1128317749062309,0.9498326359832636,0.9281500754542329,0.9216605289588216,0.8827962161295495,0.9018098435836541,0.8685039977826576,0.989395309622149,0.9724535582202617,0.03651636234703962,0.011428135245953281,0.11908372049437646,,,,,,,,,,,,,,,,,,,,,,,0.1460872441530227,1.2751360003420147,0.9338604417670683,0.9424717715457356,0.8834414626953702,0.8429616910267509,0.9604841295286951,0.8178405678405678,0.002682332061819206,0.03685007656298297,0.11876515680786241,,,,,,,,,
densenet121_hard_d4_s224_full_bce_nfull_seed2,densenet121,gz2,hard,d4,224,full,bce,0,2,False,True,18,12,2154.8998350687325,949.4981681682888,6954881,6954881,0.06728141009807587,0.9487951807228916,0.932587388798607,0.904485317844466,0.8986854761141392,0.9015760694757157,0.8669811045857118,0.9889019964862593,0.9716662991649351,0.03734376984780577,0.013681077367916985,0.1233518175656561,0.9510542168674698,0.9349453634097584,0.9102979274611399,0.9012504007694774,0.9057515708071533,0.872716092600735,0.9901298764884097,0.9745880969625431,0.0350885911882794,0.011829801603382572,0.11482916639059959,0.948326359832636,0.9307611249618082,0.9066666666666666,0.8940195606862273,0.9002987002502624,0.8654657147310368,0.9893494689301366,0.9724712903604305,0.036676196064824695,0.01472871696039397,0.12077531659063213,,,,,,,,,,,,,,,,,,,,,,,0.1655931174755096,1.368892849674674,0.9336931057563588,0.9423067087857708,0.8831637918325226,0.842583055701311,0.9603238217377364,0.8174808951965066,0.0029794131844251923,0.03656224543491848,0.1175786159105159,,,,,,,,,
densenet121_hard_d4_s224_full_bce_nfull_seed3,densenet121,gz2,hard,d4,224,full,bce,0,3,False,True,18,12,2539.8625041255727,943.0583341151068,6954881,6954881,0.06634995341300964,0.9502593708165997,0.9330854082814211,0.910888671875,0.897162552100032,0.9039735099337748,0.8704588822212246,0.9892577809169446,0.9724371859495395,0.03624323850130589,0.011056398408564738,0.11972145480079684,0.9523301539491299,0.9356789761804002,0.9151534891295497,0.9008496312920808,0.9079452276123924,0.875834925227529,0.9904867929465443,0.9754537385603947,0.034101764361004566,0.008724639849046987,0.11129610271686297,0.9498326359832636,0.932246935256994,0.9107958251793868,0.8954625621292288,0.9030641118926348,0.8692839857826029,0.9896184267091437,0.9730151142055811,0.03595414740574286,0.01141382640827682,0.1176221672354252,,,,,,,,,,,,,,,,,,,,,,,0.1789558827877044,1.3016780349920785,0.9360148929049531,0.9435664171348466,0.8866911138274624,0.8471783657106768,0.9593619749919846,0.824254527925074,0.001719302309819988,0.035787992562323956,0.11569911287833298,,,,,,,,,
densenet121_hard_d4_s224_full_bce_nfull_seed4,densenet121,gz2,hard,d4,224,full,bce,0,4,False,True,18,12,2043.9472352555022,949.5789562483695,6954881,6954881,0.06202135235071182,0.9482095046854083,0.9299874824533476,0.9080300310102823,0.8918723949983969,0.8998786898503841,0.8650165772183013,0.9887187986011825,0.9711064658487949,0.037460716352240936,0.014074809881650423,0.12413376270544772,0.9517653949129853,0.9344672712398023,0.9153054557334205,0.8982847066367425,0.906715210355987,0.8742625888694615,0.9901963655194765,0.9747247753679565,0.03479215939399486,0.01110950391831966,0.11368595049107275,0.9497907949790795,0.9308702938890336,0.9141588554514061,0.8912938912938912,0.9025815879201168,0.8688953828432141,0.9895327273084922,0.972634654272704,0.036370424868845376,0.012629031844963681,0.11899963198351517,,,,,,,,,,,,,,,,,,,,,,,0.1807827984350815,1.32257129847653,0.9371444109772423,0.9429306215176431,0.8880193776784051,0.8486601863567579,0.9550336646361013,0.8297931610836409,0.0025754247592486993,0.0367350540459235,0.11864608253274747,,,,,,,,,
densenet121_soft_d4_s224_full_bce_nfull_seed0,densenet121,gz2,soft,d4,224,full,bce,0,0,False,True,20,14,2190.763475120999,952.805526035937,6954881,6954881,0.04875261336565018,0.9537525100401606,0.9411523084811915,0.9086060027067908,0.9147964091054825,0.9116906977673044,0.8803738998444911,0.991267181817347,0.9772106429434166,0.05898530689839212,0.14208508025956282,0.2361397786390256,0.9559487951807228,0.944141890888561,0.912424435252943,0.9194453350432831,0.9159214308527627,0.8860904174847386,0.9920826590018986,0.9794056207089996,0.0584738441001992,0.14448128703869745,0.23516554680046442,0.9554811715481172,0.9427064331855892,0.9136414521029905,0.9159852493185826,0.9148118494795837,0.8846801398962019,0.9916680275905775,0.9780384392052982,0.05875534319590699,0.1438166016824232,0.23559894229884887,0.9531144439940549,0.9561282483885813,0.9816892464013548,0.9468150265414454,0.9639368114737061,0.8982095123455374,0.9901529251056348,0.9945630521501347,0.05685927857557458,0.12427786635475302,0.22434417584822827,0.954600729631131,0.9573976724052004,0.9820371935756551,0.9487545937117191,0.9651090342679128,0.9012952997712009,0.9904933190012735,0.9947660214410846,0.05637271568302926,0.12576781513078553,0.22346118985105246,0.4344612956047058,0.23305777982018608,0.9426874163319946,0.949765894001142,0.8977917039689645,0.8622200740571515,0.9645719781981404,0.8396595032096009,0.0032553931136111557,0.03264915457690554,0.10530263597108103,0.9600054046750439,0.9545946864579165,0.9698297828967486,0.9105328020913389,0.9713148223764801,0.9683492774272339,0.01400733595057961,0.036050903358919154,0.1363634498430845
densenet121_soft_d4_s224_full_bce_nfull_seed1,densenet121,gz2,soft,d4,224,full,bce,0,1,False,True,17,11,1882.1649807784706,950.8724480497373,6954881,6954881,0.04701310768723488,0.9525184069611781,0.9424173344101099,0.8992332968236583,0.9212888746393074,0.9101274843613906,0.877989346239909,0.9909406247927642,0.9765001048735071,0.058065957876147316,0.13708292005928524,0.23253467929968588,0.9546937751004017,0.9449261068742079,0.9040601975231227,0.9244950304584802,0.9141634302924625,0.8834955554533274,0.9917242452729891,0.9785348932845318,0.05751033919009422,0.13928533792568973,0.2313631567408777,0.9552719665271967,0.9444318178300704,0.9082148499210111,0.9217572550905885,0.9149359433436779,0.8846419091713521,0.9917367069323135,0.9782250665331174,0.05749914571629444,0.13978038541925875,0.23137249854399367,,,,,,,,,,,,,,,,,,,,,,,0.4416730105876922,0.24337430570568103,0.9417879852744311,0.9478870324263842,0.8959742832579525,0.8595646479760831,0.9606444373196538,0.8394620718638369,0.005242555834507862,0.033736895782215795,0.10831528205046394,,,,,,,,,
densenet121_soft_d4_s224_full_bce_nfull_seed2,densenet121,gz2,soft,d4,224,full,bce,0,2,False,True,19,13,2065.3770397696644,952.3645850497496,6954881,6954881,0.042862191796302795,0.9545055220883534,0.938369226936776,0.9197294434031457,0.9046168643796089,0.9121105588556188,0.8814780249737437,0.9913363443841838,0.9771977679262116,0.05792249895102997,0.14018938689204488,0.23287214591237068,0.9569109772423026,0.9416040259995897,0.9241042345276873,0.9095864058993267,0.9167878494102439,0.8877695608677477,0.992041108603601,0.9791909213451213,0.05745208432611271,0.1427301363688735,0.23195740406408744,0.9552301255230126,0.9385434447805883,0.9231777231777232,0.903639570306237,0.913304164641063,0.8832240687947555,0.9917434514143266,0.9783548458131606,0.057617718860498005,0.14082987496231886,0.23219593952544923,,,,,,,,,,,,,,,,,,,,,,,0.429668664932251,0.23822279445409622,0.9447372824631861,0.9504009001483006,0.9008704787633198,0.8661594339381549,0.9622475152292401,0.8468538374717833,0.0032352363720558803,0.03246132440734073,0.1046197653811726,,,,,,,,,
densenet121_soft_d4_s224_full_bce_nfull_seed3,densenet121,gz2,soft,d4,224,full,bce,0,3,False,True,20,14,2128.3940423298627,946.6754654502322,6954881,6954881,0.048187486827373505,0.9538780120481928,0.9427149691542256,0.9053595390322835,0.9193651811478037,0.9123086100616424,0.8810694222144119,0.9910910426565367,0.9769309425087336,0.059591008272758844,0.1432054038171627,0.23767402191770762,0.9563671352074966,0.9454878647201881,0.9111920215292069,0.9227316447579352,0.9169255276782158,0.8873732891194079,0.991917626867927,0.9790322194220559,0.059094668732326314,0.14591943231007493,0.23677384338053364,0.9546443514644352,0.9431255986578789,0.9082554270321661,0.9190315856982524,0.91361173095314,0.8828913804318501,0.9918077373115212,0.978443315078797,0.05916873564558902,0.1439760152983896,0.23675699166541453,,,,,,,,,,,,,,,,,,,,,,,0.442636489868164,0.2298619345962336,0.9423318273092369,0.9485660764830595,0.8969384322081417,0.8609024682147708,0.9616062840654056,0.8404203152364274,0.002956297445970659,0.03302616977865349,0.10681739787461321,,,,,,,,,
densenet121_soft_d4_s224_full_bce_nfull_seed4,densenet121,gz2,soft,d4,224,full,bce,0,4,False,True,20,16,2188.1356937997043,948.618580544897,6954881,6954881,0.05082264915108681,0.9540871820615796,0.9422083471702326,0.9076849869141089,0.9173613337608207,0.9124975084711979,0.8814003946648017,0.9911878695695304,0.9770719444948628,0.05922726427105332,0.14315376940748742,0.23709588838558632,0.9559697121820616,0.9445189989505312,0.9115802841495356,0.9205674895799936,0.9160518444666002,0.8862316053005989,0.9919767611234606,0.9791116788578824,0.058739330067895716,0.1452564100640682,0.2362107572628277,0.9551882845188284,0.9424045608819808,0.912883631713555,0.915664582331249,0.9142719923156968,0.8839400328891772,0.9916941159368834,0.9781316847698737,0.05889015657752474,0.14415092759122722,0.23631343765583912,,,,,,,,,,,,,,,,,,,,,,,0.4428774416446686,0.23344111662869613,0.9447372824631861,0.9500897945043956,0.9007811326423313,0.8659858500568339,0.9612856684834883,0.8474420576596947,0.002380790304743733,0.03269579250437218,0.10594976794515364,,,,,,,,,
effnetv2_s_hard_d4_s224_full_bce_nfull_seed0,effnetv2_s,gz2,hard,d4,224,full,bce,0,0,False,True,15,9,2209.14211252518,1101.158520553683,20178769,20178769,0.08342653512954712,0.9473309906291834,0.9331523135991351,0.895598283807405,0.9034947098428984,0.8995291676641929,0.8638564056193603,0.9886169422195404,0.9708175116231311,0.0375290670208339,0.009978300293348001,0.12291755089393197,0.9522674029451138,0.9394994168266448,0.905102527420124,0.9127925617184995,0.9089312794317184,0.8766042803456934,0.990573397583612,0.9758406786298389,0.0338470589393367,0.006203768397987711,0.11015751204420755,0.9481589958158996,0.9331371251864184,0.89984,0.9017155683822351,0.9007768078801954,0.865691490075585,0.988711679666406,0.9709141697682302,0.037149146574098735,0.009606848625306098,0.12199654094049234,0.9167004458856911,0.9335497484684365,0.9917307913173309,0.8814822376480196,0.9333621574879749,0.8335230571665428,0.9893259468792615,0.9944041480860479,0.06373383111827628,0.033078424594022895,0.22444811171006357,0.919064991217403,0.9355315475247588,0.9922143347836043,0.8846467946100449,0.9353480841878036,0.8378958609231958,0.9905928116966052,0.9950391226713584,0.06106725598939688,0.03133538441613366,0.21360221919618586,0.2861692607402801,1.2694840555676863,0.9395707831325302,0.9421092732167804,0.8911003053262467,0.8523693694187848,0.9474190445655659,0.8411015441542731,0.0020095419209500407,0.03718178907909684,0.11964350177737419,0.9381164707471963,0.9468483267200634,0.9516316400887105,0.8700237705578118,0.9198652511229073,0.9856705316123386,0.01802564126303734,0.06202461922021309,0.2075067021588992
effnetv2_s_hard_d4_s224_full_bce_nfull_seed1,effnetv2_s,gz2,hard,d4,224,full,bce,0,1,False,True,14,8,1606.199708162807,1165.3065006346728,20178769,20178769,0.07104037702083588,0.9469754016064257,0.9379412797262241,0.8826110384112078,0.9190445655658865,0.9004594180704442,0.8646706297650381,0.9890136531857003,0.9716209324861027,0.03791163242256741,0.01107620694942231,0.12473809261432962,0.9517235609103079,0.9444202743602598,0.8905961893054702,0.9291439563962809,0.9094617919347248,0.8769345589420429,0.990887101899748,0.9762251072658308,0.03444077772107534,0.007581068972870871,0.1120325711268094,0.9468619246861925,0.9372899060947524,0.8835521235521235,0.9172679172679172,0.9000943989930773,0.8641980362129821,0.9891887678031972,0.9720513210866881,0.03770263393141697,0.01089394512712724,0.123486785090562,,,,,,,,,,,,,,,,,,,,,,,0.3023910820484161,1.2790081969457263,0.9382320950468541,0.9443146351013192,0.8899489434651361,0.8513458145784437,0.9570375120230843,0.8316500661698126,0.0019577335799636966,0.037512943448737845,0.12121824262587723,,,,,,,,,
effnetv2_s_hard_d4_s224_full_bce_nfull_seed2,effnetv2_s,gz2,hard,d4,224,full,bce,0,2,False,True,11,5,1595.4328512167558,1134.6227622010942,20178769,20178769,0.08355122804641724,0.9480212516733602,0.9312341690838666,0.9038725846875253,0.8961205514588009,0.8999798752264037,0.8648821433283693,0.9886858268838471,0.9707826673089266,0.03727084235232636,0.007615408463378728,0.12011496647469717,0.9525184069611781,0.9373359422263281,0.911864406779661,0.9055787111253607,0.9087106892946191,0.8766359782434318,0.9905216975043345,0.9755810687636641,0.03372091028918823,0.0035440094840552307,0.10907804664443957,0.9482008368200837,0.9292760090850261,0.9098212821774061,0.889690556357223,0.8996433203631647,0.864838874981612,0.9888756259512455,0.9711605753164094,0.03653933896737636,0.007647336718883948,0.11928959462224552,,,,,,,,,,,,,,,,,,,,,,,0.2523840367794037,1.1615611708103382,0.9381065930388219,0.9414297754416885,0.8888555008826954,0.8494107046648113,0.9483808913113178,0.8363610659503782,0.002382278389682325,0.037060781650808526,0.11879341388884232,,,,,,,,,
effnetv2_s_hard_d4_s224_full_bce_nfull_seed3,effnetv2_s,gz2,hard,d4,224,full,bce,0,3,False,True,14,8,1614.3869630703703,1148.5813021509327,20178769,20178769,0.08118085563182831,0.9445490294511378,0.9365330375791008,0.8742857142857143,0.9197659506252004,0.8964493574469747,0.8591340327973988,0.988391300110885,0.9700945528284709,0.03895835773824488,0.008738417144789503,0.1242491245449939,0.9501338688085676,0.942826252670269,0.8866074164878945,0.9275408784866944,0.9066123472265746,0.8730351360157447,0.9905977531882157,0.9756198470742874,0.03497428636369729,0.0041132879964590205,0.11098879782254588,0.9475732217573222,0.9393787665787514,0.8822085889570552,0.9222382555715889,0.9017794152230147,0.8664439700105869,0.9888543395308951,0.9714626395860041,0.03757672452524937,0.006519864549677462,0.12146761116426501,,,,,,,,,,,,,,,,,,,,,,,0.2829881012439728,1.150787296129111,0.9321452476572959,0.9408706174022355,0.8806299676184868,0.8391465326744406,0.9591215133055466,0.8140136054421768,0.003514732697746073,0.038684355791096726,0.12283740629001692,,,,,,,,,
effnetv2_s_hard_d4_s224_full_bce_nfull_seed4,effnetv2_s,gz2,hard,d4,224,full,bce,0,4,False,True,14,8,2066.488755017519,1129.7854773979227,20178769,20178769,0.07561565935611725,0.9491926037483266,0.9373932241764258,0.8947120295434903,0.9127124078230202,0.9036225846129429,0.869210244266872,0.9891939211841019,0.9720759013606832,0.03660592634135332,0.0076148468783925356,0.11873849233101211,0.9526229919678715,0.9409066381073307,0.9034373765310154,0.9163994870150689,0.9098722693088217,0.8777809577602907,0.9906775010057123,0.9757979350578591,0.033740428506075594,0.0038333724346128334,0.10913543533717164,0.95163179916318,0.9389093624312255,0.9033179869820607,0.9122975789642457,0.9077855775366943,0.8750250205308532,0.9895149946764432,0.9728459909307472,0.035723604841384905,0.007200870239319041,0.11668337351487436,,,,,,,,,,,,,,,,,,,,,,,0.3389518558979034,1.1587398900609356,0.9437541834002677,0.9437988480053104,0.8975267710834189,0.8608667616717723,0.9438922731644758,0.8555030875408645,0.0025701387421113117,0.03642932091492873,0.11738090143635223,,,,,,,,,
effnetv2_s_soft_d4_s224_full_bce_nfull_seed0,effnetv2_s,gz2,soft,d4,224,full,bce,0,0,False,True,17,11,1922.8368935016915,1162.851677176989,20178769,20178769,0.05083999037742615,0.9546728580990629,0.9398305632130117,0.9167946955607665,0.9087848669445335,0.9127722094755063,0.8821694829745845,0.9911862169001979,0.9770123123983439,0.05772845734257387,0.13902230740880464,0.23160960742152967,0.9565135542168675,0.9424758686230376,0.9196738516186325,0.9131131773004167,0.9163817721111692,0.8870087465352303,0.9921233564095729,0.9794481403018835,0.05720236960204233,0.14131424034529722,0.2307497182816631,0.9560251046025104,0.9409482157127895,0.9210782721662878,0.9094115760782427,0.9152077450584913,0.885557084942026,0.991566842205654,0.9777190882018112,0.05746209421412322,0.1403269817395658,0.23111204603874733,0.9612890149979733,0.9599599712684509,0.9771339886187274,0.9640669661086158,0.9705564976106058,0.9142482393597394,0.9918492969726651,0.9955836248615011,0.04962766879848409,0.12099390558195268,0.2059890890940207,0.9631806512633428,0.9622193873680698,0.9788798012216585,0.9651898734177216,0.9719866358262658,0.9184882797960852,0.9923610756516434,0.9958531816878325,0.04886064760812765,0.1227720064406646,0.20457570784608484,0.4291900992393493,0.2425210238127463,0.9430430053547524,0.9492287050074215,0.8981332535258688,0.8625216391197562,0.9621673613337608,0.8420904945633111,0.0025588809580567103,0.03262416205416441,0.1054814130626524,0.9596000540467504,0.9509673936396781,0.969724584852167,0.90930755576935,0.9776439363005308,0.9619325030132584,0.012229669604909333,0.03027126330216842,0.11492001076574963
effnetv2_s_soft_d4_s224_full_bce_nfull_seed1,effnetv2_s,gz2,soft,d4,224,full,bce,0,1,False,True,20,14,2295.04652449023,1160.0932542427831,20178769,20178769,0.0511101596057415,0.9542126840696118,0.9441858153684737,0.9034434073260648,0.9232125681308112,0.9132210109018831,0.8822235619490016,0.991382168809966,0.97748345900981,0.06027927073495533,0.14567867057297287,0.23989940001646348,0.9560115461847389,0.9467509668830201,0.9062426568496906,0.9273805706957358,0.9166897753832747,0.8869203418458914,0.9922218382604915,0.9796282672386849,0.059753198315235276,0.14758625258063557,0.23885084019251565,0.9542677824267782,0.9441673034211108,0.9037676609105181,0.923039923039923,0.9133021337352265,0.8823400925313832,0.991682592222327,0.9779619470223583,0.060163915363153235,0.1458595825433653,0.23969582149969854,,,,,,,,,,,,,,,,,,,,,,,0.4433594048023224,0.22698417550769615,0.9415997322623829,0.9486152096503947,0.8959296257641269,0.8596715662436217,0.9632895158704713,0.8373745819397993,0.003349070072177226,0.032656940967320344,0.10557824406487194,,,,,,,,,
effnetv2_s_soft_d4_s224_full_bce_nfull_seed2,effnetv2_s,gz2,soft,d4,224,full,bce,0,2,False,True,18,12,2038.028381774202,1160.5447558047533,20178769,20178769,0.05469641834497452,0.952120983935743,0.948266867336038,0.8837489640623822,0.9402051939724271,0.9111033438191775,0.8791726157859827,0.9914138599070704,0.9775916077292071,0.06396817592190153,0.15431748434911055,0.2532923664645945,0.9547146921017403,0.9514734768736275,0.8887715858532539,0.944693812119269,0.9158798616777402,0.8857083185287887,0.9923224650652247,0.9799804370458529,0.06339288071030436,0.15711707579746678,0.25222972694165224,0.9532217573221757,0.9488010848104452,0.8877442811695198,0.9395542728876062,0.9129147842343044,0.8816346174312587,0.9917471640565113,0.9781051946847327,0.06386760750429991,0.15559986998175104,0.2531001231298739,,,,,,,,,,,,,,,,,,,,,,,0.47221364452090453,0.22260451315722768,0.9457831325301205,0.950019604265345,0.902255072026548,0.8678185529243942,0.9588810516191086,0.8519441674975075,0.002962172904885819,0.034167223685894546,0.11004743373339562,,,,,,,,,
effnetv2_s_soft_d4_s224_full_bce_nfull_seed3,effnetv2_s,gz2,soft,d4,224,full,bce,0,3,False,True,20,14,2284.4890670394525,1169.469035959254,20178769,20178769,0.04844433814287186,0.9548820281124498,0.941268351503425,0.9141847956971983,0.9127925617184995,0.913488148237276,0.8829721097972317,0.9913897527132997,0.9774224182783566,0.06010674180209594,0.1472288730307348,0.24063499153841594,0.9573084002677377,0.9439987926371447,0.9199195171026157,0.9161590253286309,0.9180354202642463,0.8891766588355167,0.992321112984343,0.9798776708056571,0.059392790928815706,0.14953497325569995,0.23910759867398268,0.9561924686192469,0.9430320881848557,0.9165329052969502,0.9155042488375822,0.916018288281062,0.8863862016142248,0.9919063401861717,0.9784947915495101,0.05970615400108044,0.14835741399128818,0.2397682456785166,,,,,,,,,,,,,,,,,,,,,,,0.4315841495990753,0.22724227423926077,0.9432312583668006,0.9498745777106581,0.8985875495104999,0.8632229095703473,0.9637704392433473,0.8416631667366653,0.003546570428813832,0.03229540370731796,0.10449181529754005,,,,,,,,,
effnetv2_s_soft_d4_s224_full_bce_nfull_seed4,effnetv2_s,gz2,soft,d4,224,full,bce,0,4,False,True,16,10,1946.8215580405667,1155.828024413878,20178769,20178769,0.05273229628801346,0.9524765729585006,0.9458111935382367,0.891017780502759,0.9318691888425777,0.9109857389123961,0.8790040990911622,0.9911303891176253,0.9768826357961009,0.06224039963855339,0.1493766711520809,0.24697117340234492,0.9549238621151271,0.949385401199784,0.894563804572215,0.9378005771080474,0.9156720798278223,0.8853955611103628,0.9922206869500092,0.9796081716121009,0.061585105097109794,0.152112851148729,0.2458153070101137,0.9548117154811715,0.9480098563115793,0.897242335541519,0.9337822671156004,0.9151477058453802,0.884697812877229,0.9918378787011899,0.9782526831487238,0.06178661003458498,0.15180356920996843,0.2461265511133798,,,,,,,,,,,,,,,,,,,,,,,0.4757270812988281,0.223786994590293,0.9476865796519411,0.9484555869742451,0.9045674819704659,0.8705414767740316,0.9500641231163834,0.8632291894253878,0.004253785844306977,0.03401042477682126,0.10922781310115341,,,,,,,,,
fmh_convnext_tiny_hard_none_s224_full_bce_nfull_seed0,convnext_tiny,fmh,hard,none,224,full,bce,0,0,False,True,12,8,95.27304200641811,309.1878234714841,27820897,27820897,0.5840287208557129,0.7080062794348508,0.7644051350947902,0.5558312655086849,0.9696969696969697,0.7066246056782335,0.5273615183598129,0.8104781097391935,0.5928512195243274,0.2860706706028839,0.2880110009780256,2.2362652624449764,0.7817896389324961,0.769107329452157,0.6900826446280992,0.7229437229437229,0.7061310782241014,0.533111803249781,0.8617277632055956,0.7271333848466545,0.15133919640851784,0.07994711946388007,0.47554469652480186,0.9666666666666667,0.9664695652173914,0.9650238473767886,0.9712,0.9681020733652312,0.9332196253733388,0.9950580869565218,0.9946949496197548,0.02940314508847961,0.028450000914814793,0.15219333151039863,,,,,,,,,,,,,,,,,,,,,,,0.40466102412970434,2.0509605957300554,0.7080062794348508,0.7644051350947902,0.7066246056782335,0.5273615183598129,0.9696969696969697,0.5558312655086849,0.266711231657695,0.2712004618901404,1.1161844661138158,,,,,,,,,
fmh_convnext_tiny_hard_none_s224_full_bce_nfull_seed1,convnext_tiny,fmh,hard,none,224,full,bce,0,1,False,True,12,8,94.43775745853782,301.02333623962653,27820897,27820897,0.5128046870231628,0.7095761381475667,0.7684355874011046,0.5563725490196079,0.9826839826839827,0.7104851330203444,0.5378872759025786,0.8315206960527157,0.6329380061120199,0.287902553321293,0.287515274438946,2.4326397170388816,0.750392464678179,0.7939244663382594,0.5978260869565217,0.9523809523809523,0.7345575959933222,0.5721826587308794,0.8548877231143241,0.7187801146890197,0.19052020491523794,0.16600349110118412,0.6602043389615164,0.9725,0.9722086956521738,0.9683544303797469,0.9792,0.9737470167064439,0.9449421031070833,0.9954406956521739,0.9955744912726882,0.02629050287037812,0.02615203454963797,0.1440244528691497,,,,,,,,,,,,,,,,,,,,,,,0.5144739605564818,2.0647475766736054,0.7095761381475667,0.7684355874011046,0.7104851330203444,0.5378872759025786,0.9826839826839827,0.5563725490196079,0.27116883692741994,0.2770204365823555,1.2009579132425663,,,,,,,,,
fmh_convnext_tiny_hard_none_s224_full_bce_nfull_seed2,convnext_tiny,fmh,hard,none,224,full,bce,0,2,False,True,12,8,94.91871586441994,306.49017448435114,27820897,27820897,0.5432397127151489,0.7111459968602826,0.7696671144947007,0.5577395577395577,0.9826839826839827,0.7115987460815048,0.5398410031007271,0.815798733286418,0.6204961967306558,0.2837277621439995,0.2841737174362614,2.4590102496051895,0.7817896389324961,0.7784370801612182,0.6755725190839694,0.7662337662337663,0.7180527383367139,0.5440762816144145,0.8616797816305206,0.7438678253098452,0.15843927421870616,0.10135221094192037,0.5263704536287491,0.9716666666666667,0.9716173913043478,0.9728,0.9728,0.9728,0.9432347826086956,0.9942678260869565,0.9945990204721352,0.02600881084148754,0.025240404362836394,0.16086736241333907,,,,,,,,,,,,,,,,,,,,,,,0.14553066475532545,2.174859868650152,0.706436420722135,0.7659725332139126,0.7082683307332294,0.5339873085340971,0.9826839826839827,0.5536585365853659,0.2641887411425415,0.27169153224578096,1.1565066006879012,,,,,,,,,
fmh_resnet50_hard_none_s224_full_bce_nfull_seed0,resnet50,fmh,hard,none,224,full,bce,0,0,False,True,12,9,74.88635960780084,473.10499162407837,23510081,23510081,0.5919236540794373,0.7080062794348508,0.7662710852366025,0.5552825552825553,0.9783549783549783,0.7084639498432602,0.5330425625690131,0.867368263919988,0.7603747214106489,0.27808389666379707,0.2767642811916009,2.0897626081558514,0.7378335949764521,0.7187639946260636,0.635593220338983,0.6493506493506493,0.6423982869379014,0.4355586665797787,0.8307849785682299,0.6934105117143966,0.18360681467954607,0.1353515888534117,0.5817800527427983,0.9608333333333333,0.9609391304347826,0.9661290322580646,0.9584,0.9622489959839359,0.9215898083324632,0.9930100869565218,0.9914184323329621,0.03382500994119987,0.030103555056748263,0.14048215864499536,,,,,,,,,,,,,,,,,,,,,,,0.3898867562108449,1.8492925120488404,0.706436420722135,0.7650395581430064,0.7073552425665102,0.5310823624996681,0.9783549783549783,0.553921568627451,0.2540070647191056,0.26209131681780823,1.16370507946126,,,,,,,,,
fmh_resnet50_hard_none_s224_full_bce_nfull_seed1,resnet50,fmh,hard,none,224,full,bce,0,1,False,True,12,7,73.59008493367583,486.79537213437396,23510081,23510081,0.5893508195877075,0.7048665620094191,0.760076130765786,0.5536159600997507,0.961038961038961,0.7025316455696202,0.5178110452737082,0.8449981873627194,0.7000956075833031,0.28101167349582795,0.2816401914607457,2.1177107422670387,0.7692307692307693,0.7732497387669801,0.65,0.7878787878787878,0.7123287671232875,0.5293533113021308,0.8403972874416225,0.7013742096796356,0.178247499341767,0.12170724875436198,0.5937435867646491,0.9608333333333333,0.9608,0.9631410256410257,0.9616,0.9623698959167333,0.9215371773459654,0.9913363478260869,0.9910237241953727,0.03478726287101679,0.027935006310322398,0.15270143389852214,,,,,,,,,,,,,,,,,,,,,,,0.5410107345464532,1.8506873013972969,0.706436420722135,0.761307657859382,0.7036450079239303,0.5198128018759133,0.961038961038961,0.555,0.2560653973064,0.2651134644242968,1.1802057892181166,,,,,,,,,
fmh_resnet50_hard_none_s224_full_bce_nfull_seed2,resnet50,fmh,hard,none,224,full,bce,0,2,False,True,10,4,62.226893588900566,471.1518462797887,23510081,23510081,0.562235951423645,0.7158555729984302,0.7724287207045828,0.5621890547263682,0.9783549783549783,0.7140600315955766,0.5428813668077974,0.8659661356705691,0.7578502427496535,0.26569948366474727,0.26237551673907406,1.5702819278846551,0.7331240188383046,0.7225332139125242,0.6196078431372549,0.683982683982684,0.6502057613168725,0.43670892830257824,0.8219510374682789,0.686745003625407,0.1819954839580582,0.12039660797496451,0.5544977013903586,0.9583333333333334,0.9583999999999999,0.9629629629629629,0.9568,0.9598715890850722,0.9165653892866711,0.9921697391304347,0.9925548953747864,0.03332007437026378,0.016535315735376057,0.12055463069919226,,,,,,,,,,,,,,,,,,,,,,,0.4333425959429339,1.3350031265020148,0.7111459968602826,0.7687341394237945,0.7106918238993711,0.5369703924240543,0.9783549783549783,0.5580246913580247,0.24318783115832715,0.25768955759448126,1.2003003573132198,,,,,,,,,
fmh_vit_small_hard_none_s224_full_bce_nfull_seed0,vit_small,fmh,hard,none,224,full,bce,0,0,False,True,8,2,46.4719961155206,612.5097342782527,21666049,21666049,0.5557737350463867,0.7127158555729984,0.7690326914464846,0.5597014925373134,0.974025974025974,0.7109004739336492,0.5361139415503304,0.8425457957477662,0.6680329178880893,0.2692802490468024,0.27018815102948207,1.649346165270367,0.7723704866562009,0.7757127929541723,0.6546762589928058,0.7878787878787878,0.7151277013752455,0.5345474938996193,0.8658755038065382,0.7551254611419644,0.15099835443125711,0.08236961607441885,0.46311806231249947,0.9616666666666667,0.9622260869565218,0.9769357495881383,0.9488,0.9626623376623377,0.9237122153554043,0.9943234782608696,0.994762220385562,0.029977131351743052,0.022073923486723285,0.11832445066496902,,,,,,,,,,,,,,,,,,,,,,,0.1492087113410234,1.508793704575706,0.7111459968602826,0.7696671144947007,0.7115987460815048,0.5398410031007271,0.9826839826839827,0.5577395577395577,0.2533107681482055,0.25696726529249414,1.1184108320217088,,,,,,,,,
fmh_vit_small_hard_none_s224_full_bce_nfull_seed1,vit_small,fmh,hard,none,224,full,bce,0,1,False,True,9,3,51.95582527667284,577.7956250875201,21666049,21666049,0.5261147022247314,0.7221350078492935,0.7773548290789669,0.5678391959798995,0.9783549783549783,0.7186009538950715,0.5508004009863398,0.8483675601902203,0.672326545855078,0.26870109474278037,0.2688859430403726,1.7347621150589747,0.7817896389324961,0.8082922824302134,0.6411042944785276,0.9047619047619048,0.7504488330341113,0.5930245339656286,0.8875365193099183,0.7978001339712286,0.15097266238147594,0.09680019596718059,0.46332218868074604,0.965,0.965008695652174,0.9678972712680578,0.9648,0.9663461538461537,0.9298931982105632,0.9952375652173913,0.9953966401240489,0.025964048510017924,0.021058138996392396,0.10219675304177812,,,,,,,,,,,,,,,,,,,,,,,0.654083437147295,1.5391465641371223,0.7237048665620094,0.778586356172563,0.7197452229299361,0.5527871909326598,0.9783549783549783,0.5692695214105793,0.2525865104498549,0.25738304691862074,1.1515009443224171,,,,,,,,,
fmh_vit_small_hard_none_s224_full_bce_nfull_seed2,vit_small,fmh,hard,none,224,full,bce,0,2,False,True,12,9,68.29725689720362,636.0802763058819,21666049,21666049,0.504467248916626,0.7158555729984302,0.7724287207045828,0.5621890547263682,0.9783549783549783,0.7140600315955766,0.5428813668077974,0.8299906169364298,0.6529883145994664,0.2784947348337574,0.2768729823311719,2.442152778377983,0.7864992150706437,0.8101209135691894,0.6489028213166145,0.8961038961038961,0.7527272727272728,0.596377370122051,0.8721291024246689,0.7598857278072617,0.16853376888226676,0.13061681064862335,0.6168916006485149,0.975,0.9751652173913044,0.9806138933764136,0.9712,0.9758842443729903,0.9499815664815449,0.9960027826086956,0.995601288865632,0.020504423663387866,0.018889184385951982,0.10212755565345721,,,,,,,,,,,,,,,,,,,,,,,0.2721965451339886,1.9357004283142123,0.7111459968602826,0.7696671144947007,0.7115987460815048,0.5398410031007271,0.9826839826839827,0.5577395577395577,0.26411805735410976,0.2688908816039035,1.2811435433985474,,,,,,,,,
mobilenetv3_hard_d4_s224_full_bce_nfull_seed0,mobilenetv3,gz2,hard,d4,224,full,bce,0,0,False,True,19,13,1989.2335750171915,1719.2613543089635,4203313,4203313,0.049949489533901215,0.9463060575635877,0.9279478593692145,0.9032310572149426,0.8895479320294967,0.896337277389654,0.8601558095629871,0.9879523513630263,0.9687373626863697,0.038942730796518756,0.014501730578821254,0.13050246822463615,0.9509077978580991,0.9340166880174454,0.9119154127694185,0.8986854761141392,0.9052521093213839,0.8721682462446751,0.989791335626148,0.9734511435662418,0.03544041111478823,0.010647348146130924,0.11749778137580141,0.9458577405857741,0.9255126970501859,0.9070993246582112,0.8829565496232162,0.8948651283717908,0.8585567696354786,0.9885125132063176,0.9699312041994028,0.03846403293088895,0.015025778766237141,0.12622751534897977,0.8002972571274152,0.7406508881869318,0.8031377415351888,0.9249693752552062,0.859758990416548,0.5348387880136368,0.8560215287592007,0.9179099396113756,0.16106475263342618,0.12632253588048742,0.6262539119720021,0.8094176462640184,0.7492508173531901,0.8073499603419406,0.935177623519804,0.8665752258430687,0.5575346256431405,0.8697149272241216,0.9270418380337813,0.15317931147697486,0.11928636494169553,0.5818122474138281,0.169956237077713,1.42363283080282,0.9325426706827309,0.9404913587149707,0.8810270409857234,0.8395249763105035,0.9571176659185636,0.8161438042512473,0.0022423947319620057,0.038146523645277375,0.1228480422332528,0.7905688420483719,0.7073186533040711,0.8590780980089098,0.5155087026613725,0.9645773785218457,0.7743812489755778,0.09393346279630471,0.15105660557342618,0.5037875207042838
mobilenetv3_hard_d4_s224_full_bce_nfull_seed1,mobilenetv3,gz2,hard,d4,224,full,bce,0,1,False,True,19,13,2690.6418151203543,1441.5968563536262,4203313,4203313,0.0721956342458725,0.9455739625167336,0.9263118369653977,0.9035474905999673,0.8860211606284065,0.8946985026305139,0.8580816062312434,0.9877146165242723,0.9680352470599546,0.03925806233929843,0.014440227789607529,0.1313347500219,0.9500292838018741,0.9319445741574984,0.9126237421255011,0.8941167040718179,0.9032754362524797,0.8696758726448665,0.9895218870043685,0.972728151362248,0.0359511791822905,0.010574127765307483,0.11903970519537346,0.9462343096234309,0.9246784282263344,0.911295681063123,0.8795895462562129,0.8951619482744554,0.8592673314332742,0.9883956648285094,0.9701107625643636,0.0383713133918734,0.014504976221933304,0.1260260286096602,,,,,,,,,,,,,,,,,,,,,,,0.1993079930543899,1.4031748530191606,0.9352409638554217,0.9402169362050491,0.8845465393794749,0.843779715393715,0.9506252003847387,0.8270571827057183,0.002727829226226713,0.03856132939399634,0.12424883626898776,,,,,,,,,
mobilenetv3_hard_d4_s224_full_bce_nfull_seed2,mobilenetv3,gz2,hard,d4,224,full,bce,0,2,False,True,20,15,2087.7435150835663,1875.9032960093489,4203313,4203313,0.06743346154689789,0.9464106425702812,0.9313889278985901,0.8952320204114176,0.8999679384418082,0.8975937325125908,0.8613095924725561,0.9878928155666941,0.9687416086390856,0.0392404898678536,0.01634551630549257,0.13343268758351023,0.9511588018741634,0.9368568291899344,0.9059972776042918,0.9069413273485092,0.9064690566793511,0.8734195057944449,0.9896339475132001,0.9732021088342644,0.03587623279307646,0.012605805392181185,0.12039752655137496,0.9472384937238494,0.930439995028872,0.9018087855297158,0.895302228635562,0.8985437283771824,0.8629040143141206,0.9885272548466797,0.9699440288421023,0.03834619911211123,0.016136424120704145,0.12824354935614515,,,,,,,,,,,,,,,,,,,,,,,0.1835936307907104,1.4893286626774263,0.932940093708166,0.9399565472057534,0.8813734921927032,0.8398118791956648,0.9546328951587048,0.8185567010309278,0.0023867619599587083,0.038236631510850085,0.12337887145447782,,,,,,,,,
mobilenetv3_hard_d4_s224_full_bce_nfull_seed3,mobilenetv3,gz2,hard,d4,224,full,bce,0,3,False,True,18,12,2525.299106492661,1387.9732902147784,4203313,4203313,0.06180809438228607,0.9444653614457831,0.9311617102527332,0.8860759493670886,0.9033344020519397,0.894621948799365,0.8569983704656009,0.9877755645191764,0.9682982216297211,0.039743965123991996,0.016492267287459818,0.1325936405982969,0.9499456157965194,0.9372026896645522,0.8989475350162222,0.9105482526450785,0.9047107076016406,0.8708036958828216,0.9895256369870817,0.9729292612263516,0.03610152594488502,0.01143863843793261,0.11987138680409208,0.9466945606694561,0.9321463535168266,0.8948289578361177,0.9017155683822351,0.8982590640472768,0.8621582535862865,0.988746414202641,0.9706793129292842,0.037904637328811816,0.014007695816962009,0.1244808231166112,,,,,,,,,,,,,,,,,,,,,,,0.2450850158929824,1.386207500669015,0.9353037148594378,0.9402334651669664,0.884636902763791,0.8438955083800841,0.9505450464892594,0.8272758981513777,0.00320146963004407,0.038803273742131036,0.12468214946784972,,,,,,,,,
mobilenetv3_hard_d4_s224_full_bce_nfull_seed4,mobilenetv3,gz2,hard,d4,224,full,bce,0,4,False,True,17,11,1821.3307406269014,1911.4097706043115,4203313,4203313,0.060828618705272675,0.9461387215528781,0.9246458146998742,0.9108639721138684,0.8796890028855402,0.8950050968399592,0.859034196921717,0.9879760762990312,0.9689990414985808,0.03847013658316381,0.008749350591785028,0.12639963341019902,0.9501966198125836,0.9300874502320806,0.9184282516786869,0.8880250080153895,0.9029707812054282,0.8697075599178139,0.9894939867246345,0.9728297740595041,0.035847158143492236,0.006137699123857796,0.11739425463091818,0.94581589958159,0.9226840041065636,0.9143192488262911,0.8742985409652076,0.8938611589214,0.8578953226483439,0.9883561056729073,0.9694497137931677,0.03843272469309227,0.009370614428735182,0.12340098747820193,,,,,,,,,,,,,,,,,,,,,,,0.228156492114067,1.2492593984722178,0.9363495649263721,0.9398003183433601,0.8859145952836202,0.8454118303447218,0.9470182750881693,0.8322180742410369,0.0023849448547965104,0.03822104504558901,0.12325246844570054,,,,,,,,,
mobilenetv3_soft_d4_s224_full_bce_nfull_seed0,mobilenetv3,gz2,soft,d4,224,full,bce,0,0,False,True,20,19,2188.9491917882115,1907.4974755403111,4203313,4203313,0.04446331411600113,0.9510751338688086,0.9377335402119925,0.9033824114604059,0.9098268675857647,0.9065931871730362,0.8734618331516986,0.9902962073913488,0.974666928333578,0.060556558612313356,0.14229695461030425,0.24092062399814232,0.9550075301204819,0.9426754593545068,0.9112562734007806,0.9168804103879449,0.9140596907587198,0.8835947205016271,0.9914048252390997,0.977594621300708,0.05983979265948813,0.14643095807215056,0.2395370685272222,0.9539330543933054,0.9411923151284152,0.9094387755102041,0.9145422478755812,0.91198337197218,0.8807922719920789,0.9909744125336041,0.9762021368546014,0.06013437996514777,0.14514549830834925,0.23995803629015436,0.7145655992433455,0.6216195322656504,0.7276665304454434,0.9088403429971417,0.8082247741818346,0.3039402484801531,0.8060156517772793,0.9012171440026049,0.17616779672754482,0.05177043402715236,0.5167304692951014,0.7216592352384813,0.6246834341868566,0.7282451343091523,0.9243568803593304,0.8146648672964462,0.3218194450770996,0.8223270601207501,0.9096229303648278,0.17040982717015493,0.06046601175434394,0.5032341949504731,0.4554407894611358,0.23849955168519074,0.9459713855421686,0.9466470290681419,0.9015587484279126,0.86642906973147,0.9480602757294004,0.8594056528373174,0.004001425094145459,0.034444287936808086,0.11124651767895388,0.702607755708688,0.5971521393600852,0.8042337454416082,0.2628296804683921,0.9230298080849326,0.7125295508274232,0.21499035632096766,0.23501245926774608,0.8875604355354055
mobilenetv3_soft_d4_s224_full_bce_nfull_seed1,mobilenetv3,gz2,soft,d4,224,full,bce,0,1,False,True,20,16,2877.4092799071223,1431.4739750052393,4203313,4203313,0.04850832000374794,0.9519327309236948,0.9416062855173045,0.8982626389106276,0.9200064123116384,0.9090045141363745,0.8764669115996738,0.9904307530506121,0.9749787556602677,0.05953590791208564,0.1399650715742356,0.23732481989402238,0.9537734270414994,0.9441219635757033,0.9013919299343134,0.9239339531901251,0.9125237492083598,0.881240921998982,0.9912788253662134,0.9772912638994667,0.059118130202842775,0.14239367207727635,0.23671214885659142,0.9523012552301255,0.9403994663199404,0.9030523485687174,0.9155042488375822,0.9092356687898089,0.8769259439261545,0.9908364728987876,0.9759175789826593,0.05918722385075966,0.14013950646671788,0.23645694936823305,,,,,,,,,,,,,,,,,,,,,,,0.458274621501677,0.2488945854017057,0.9451556224899599,0.9469765874400506,0.9004782509678888,0.8650778891046242,0.9507855081756973,0.8552271088680605,0.003371562173453552,0.03457077664336542,0.11148799847350195,,,,,,,,,
mobilenetv3_soft_d4_s224_full_bce_nfull_seed2,mobilenetv3,gz2,soft,d4,224,full,bce,0,2,False,True,20,17,2102.6497261188924,2237.1082744154082,4203313,4203313,0.04629167914390564,0.9528530789825971,0.9416326647060466,0.9028215636822194,0.918162872715614,0.9104275949769511,0.8784946860879644,0.9904690264676457,0.9749974350520605,0.061122816273277425,0.14591104852990106,0.24291851630857209,0.9547146921017403,0.9435402829540496,0.9075816270060875,0.920166720102597,0.9138308457711443,0.8831581994001451,0.9914132757446091,0.9774776507606073,0.060465413404125146,0.14780259060342546,0.24160411377539281,0.9525523012552302,0.9393246972555886,0.907002711756261,0.9116562449895783,0.9093235247081402,0.8771989697710136,0.9906160971759492,0.9754172425189616,0.06092636412037773,0.14536295624675857,0.24293541493760532,,,,,,,,,,,,,,,,,,,,,,,0.4583486914634704,0.23941958413375264,0.9461596385542169,0.9478891875888631,0.9021887824897401,0.8673998335327975,0.9515068932350113,0.8577312138728324,0.0033283486428530105,0.034193419311957,0.11075223350586363,,,,,,,,,
mobilenetv3_soft_d4_s224_full_bce_nfull_seed3,mobilenetv3,gz2,soft,d4,224,full,bce,0,3,False,True,20,15,3086.4726095264778,1442.2578719334124,4203313,4203313,0.049899306148290634,0.9523092369477911,0.9377907132696702,0.9096095130965772,0.907422250721385,0.9085145654441859,0.8762641138032401,0.9903307750632147,0.9742035520526819,0.059639995877656574,0.1410870184766414,0.23808155780427745,0.954735609103079,0.9404174525220882,0.9156053522489118,0.9104680987495992,0.9130294992363958,0.8824427163942888,0.9912752443936103,0.9770568309117993,0.059063329595884694,0.1438194821282696,0.236989009935863,0.9525941422594142,0.9365007608510978,0.9144202663202339,0.9028379028379029,0.9085921742638162,0.8766252534425731,0.9906757990039428,0.975418402385015,0.05941906964587083,0.14116837209682198,0.23731877560126613,,,,,,,,,,,,,,,,,,,,,,,0.4301473498344421,0.24769590727636517,0.9412023092369478,0.9474389401181345,0.8950218471075924,0.858291064141901,0.9604841295286951,0.8379134326270891,0.0029665301817117865,0.03413965237172774,0.11066329717715698,,,,,,,,,
mobilenetv3_soft_d4_s224_full_bce_nfull_seed4,mobilenetv3,gz2,soft,d4,224,full,bce,0,4,False,True,20,18,1993.7819744134322,2112.9884340038384,4203313,4203313,0.04469688609242439,0.952790327978581,0.9401124584652549,0.9062574540828496,0.9135941006732927,0.9099109887039477,0.8779391913501553,0.990448417442867,0.9750022168319487,0.06013381624322409,0.1427530836371781,0.23927374680993463,0.9549447791164659,0.9430737379177961,0.9099285146942018,0.9182430266110932,0.9140668634804118,0.8835529659038915,0.9914567567147694,0.9777092041753102,0.059600734507524435,0.14541970106059005,0.23840295484020518,0.9532635983263599,0.9387168905276437,0.9122383252818036,0.908289241622575,0.9102595002811923,0.8786678591530099,0.9905578749584107,0.9754661864286258,0.06001611438989654,0.1432817543554217,0.2391672942832007,,,,,,,,,,,,,,,,,,,,,,,0.4423955976963043,0.24242262805520312,0.9432103413654619,0.94744935749298,0.8978440004515182,0.8618082983133412,0.9563161269637704,0.8461102049500036,0.0021072193173040255,0.0340814306470952,0.1102857177503807,,,,,,,,,
resnet50_hard_conf_d4_s224_full_bce_nfull_seed0,resnet50,gz2,hard_conf,d4,224,full,bce,0,0,False,True,20,18,1824.7975266631693,1408.652871073582,23510081,23510081,0.04632778465747833,0.9441725234270415,0.932467266847808,0.8816250291851506,0.9079833279897404,0.8946100691016783,0.8568225070429444,0.9862894019054794,0.9650698730601166,0.04956629485530882,0.04535315221391689,0.2993773337287343,0.947289156626506,0.9364165453756348,0.8876343248715154,0.913674254568772,0.9004660715696342,0.8647960301811376,0.9878776988033485,0.968799703290251,0.04622783073633718,0.04188705701776488,0.2681417515670104,0.9449790794979079,0.9326970817751923,0.8850125156445557,0.9070065736732403,0.8958745743922718,0.8586129140576239,0.9863598343094088,0.9648882707174253,0.04898667134948286,0.04501841712656193,0.2962561045158622,,,,,,,,,,,,,,,,,,,,,,,0.0113317538052797,3.183093072272574,0.9317269076305221,0.938487624757592,0.8792631501072723,0.8368785723611104,0.9526290477717217,0.8163896139579613,0.015263445494501551,0.04152311955738519,0.14314067857889434,,,,,,,,,
resnet50_hard_conf_d4_s224_full_bce_nfull_seed1,resnet50,gz2,hard_conf,d4,224,full,bce,0,1,False,True,20,19,1804.3755672844127,1423.6243855827925,23510081,23510081,0.03436311334371567,0.9446117804551539,0.9339051685678255,0.8804583462372252,0.9115100993908304,0.8957151858853183,0.8582615623561014,0.9868635644129699,0.9665143658612971,0.04895516977297398,0.04516212209787032,0.290669331983123,0.9475192436412316,0.9368833172710964,0.8876701672500973,0.9146361013145239,0.9009514034187359,0.8654440207126142,0.9879982971584851,0.969385120483631,0.04604946116870428,0.04141679627464343,0.26566610409275876,0.9450627615062761,0.9318720945568026,0.8873505349276274,0.9042809042809042,0.8957357261970936,0.8585171823418374,0.9870334065450035,0.9663929965523539,0.04840286149430633,0.04465334369845212,0.2875177242876288,,,,,,,,,,,,,,,,,,,,,,,0.0453525818884372,3.155195532283597,0.9379810910307899,0.9396856364763764,0.8881174295309612,0.8481907393575,0.9432510420006412,0.8390730837789662,0.014989532991244357,0.040799260606165864,0.14040086474699595,,,,,,,,,
resnet50_hard_conf_d4_s224_full_bce_nfull_seed2,resnet50,gz2,hard_conf,d4,224,full,bce,0,2,False,True,19,13,1082.0306523432955,1466.7020316508158,23510081,23510081,0.04775310307741165,0.9404911311914324,0.9383764592083368,0.8521904483288232,0.9339531901250401,0.8912004283146584,0.8520540667190716,0.986664444414358,0.9661731684637768,0.05133939138374437,0.0452379195236087,0.26959005608216563,0.9440261044176707,0.942893947458028,0.8585016095990635,0.9405258095543444,0.8976438188494492,0.8609289095320037,0.9884232577675595,0.9704529352576912,0.0477143279872546,0.04147282596947609,0.2403905775880314,0.9405439330543933,0.9374753067311901,0.8542218299499853,0.9310565977232644,0.8909858074415037,0.8517058207209804,0.9868266741013915,0.9665308962795295,0.05078779744587087,0.04450461699324877,0.26002756802134525,,,,,,,,,,,,,,,,,,,,,,,0.3016825740812403,2.905998482890896,0.9368724899598394,0.9391689374063503,0.8864217973807014,0.8459470876870547,0.9439724270599551,0.8354852440408627,0.013298186570489017,0.04332235827908132,0.14493275606483738,,,,,,,,,
resnet50_hard_d4_s224_full_bce_n10000_seed0,resnet50,gz2,hard,d4,224,full,bce,10000,0,False,True,15,9,363.7291275607422,1449.0307125685636,23510081,23510081,0.13576263189315796,0.9144703815261044,0.9158461819431903,0.7884707986517163,0.9187239499839692,0.8486284381594047,0.7939884513556857,0.9753127465165589,0.9398585156259799,0.062797603047275,0.025290211237862563,0.20901792564752844,0.9207036479250335,0.9243928757569793,0.7979825705071022,0.9321096505290157,0.8598469444341751,0.8097436489739398,0.9801352844035891,0.9514451519755086,0.057499875572477654,0.01935115578922683,0.18731210484042118,0.91418410041841,0.9139369283455792,0.7903718091009989,0.9134199134199135,0.847452584603942,0.7921778551040461,0.9747757144292273,0.9382614669364251,0.06292253274328921,0.02547630210098556,0.21051371791323858,,,,,,,,,,,,,,,,,,,,,,,0.44820700532153174,1.3399862506591553,0.9105170682730924,0.9164381619729012,0.8441757121002402,0.7885694645726531,0.9288233408143636,0.7736680464681532,0.007637036862964981,0.061323936817597006,0.19969409669918545,,,,,,,,,
resnet50_hard_d4_s224_full_bce_n10000_seed1,resnet50,gz2,hard,d4,224,full,bce,10000,1,False,True,19,13,374.53285057190806,1455.1327826032032,23510081,23510081,0.09636418521404266,0.925096218206158,0.9061835767581035,0.8493990101343389,0.866623917922411,0.8579250148780004,0.807148425110216,0.9766475010260387,0.9406617404645118,0.055281754157613966,0.02912536934372715,0.18864723325265936,0.9346552878179384,0.9195729025132988,0.8651413399968765,0.8880250080153895,0.8764338264377819,0.8321584792716968,0.9817437127876034,0.9533756870419269,0.048091061208186923,0.019940296386639758,0.1604082690878676,0.928744769874477,0.9109270012759416,0.8562225015713388,0.8736572069905403,0.8648519958733434,0.8165530910797544,0.9767792249911179,0.9426263352633972,0.05392822789706068,0.025376538385900226,0.18608702544258557,,,,,,,,,,,,,,,,,,,,,,,0.2365162223577499,1.4568672140413448,0.9152443105756358,0.9188067808181066,0.8508319835075836,0.7973316399623194,0.9262584161590254,0.7867647058823529,0.007809299286549635,0.053139521107442377,0.17375347852567818,,,,,,,,,
resnet50_hard_d4_s224_full_bce_n2000_seed0,resnet50,gz2,hard,d4,224,full,bce,2000,0,False,True,20,18,380.1517636310309,1452.2902228523853,23510081,23510081,0.15009304881095886,0.8995983935742972,0.8566297897646715,0.8350209497206704,0.766752164155178,0.7994317232157782,0.7338186578754252,0.9511270583253572,0.8927195261588904,0.07460378745852184,0.03244874724090608,0.25247215853366844,0.9083835341365462,0.8654770629551001,0.8595026642984014,0.7757294004488618,0.8154701718907987,0.7565034490348193,0.9617790339496437,0.9116380389314035,0.06721093946192211,0.024085173819242314,0.22378325842094263,0.8971548117154812,0.8541868133104049,0.8283231972198088,0.7643097643097643,0.7950300200133422,0.7275809840651868,0.9485857379476809,0.8889550105970054,0.07634252365657847,0.034575160687648564,0.2592738551359065,,,,,,,,,,,,,,,,,,,,,,,0.2056150436401367,1.3488552335456092,0.8863579317269076,0.8815564942767777,0.8001030207145222,0.7262077255554958,0.8715133055466495,0.7395089437529756,0.011221208900442373,0.07268315352760106,0.24125630526404682,,,,,,,,,
resnet50_hard_d4_s224_full_bce_n2000_seed1,resnet50,gz2,hard,d4,224,full,bce,2000,1,False,True,20,15,304.1100709363818,1463.0950935872115,23510081,23510081,0.1958945095539093,0.8920891900937081,0.8598714853474179,0.7936902946134703,0.7924815646040397,0.7930854690570729,0.7200980618493478,0.9477870181415136,0.8829277381450695,0.07748959718928207,0.011243790975347674,0.2521198859793088,0.9043883868808568,0.8730924679584962,0.822732097656569,0.8076306508496313,0.8151114346964365,0.7507000237993767,0.9600458999245267,0.9058639555269556,0.06822455226073103,0.006901989211747008,0.22265093675158476,0.8915899581589958,0.8589786134653937,0.7931810871662914,0.7907647907647908,0.7919710959454034,0.7186668721634624,0.9466225127305727,0.8812459122578244,0.07835231904045646,0.01000057735910277,0.2547758355886111,,,,,,,,,,,,,,,,,,,,,,,0.2782568037509918,1.0557960201531935,0.8721343708165997,0.8741890055534045,0.78193557592837,0.7014686946664338,0.8784866944533505,0.7045060101561997,0.010054261242286564,0.07732431702539043,0.2517781113871809,,,,,,,,,
resnet50_hard_d4_s224_full_bce_n25000_seed0,resnet50,gz2,hard,d4,224,full,bce,25000,0,False,True,18,12,518.301197542809,1464.3622625287994,23510081,23510081,0.10386970639228821,0.9359521419009371,0.9100801059828145,0.8940890823844608,0.8559634498236615,0.8746109746109747,0.8319864061195589,0.9829185565097396,0.9569360835431039,0.046777521528831474,0.024019335281640727,0.15908490774232623,0.9435240963855421,0.9196880471730675,0.9097920858484239,0.8698300737415838,0.8893623996066219,0.8518602584959631,0.9866475127773459,0.965871290583438,0.041345313165058545,0.018424276921985127,0.13664502516947755,0.9384100418410042,0.9127469266743455,0.9003528818685935,0.8590668590668591,0.8792254676731212,0.8383374097242339,0.9835302427066757,0.9588288381724124,0.045847099162259264,0.02166124194877079,0.15473524121685045,,,,,,,,,,,,,,,,,,,,,,,0.1302854120731353,1.4439855854700991,0.9230463520749665,0.9303592457123699,0.8651145737855178,0.8176182152853511,0.9456556588650208,0.7972160281100075,0.0060725544530651565,0.04505769676993472,0.14680555287174746,,,,,,,,,
resnet50_hard_d4_s224_full_bce_n25000_seed1,resnet50,gz2,hard,d4,224,full,bce,25000,1,False,True,16,10,523.7401913618669,1453.460267215325,23510081,23510081,0.08498412370681763,0.9354292168674698,0.903996790105541,0.9072612128047194,0.8382494389227316,0.8713910761154855,0.8295296870497191,0.9824258977100178,0.9558297420107191,0.04676522566200554,0.01700214093673784,0.1556569698043889,0.9403656291834003,0.9097476075155662,0.919316894658883,0.8457037512023085,0.8809752431845698,0.8425881544257293,0.9857823568290629,0.9637905721612497,0.04260583163283998,0.012833378754252691,0.13887611203240185,0.9351046025104602,0.9021094579323645,0.9106203995793901,0.8330928330928331,0.8701331323787993,0.8284463931669915,0.9822175332186844,0.9555947226084377,0.047369294177859074,0.01765105033981832,0.15742314069791738,,,,,,,,,,,,,,,,,,,,,,,0.1175721362233161,1.3429982079022176,0.9180471887550201,0.9288696019441217,0.8583514099783079,0.8091245017489198,0.9515068932350113,0.7818097997892518,0.0020541049004526727,0.0459058412508881,0.1494077296411445,,,,,,,,,
resnet50_hard_d4_s224_full_bce_n50000_seed0,resnet50,gz2,hard,d4,224,full,bce,50000,0,False,True,12,6,575.0897520966828,1445.401064832135,23510081,23510081,0.061477575451135635,0.9419134872824632,0.9164724948454865,0.9095515581454269,0.8632574543122796,0.8858000575728915,0.8474065491141582,0.985800462462478,0.9636774500879886,0.041616690839314165,0.00837965703523653,0.13534266832984182,0.9461805555555556,0.9222111979737879,0.9176014168845408,0.8720743828150048,0.8942588254633625,0.8586944178989364,0.9877195836066381,0.968502604180882,0.038551370916026645,0.005035452414630697,0.12499541541292954,0.9422175732217574,0.9147524841819884,0.9158958547447756,0.8573031906365239,0.8856314699792961,0.847859974655018,0.9855759811694063,0.9638000065022753,0.041553555848149924,0.008365622371513946,0.13658210985228797,,,,,,,,,,,,,,,,,,,,,,,0.1620593028921163,1.1947734292330066,0.9240922021419009,0.934592683547339,0.8680219660326581,0.8223069044519187,0.9565565886502084,0.7944877171959257,0.002061318477364746,0.041423185771773625,0.13370146581323133,,,,,,,,,
resnet50_hard_d4_s224_full_bce_n50000_seed1,resnet50,gz2,hard,d4,224,full,bce,50000,1,False,True,18,12,703.1617501778528,1456.8103445978484,23510081,23510081,0.057176582515239716,0.9412441432396251,0.9115345412019334,0.9193198577253405,0.8493908303943571,0.8829729617131192,0.845007008803725,0.9856337447645885,0.9637190902856286,0.04345039788619713,0.021188569167015503,0.1516846344342078,0.9454693775100401,0.9162079225623896,0.9303968600087222,0.8550016030779096,0.891107305459254,0.8561792846165582,0.9880135398286911,0.9693255374877591,0.04020506812993379,0.018245723991966622,0.13794994543598516,0.9414644351464435,0.9099905077089021,0.9249824314827828,0.8441558441558441,0.8827227764271942,0.845396286758559,0.9861129299880738,0.9650700513123581,0.04300173046385646,0.021475682501344077,0.1499038044689966,,,,,,,,,,,,,,,,,,,,,,,0.1127954050898552,1.5908269443358416,0.9311621485943775,0.9351500312503097,0.8773525136958223,0.8337856297129436,0.9434915036870792,0.8198788047642265,0.0015304821730554147,0.041972571895261684,0.1367792910862007,,,,,,,,,
resnet50_hard_d4_s224_full_bce_n5000_seed0,resnet50,gz2,hard,d4,224,full,bce,5000,0,False,True,17,11,301.3100936161354,1465.6943642242834,23510081,23510081,0.14633357524871826,0.9165620816599732,0.8960802204287479,0.831445754901195,0.8532382173773645,0.8422010364334032,0.7856227131761373,0.9684482579699178,0.9254087672741881,0.06206246827241699,0.02687193176867797,0.20945517219257986,0.9262884872824632,0.9073790930255965,0.8523854511100614,0.8678262263546008,0.8600365398363651,0.8100723300927027,0.975793323929142,0.9411565241923566,0.05403833655901565,0.017109022089638236,0.17898892178535003,0.9156066945606695,0.8936890674515464,0.8319697923222152,0.8478435145101811,0.8398316525053601,0.7826132625080565,0.9674102725868187,0.9236611692371763,0.0629113928706311,0.027153350258805033,0.21259721091653758,,,,,,,,,,,,,,,,,,,,,,,0.2538610100746155,1.3660225579005008,0.9030706157965194,0.9059299617747678,0.8308018110121221,0.7695970662221334,0.911910868868227,0.7629425965665236,0.00933294313753803,0.060378623337117486,0.19865754701399724,,,,,,,,,
resnet50_hard_d4_s224_full_bce_n5000_seed1,resnet50,gz2,hard,d4,224,full,bce,5000,1,False,True,19,13,387.17634009569883,1447.0561152488374,23510081,23510081,0.15547892451286316,0.9155580655957162,0.8856270472001817,0.848805488964206,0.8230201987816608,0.8357139950352012,0.7790752906055437,0.9666134263646045,0.9215845909110139,0.063553801548888,0.03471686207881051,0.22186157634901105,0.9257446452476573,0.8976261343550249,0.8717927357547485,0.8388105161910869,0.8549836601307189,0.8053746267195744,0.9749178356782168,0.9384352009092358,0.0552227009822796,0.02407075409595023,0.18686798217082806,0.91418410041841,0.8839624351051251,0.8458360872438864,0.8207471540804874,0.8331027748392872,0.7755228549648844,0.9649269642947575,0.9198554131797407,0.06475253685937536,0.03577140554606948,0.22754906963671293,,,,,,,,,,,,,,,,,,,,,,,0.1919327825307846,1.5135018060579066,0.9039491298527443,0.90242809951475,0.8301146873843878,0.7681162548989523,0.8992465533824944,0.7708533736429848,0.010803553197326758,0.06081907213798774,0.20211871667950385,,,,,,,,,
resnet50_hard_d4_s224_full_bce_nfull_seed0,resnet50,gz2,hard,d4,224,full,bce,0,0,False,True,16,10,1672.8957487028092,1469.894649781601,23510081,23510081,0.046082399785518646,0.9474774096385542,0.9232959933360743,0.9218525103716874,0.8727156139788393,0.896611355869395,0.8620242007714253,0.9888976226407232,0.9714352857235834,0.03742390917223952,0.01217529587005365,0.12305027863413663,0.9519118139223561,0.9285516224662049,0.9322177864605453,0.8796890028855402,0.9051919666790383,0.8736733692569794,0.9903935424689694,0.9751965510888931,0.034862674351905446,0.008970399403636751,0.11376360690897955,0.9503765690376569,0.9261844220420529,0.9301652188724238,0.8755812089145423,0.9020482325735052,0.8695725340922449,0.9892876702308849,0.972272595027625,0.03663999787487243,0.011225048698587195,0.12124750891222456,0.8770436427509796,0.897288321388772,0.9760085939365004,0.8347284605961617,0.899856938483548,0.7584599641507033,0.9568738420387981,0.9798335192760763,0.09439258262000923,0.0534537759896623,0.39752857413239384,0.8835968112417241,0.9026788719196417,0.9772969137992196,0.8437117190690078,0.9056045581548239,0.7699006234409957,0.9595083592624745,0.9811466929808869,0.0908726326974254,0.04926266277106424,0.3839738812841541,0.18942168068090026,1.3175042253936484,0.9405538821954484,0.9434743803540362,0.8929002110340669,0.8548770232656709,0.9495831997435076,0.8426031294452347,0.00225019456612121,0.03690154446708327,0.11866419287870356,0.8995406026212674,0.8945541381375424,0.9230132021744758,0.7792385695732562,0.9099632503062475,0.9364429036663515,0.03267710865478084,0.09204276521480856,0.34413765754006803
resnet50_hard_d4_s224_full_bce_nfull_seed1,resnet50,gz2,hard,d4,224,full,bce,0,1,False,True,19,13,2307.094222970307,1469.3463300548713,23510081,23510081,0.058620959520339966,0.9471009036144579,0.9367039896041133,0.8860513855468447,0.9149567168964412,0.9002720927481368,0.8644945074382927,0.9888162232881903,0.9711836830553504,0.03887603305869503,0.01816457201627552,0.13077530811288957,0.9515353078982597,0.9410522272728543,0.8976125244618395,0.9191247194613659,0.9082412577719694,0.8754325497160758,0.9904133631579992,0.9752098484213801,0.03546628524797043,0.01478139118598205,0.11759002497452806,0.9490376569037657,0.9375172940818641,0.8936470588235295,0.9134199134199135,0.9034253092293055,0.8689128475958494,0.9895095164868137,0.9728161487686,0.03711858168063941,0.016259554298627445,0.124742585626386,,,,,,,,,,,,,,,,,,,,,,,0.1993079930543899,1.4865732990589828,0.9333375167336011,0.941962431788427,0.8825761762646918,0.8417830992342806,0.9600032061558191,0.8167064439140811,0.0027590623722796104,0.03757065048801533,0.12016295042907812,,,,,,,,,
resnet50_hard_d4_s224_full_bce_nfull_seed2,resnet50,gz2,hard,d4,224,full,bce,0,2,False,True,14,8,1201.7957905838266,1443.2312038604462,23510081,23510081,0.05984976142644882,0.9486696787148594,0.9293654980247459,0.9120888157894737,0.8889868547611414,0.9003896736483195,0.8659534782918957,0.9886937057041516,0.971005882564961,0.03693399845941251,0.0065159520899853406,0.11979774106189099,0.9516608099062919,0.9322706252860469,0.9205626810095159,0.8917120872074383,0.90590773991287,0.8735951710261171,0.9901672299913535,0.9747131003757639,0.03442528885700213,0.0038223871931902815,0.11133291891672523,0.9501673640167364,0.9294137172470411,0.9200799200799201,0.886002886002886,0.9027199215878461,0.8695201190407522,0.9892275054572889,0.9724965392505236,0.03585025060209519,0.005947028331761588,0.11702868155235013,,,,,,,,,,,,,,,,,,,,,,,0.2200071066617965,1.1285844003122092,0.9359939759036144,0.9414523025610735,0.8859740646892234,0.8458109022099604,0.9528695094581596,0.8278551532033426,0.0020170017662221274,0.036831835171678436,0.11885641839793039,,,,,,,,,
resnet50_hard_d4_s224_full_bce_nfull_seed3,resnet50,gz2,hard,d4,224,full,bce,0,3,False,True,17,11,2299.6116894651204,1433.656353446863,23510081,23510081,0.05890084058046341,0.9471845716198126,0.9347902597690385,0.8909405201540033,0.9088650208400129,0.8998135142641749,0.8640374999185267,0.9885746590659998,0.9706245525559464,0.03775657541971213,0.011410206979362014,0.12403588911682191,0.95184906291834,0.9404867353243054,0.9005511811023622,0.9167201025969862,0.9085637114712426,0.8759508109082901,0.9902834125320004,0.9748261152389298,0.034684732210115206,0.007460214792568677,0.11266788785439955,0.94836820083682,0.9336416768902757,0.8996644831442723,0.9028379028379029,0.9012483994878361,0.8662974610428712,0.9893614011261069,0.9722609518265153,0.036519061087682124,0.009966901504698058,0.11808896665397678,,,,,,,,,,,,,,,,,,,,,,,0.24884087292196455,1.2398495056093017,0.9370398259705489,0.9431709697744769,0.8879541393686717,0.8486324926521882,0.9559955113818531,0.8289546844592716,0.002502131502362783,0.03730813968511861,0.120384252894909,,,,,,,,,
resnet50_hard_d4_s224_full_bce_nfull_seed4,resnet50,gz2,hard,d4,224,full,bce,0,4,False,True,17,11,1416.3317040065303,1471.6353385117916,23510081,23510081,0.044668734073638916,0.9491089357429718,0.9311922817996447,0.9096842620543363,0.8937159345944213,0.9016294020135042,0.8673707337689923,0.9891058351564042,0.9719438568209946,0.03661643361045573,0.01141079725325542,0.1217855261962904,0.9531040829986613,0.9362544317853779,0.917782495101241,0.9010099390830394,0.9093188804400583,0.877764831564019,0.9906169840433041,0.9756799849697452,0.03391603052723502,0.008705032142885854,0.11162619370427965,0.9492468619246862,0.9298281261801993,0.9139749505603164,0.8892095558762225,0.9014221861032101,0.8674053947749678,0.9895349966496808,0.9728076180706151,0.036340236313280073,0.01240094746374451,0.11879726492920092,,,,,,,,,,,,,,,,,,,,,,,0.2005576938390731,1.3341016894232103,0.9382739290495314,0.9439022050606155,0.8898757323580998,0.8511660611452518,0.9556748957999359,0.8325535926262132,0.0020982746593748943,0.03616018013331887,0.11705017168194955,,,,,,,,,
resnet50_hard_debiased_d4_s224_full_bce_nfull_seed0,resnet50,gz2,hard_debiased,d4,224,full,bce,0,0,False,True,11,5,921.0421133246273,1465.66145087706,23510081,23510081,0.1075211614370346,0.6862031459170014,0.7836810879311009,0.45351148409893993,0.9875761462007053,0.6215820805165976,0.5030353351230924,0.9557486772202539,0.9004140632027989,0.23974286680759144,0.1731521416790855,0.8962533806575245,0.6894661981258366,0.7865627806361837,0.4562148980195093,0.9896601474831677,0.6245321193727871,0.5078428332210232,0.9588922527925189,0.9092343620783736,0.23882117359468877,0.16994369314993418,0.8847576409959492,0.6886610878661088,0.7852132242571768,0.4554667850273709,0.9871733205066539,0.6233358643381423,0.5053857905003287,0.9554669795380132,0.8995931579064689,0.23735728107891588,0.17000689165198052,0.891352520760744,,,,,,,,,,,,,,,,,,,,,,,0.9425067901611328,4.162027297838524,0.8714859437751004,0.8808279631524021,0.7852499126179657,0.7073887309813268,0.9003687079192049,0.6962315606793108,0.04046974851503874,0.20102469925038638,0.5802339865619589,,,,,,,,,
resnet50_hard_debiased_d4_s224_full_bce_nfull_seed1,resnet50,gz2,hard_debiased,d4,224,full,bce,0,1,False,True,11,5,1094.6498146615922,1459.8724012034122,23510081,23510081,0.10564424842596054,0.6810366465863453,0.7816115738776812,0.4496276112624886,0.991984610452068,0.6187845303867403,0.5004636398873851,0.9528870445406659,0.8901788631733076,0.2510506818229513,0.18617457630264514,0.991503437627658,0.6825217536813922,0.7827718815960449,0.45081191291050754,0.9924655338249438,0.6199989985478944,0.5023350461691893,0.9549292458797014,0.8961243628952484,0.24959252538051505,0.1843226103638585,0.9791977607173363,0.6851882845188284,0.7843157315878069,0.45288130628981477,0.991662658329325,0.6217955162360511,0.5046145300275625,0.9529391876199703,0.8901994369018126,0.24819992122166995,0.18176284203189946,0.9845043758940291,,,,,,,,,,,,,,,,,,,,,,,0.9621075391769408,4.760775664619566,0.8697498326639893,0.8766978869099225,0.7812401194449323,0.7012793633691509,0.8912311638345624,0.6954155982237789,0.05006554461358937,0.20585816550070968,0.5925231711155129,,,,,,,,,
resnet50_hard_debiased_d4_s224_full_bce_nfull_seed2,resnet50,gz2,hard_debiased,d4,224,full,bce,0,2,False,True,13,7,1729.1898147752509,1408.4958399925686,23510081,23510081,0.1148180142045021,0.7061370481927711,0.7975304024914296,0.4700301032656327,0.9886983007374158,0.6371548851984813,0.5251721265395211,0.9539477429178457,0.8907737910533696,0.23699837663435783,0.16961521871109256,0.957429548821716,0.70440093708166,0.7967447119209288,0.46858400364243435,0.9899006091696056,0.6360733415739596,0.5240360138281546,0.9567121834411145,0.8992453291338272,0.23754366070600239,0.16835722062484873,0.9453324477990735,0.7088702928870293,0.799145168221769,0.47236489076274435,0.987974987974988,0.6391453168758428,0.527709775238339,0.9541306325922001,0.8907096682541749,0.23367729700301848,0.16433941822226847,0.9499294968285638,,,,,,,,,,,,,,,,,,,,,,,0.9643214344978333,4.442617457512588,0.8740378179384204,0.8808433623554621,0.7876287205529695,0.7102104757037906,0.8950785508175697,0.7032115869017632,0.05614680170010631,0.19984523892287023,0.5798801663017045,,,,,,,,,
resnet50_soft_d4_photo_s224_full_bce_nfull_seed0,resnet50,gz2,soft,d4_photo,224,full,bce,0,0,False,True,20,18,2103.9234556434676,1459.2865542739423,23510081,23510081,0.042452357709407806,0.9541917670682731,0.9407754272784297,0.9118353619474696,0.9127124078230202,0.9122736740906906,0.8812768708849775,0.9913655445671812,0.9773024765146205,0.059798123612237124,0.1455235269893593,0.23941310096084192,0.9561370481927711,0.9429470551986929,0.9164593531819276,0.9153574863738377,0.9159080883827245,0.886239046168446,0.9919846705697583,0.9790256886777603,0.05942028847312423,0.14763195650542804,0.23872111054483636,0.9548117154811715,0.9405421624938883,0.9156859584072223,0.9106942440275774,0.9131832797427654,0.8826466260077386,0.9918871370210327,0.9787056405722186,0.0594682084300629,0.14622820627497643,0.23871142144742727,,,,,,,,,,,,,,,,,,,,,,,0.4564097821712494,0.22509306861089756,0.9497991967871486,0.9503256191886158,0.908186687069625,0.8754519590048847,0.9514267393395319,0.8687060889929742,0.0033418649584999963,0.03245224217513666,0.10464969529956267,,,,,,,,,
resnet50_soft_d4_photo_s224_full_bce_nfull_seed1,resnet50,gz2,soft,d4_photo,224,full,bce,0,1,False,True,20,18,2471.033386675641,1474.1205258747893,23510081,23510081,0.04480607062578201,0.9547983601070951,0.9413413729453951,0.9135594579424264,0.9131933311958961,0.9133763578787029,0.8827972130105102,0.9914552549068104,0.9776242921785805,0.05968726622252162,0.14589179904010632,0.23902200064385756,0.9571619812583668,0.9449108256379362,0.9167865707434053,0.9192850272523244,0.9180340990954935,0.8890395029933795,0.9920734088176799,0.9792994555301455,0.059303581765083685,0.14842495562262,0.23832728068169767,0.9553974895397489,0.9414570610101758,0.916411660492833,0.9122975789642457,0.9143499919652901,0.884202113462441,0.9918064210936316,0.978337669969596,0.0594319021610465,0.1463876918276234,0.23839212887302919,,,,,,,,,,,,,,,,,,,,,,,0.44526826958145355,0.22761174387228475,0.9471427376171352,0.9512246304708505,0.9045514636449481,0.8709233171925935,0.9597627444693813,0.8553468104864633,0.0023405139031794447,0.032104389124265525,0.10407103760223829,,,,,,,,,
resnet50_soft_d4_photo_s224_full_bce_nfull_seed2,resnet50,gz2,soft,d4_photo,224,full,bce,0,2,False,True,20,18,3175.3611887004226,1438.9433372466167,23510081,23510081,0.04070223867893219,0.9543800200803213,0.9402287283466969,0.9142190391888629,0.9106284065405579,0.9124201903385134,0.8815804869826946,0.991307677320326,0.9771673709932515,0.059184818848639145,0.14380766872943562,0.23724070648189335,0.9568482262382865,0.9430652488462212,0.9199128962013066,0.9142353318371272,0.9170653266331659,0.8879107556157515,0.9919793631985798,0.9790052500278121,0.058781933700402945,0.14651096750417325,0.2365444857758021,0.9561924686192469,0.9419430495031091,0.9193600517129928,0.9121372454705788,0.9157344064386317,0.8861504369403206,0.9920481104689147,0.979029836418626,0.058667279393633295,0.14550623722600453,0.23612875405456998,,,,,,,,,,,,,,,,,,,,,,,0.418221652507782,0.22774624197788396,0.9391942771084337,0.9492951566067191,0.8928136868109583,0.8560752336664076,0.9704232125681308,0.8266985319221577,0.0036020699923281487,0.03251076628412045,0.1048525856828945,,,,,,,,,
resnet50_soft_d4_s112_full_bce_nfull_seed0,resnet50,gz2,soft,d4,112,full,bce,0,0,False,True,20,17,1247.2764435131103,3792.6465982270033,23510081,23510081,0.059360817074775696,0.952183734939759,0.9407909353739096,0.9014972419227738,0.9169605642834242,0.909163156639911,0.8767761874368254,0.9904770017031138,0.9750686091308454,0.060705269751441436,0.1437373601049861,0.24122613956419614,0.9554677041499331,0.9444645436661689,0.9091340450771056,0.9214491824302661,0.9152501890848294,0.8850881659610349,0.9915271874245807,0.9778554491578517,0.06003147985854127,0.14726339770913302,0.23994838873489682,0.9532217573221757,0.9400887753564724,0.9085395051875499,0.9126182459515793,0.9105743081107024,0.8789053828965095,0.9906832515204064,0.9756500954202054,0.060451891858238224,0.14442511724752366,0.24049328189878938,,,,,,,,,,,,,,,,,,,,,,,0.449875921010971,0.24188993043671525,0.9436077643908969,0.947433055390271,0.8984021706361169,0.8625080849029878,0.9554344341134979,0.8477951635846372,0.002336902477944676,0.0341165956596712,0.11071118124442231,,,,,,,,,
resnet50_soft_d4_s112_full_bce_nfull_seed1,resnet50,gz2,soft,d4,112,full,bce,0,1,False,True,20,17,1265.2516255145893,3457.123875758622,23510081,23510081,0.057871684432029724,0.9528949129852744,0.9410906073137157,0.9043663977218794,0.9163994870150689,0.9103431801895056,0.8784361920000118,0.9905133604284291,0.9751835713737078,0.059953834294607704,0.14257259697250807,0.23897831504469186,0.9552376171352075,0.9446459085288428,0.9075067024128687,0.9224911830714972,0.9149375944033707,0.8846222674758452,0.9914881381490546,0.9778191979709784,0.05933037466135272,0.1452700478050339,0.23791572369791728,0.9522594142259414,0.9393339788610505,0.9054742202418842,0.9122975789642457,0.9088730932034184,0.8765428606694278,0.9905011323513276,0.9749537807060105,0.05998230671636847,0.14181122564714574,0.2389606774624703,,,,,,,,,,,,,,,,,,,,,,,0.44768167412721654,0.24981647394848241,0.9442771084337349,0.9481192319004554,0.8995550863434131,0.8640819987888817,0.9561558191728118,0.8492809340737576,0.0018698608639722597,0.03392309144784374,0.11047775831361323,,,,,,,,,
resnet50_soft_d4_s160_full_bce_nfull_seed0,resnet50,gz2,soft,d4,160,full,bce,0,0,False,True,19,13,1069.821617421694,2628.588386999493,23510081,23510081,0.05098949000239372,0.9520373159303882,0.9403029929771285,0.9019499486855609,0.9157582558512344,0.9088016545360538,0.8763134630597226,0.9904418203770894,0.9749774820947322,0.06038495273903404,0.14265229938008048,0.24008401000559043,0.9552376171352075,0.9441533245926598,0.908731414109459,0.9209682590573902,0.9148089171974523,0.8844908154734186,0.9915539091707272,0.9779640210891624,0.059616265426923554,0.14600349096714582,0.23864024295427747,0.9523849372384937,0.9387965943288745,0.9074636407223909,0.9103735770402437,0.9089162798143109,0.8766859687786607,0.9909204022133119,0.9760535896003488,0.059955320209575266,0.14262568255512348,0.23903733342349104,,,,,,,,,,,,,,,,,,,,,,,0.4359014928340912,0.24116294080281941,0.9401355421686747,0.9472616496468419,0.8934871604019352,0.8563641291779804,0.9621673613337608,0.8339585938585522,0.0032101812116802336,0.034163388581839906,0.11063524739802122,,,,,,,,,
resnet50_soft_d4_s160_full_bce_nfull_seed1,resnet50,gz2,soft,d4,160,full,bce,0,1,False,True,20,14,1250.2023350261152,2669.3930580369315,23510081,23510081,0.04849092662334442,0.9522255689424364,0.9391600082279112,0.9057324840764331,0.9118307149727477,0.9087713692283111,0.8764204739991508,0.9906649602286771,0.9756864209434442,0.05957603829457539,0.14123589216642346,0.2377665143210656,0.9562207161981259,0.9443258600949462,0.913368898797675,0.9194453350432831,0.9163970441382066,0.8867525565480113,0.9916646425531904,0.97827671002419,0.05887140096615129,0.1453427233642224,0.23646804691048026,0.9539748953974896,0.9407538920267977,0.9107628338397569,0.9130992464325798,0.911929543634908,0.8807782892429753,0.991108920924543,0.976366296657338,0.059320556673982436,0.14292804524622016,0.23723505173330925,,,,,,,,,,,,,,,,,,,,,,,0.44146577687976013,0.24219872870410217,0.9430848393574297,0.9477274052130504,0.8977490511442637,0.8617408012755036,0.9574382815004809,0.8450654403961797,0.003026953831647274,0.033663013421805194,0.10893731520904731,,,,,,,,,
resnet50_soft_d4_s224_frozen_bce_nfull_seed0,resnet50,gz2,soft,d4,224,frozen,bce,0,0,False,True,10,4,834.4455920690671,1451.9530683383648,23510081,2049,0.245211660861969,0.8510918674698795,0.7882427683545705,0.7428157012056931,0.6567810195575505,0.6971540392223593,0.6009171760000402,0.9043177153502777,0.7936218649005248,0.11514775992365534,0.09565575498300861,0.3803617325188563,0.8677627175368139,0.8046547389781542,0.7894637817497648,0.6726514908624559,0.7263914134856747,0.6435022709000288,0.9279680135412806,0.8381597249738013,0.10736934435742888,0.11611368772890718,0.36436591015043845,0.847071129707113,0.7851420304854037,0.7307005003573981,0.6556036556036556,0.6911180596636525,0.5914247344694068,0.8998945310066487,0.7840328285008045,0.1171582764763932,0.09295657020590217,0.3848839608877694,,,,,,,,,,,,,,,,,,,,,,,0.3584653437137604,0.5327967183190481,0.813169344042838,0.8234850695969569,0.7024451995469385,0.5895069954384112,0.8450625200384738,0.6010147075590012,0.00781577271777879,0.10451590392593497,0.3327314449723379,,,,,,,,,
resnet50_soft_d4_s224_frozen_bce_nfull_seed1,resnet50,gz2,soft,d4,224,frozen,bce,0,1,False,True,10,4,1002.7087258994579,1444.40161970292,23510081,2049,0.24267861247062683,0.8518030455153949,0.7845499178642625,0.7525058548009368,0.6438762423853799,0.6939657034253379,0.6001313213308088,0.9039552964220456,0.7923209409040257,0.1146481916137264,0.09398349613422262,0.3784433027607418,0.8671352074966533,0.7987858458873892,0.7990234375,0.6558191728117987,0.7203733051593592,0.6396653025200839,0.9277594255736099,0.8378515822808135,0.10692855019826845,0.11299239745720044,0.36253918778338184,0.8475732217573222,0.7798809532659954,0.7416169895678092,0.6382876382876382,0.6860835846617837,0.5890552720019985,0.9001627308256985,0.784820342960499,0.1163755062650285,0.0908108588631526,0.38227861755459036,,,,,,,,,,,,,,,,,,,,,,,0.3611647188663482,0.5387935748974199,0.8178338353413654,0.821818711579805,0.7040070692995277,0.590896842586551,0.8301538954793203,0.611140614858087,0.007409813708227332,0.10462271518485987,0.33269767200150746,,,,,,,,,
resnet50_soft_d4_s224_full_bce_n10000_seed0,resnet50,gz2,soft,d4,224,full,bce,10000,0,False,True,20,17,537.2135250139982,1374.8539738280137,23510081,23510081,0.10205181688070297,0.9318314926372155,0.9092107497362898,0.8750101716982668,0.8618948380891311,0.8684029880880274,0.8224512902422464,0.979736845904558,0.9500652600804336,0.0671211980703092,0.12326648609549162,0.2553909689233102,0.9402401271753681,0.9192810481418108,0.8934151329243354,0.8754408464251363,0.8843366665317195,0.844133834061739,0.983654732789435,0.959510557907493,0.06478688010117281,0.13238607697367918,0.25073130502671237,0.931673640167364,0.9064261715094907,0.8808735936465917,0.8536155202821869,0.8670303721195343,0.8212539131877151,0.9791229097972007,0.9491700083644947,0.06754322668536061,0.12354145342133405,0.2564528360355724,,,,,,,,,,,,,,,,,,,,,,,0.3923367857933044,0.35240626504832706,0.9128179384203481,0.9231021421425752,0.8497368231307233,0.7971544577956262,0.9446136582237897,0.7721792687721137,0.003664228926864377,0.04868580487041236,0.15858091763890997,,,,,,,,,
resnet50_soft_d4_s224_full_bce_n10000_seed1,resnet50,gz2,soft,d4,224,full,bce,10000,1,False,True,20,17,491.81834306474775,1449.2339914884983,23510081,23510081,0.10003611445426941,0.9338604417670683,0.916831481393897,0.8674451633264952,0.8812119268996473,0.8742743538767395,0.8294527503378541,0.9808139212479856,0.9522555566463808,0.06784081837989818,0.1288801587799298,0.25812393711883547,0.9413696452476573,0.926630297384836,0.88145752819623,0.8957999358768837,0.8885708606638839,0.8488444021632421,0.9843561621784902,0.9611652006405014,0.06570283241029252,0.13709890512259273,0.2538464657489445,0.9315481171548117,0.9122531724958645,0.8666135458167331,0.8718935385602052,0.8692455242966752,0.822891697739574,0.98058108405539,0.9520354328670303,0.06816233467314528,0.12728757892302764,0.2587954271787611,,,,,,,,,,,,,,,,,,,,,,,0.4330222010612488,0.3307842770935511,0.921875,0.9263260791864951,0.8620804253904952,0.8129320505353179,0.9356364219301058,0.7992468332762752,0.002604645360936033,0.04775909410965408,0.15596806564557444,,,,,,,,,
resnet50_soft_d4_s224_full_bce_n2000_seed0,resnet50,gz2,soft,d4,224,full,bce,2000,0,False,True,20,17,425.69960448425263,1414.010147940448,23510081,23510081,0.15109547972679138,0.9034680388219545,0.8707846473811174,0.8232053285091686,0.8024206476434754,0.8126801152737751,0.7477861132590472,0.9581258838207898,0.9020308356128779,0.08266702144230505,0.10799256047882873,0.29560744680178996,0.9120440093708166,0.8801126170852134,0.8439657323463362,0.8133215774286631,0.828360341238418,0.769497371445113,0.9653995844102643,0.9186195639889465,0.0790763746498552,0.11800843478511484,0.28809636685283707,0.9016317991631799,0.8688840154332993,0.818629058707773,0.8003848003848004,0.8094041345764086,0.7432104893608611,0.9567023135688331,0.9014586778931817,0.08339915487881462,0.1061713056784575,0.29694569391171455,,,,,,,,,,,,,,,,,,,,,,,0.3738757967948913,0.4560789211031904,0.8774682061579652,0.8878048638396476,0.794816112084063,0.7210089414663698,0.909426098108368,0.7058603956700261,0.004537882151628663,0.069422215873749,0.2268880727601474,,,,,,,,,
resnet50_soft_d4_s224_full_bce_n2000_seed1,resnet50,gz2,soft,d4,224,full,bce,2000,1,False,True,20,19,377.73197568114847,1464.3476506145023,23510081,23510081,0.16073548793792725,0.8994938085676037,0.8564034795556478,0.8350074242291903,0.766271240782302,0.7991640543364681,0.7335065262292987,0.9541902780974476,0.8963606658406801,0.08579948243969317,0.10965821775825943,0.30370892512493974,0.9102242302543507,0.8691334617078171,0.8602746962493397,0.7831837127284386,0.819921121087522,0.7617904195629402,0.9629630779469728,0.914311184937203,0.08181378498200569,0.12150644250263586,0.2954355950972216,0.8969874476987447,0.8545921721109024,0.8266136009690258,0.7659130992464326,0.7951065246338215,0.7273807757732206,0.9533639629036785,0.8955494778126509,0.08624352375010781,0.10733829377332085,0.3043721183564329,,,,,,,,,,,,,,,,,,,,,,,0.3821414113044739,0.447926025740481,0.8774891231593038,0.8810524675621279,0.7910229421629142,0.7144065375031595,0.8885059313882655,0.7128158960838531,0.00439490570121286,0.07206725580862791,0.23408811989690334,,,,,,,,,
resnet50_soft_d4_s224_full_bce_n25000_seed0,resnet50,gz2,soft,d4,224,full,bce,25000,0,False,True,20,17,479.87409618962556,1454.8913414631102,23510081,23510081,0.08800524473190308,0.9429175033467202,0.9254219907951785,0.892044083340037,0.8888265469701827,0.8904324085598426,0.8518403171339476,0.985853270748988,0.9639586884264024,0.06314946462120827,0.13326931960211486,0.24610281323591593,0.9470590696117804,0.9312313378809469,0.8989169675090253,0.8981243988457839,0.8985205083998236,0.8627088567549231,0.9883820737468832,0.9704471793893219,0.06159153026535333,0.13790905413154259,0.24299104712003855,0.9432217573221757,0.9251813596205829,0.8941841680129241,0.8874458874458875,0.8908022853464233,0.8524515669600631,0.9862519407519315,0.9653106696160916,0.06297167276715693,0.13393321279397377,0.24585481141406468,,,,,,,,,,,,,,,,,,,,,,,0.4349412620067596,0.29233026736269396,0.933609437751004,0.9360539154683389,0.8809363042988971,0.8384663450265989,0.9411670407181789,0.8279509237061063,0.0030423450276585062,0.04101944082694872,0.13356042815177097,,,,,,,,,
resnet50_soft_d4_s224_full_bce_n25000_seed1,resnet50,gz2,soft,d4,224,full,bce,25000,1,False,True,20,16,565.7268942929804,1472.4980122767251,23510081,23510081,0.08341127634048462,0.9421644912985274,0.9249643885489167,0.8893432764012509,0.8889868547611414,0.8891650298633103,0.8500389966524065,0.9861474867248343,0.9646765087375092,0.06317393787434748,0.13323904229440245,0.24648888869427538,0.9467662315930389,0.9311369190784493,0.8976535597020902,0.8984450144277012,0.8980491126867763,0.8620281581400263,0.9882630940321981,0.9700924321203449,0.0618430394968188,0.1382772373270095,0.24390294663231618,0.9451046025104602,0.9265589268797482,0.900471621401854,0.8877665544332211,0.8940739544647182,0.8570683916600024,0.986755344169147,0.9657772771864109,0.06288296820059437,0.1363484876629386,0.24596409490566704,,,,,,,,,,,,,,,,,,,,,,,0.4349412620067596,0.2883905329908359,0.934278781793842,0.9372586013850317,0.8822515365012742,0.8403380682045272,0.9434915036870792,0.8284769144144144,0.005021538802545572,0.04094085985566836,0.13218335454365526,,,,,,,,,
resnet50_soft_d4_s224_full_bce_n50000_seed0,resnet50,gz2,soft,d4,224,full,bce,50000,0,False,True,20,14,1118.0097395591438,1426.502949477545,23510081,23510081,0.06705978512763977,0.9470381526104418,0.9358059946511317,0.8878315132605304,0.9123116383456236,0.8999051233396584,0.8640550601289915,0.9885575799705024,0.97067821242668,0.061202159530090255,0.1363596690531837,0.24152268335650992,0.9507613788487282,0.9410212065447103,0.893852140077821,0.9206476434754729,0.9070520413803995,0.8737484328370619,0.9900977203299279,0.9746132614082006,0.060325065726770974,0.1406735821058718,0.23991739088624298,0.9485355648535565,0.9365552931198631,0.8934464875058934,0.9114959114959115,0.9023809523809523,0.867522500812801,0.9890218713748126,0.971694758073175,0.06108775970705147,0.13842405040822453,0.24143769707422078,,,,,,,,,,,,,,,,,,,,,,,0.4282334148883819,0.2675005038105927,0.9324380856760375,0.9418205767254721,0.8813372520205731,0.8402574477014826,0.961445976274447,0.8135512750949538,0.004122636554659624,0.037700462474135506,0.12177445698414828,,,,,,,,,
resnet50_soft_d4_s224_full_bce_n50000_seed1,resnet50,gz2,soft,d4,224,full,bce,50000,1,False,True,17,11,828.3313284227625,1451.5081686972644,23510081,23510081,0.07161706686019897,0.9469335676037484,0.9356315353827589,0.8877272372630101,0.9119910227637064,0.8996955679436998,0.8637732117372545,0.9882982231806046,0.9700889022134951,0.06402594984413264,0.14428447447042386,0.2508194197909015,0.9501966198125836,0.9401465327183429,0.8931380948672015,0.9191247194613659,0.905945091842781,0.872251788563635,0.9898381060548287,0.9740111548743164,0.06313976064842232,0.14789063865371882,0.2491904708877059,0.9497071129707113,0.9381776542130578,0.8953981466938904,0.9140612473945807,0.9046334496985085,0.8705721842579333,0.988878385470131,0.9712814074343503,0.06375846518997491,0.14717916551837112,0.2502523117154902,,,,,,,,,,,,,,,,,,,,,,,0.4615021347999573,0.2516818019381806,0.9402192101740294,0.9417183539662086,0.8918816675493682,0.8533089508294631,0.9448541199102276,0.8445336008024072,0.002910446383120836,0.03797160392048699,0.12287292046888636,,,,,,,,,
resnet50_soft_d4_s224_full_bce_n5000_seed0,resnet50,gz2,soft,d4,224,full,bce,5000,0,False,True,20,15,299.6579131372273,1460.2782351456895,23510081,23510081,0.12601794302463531,0.9206199799196787,0.9028959058882016,0.8358740230596611,0.8658223789676178,0.8505846686877435,0.7967895103360761,0.9735689523772432,0.9360723646229441,0.07340723867216582,0.11896311032661,0.27167620259612824,0.9286730254350736,0.9138663498719988,0.849660598580685,0.882895158704713,0.8659591194968553,0.8176706188478808,0.9786290481528451,0.9481387482138611,0.07075335169287791,0.12852329099897755,0.26650287414300955,0.9187029288702929,0.8995176887475289,0.8341114223467164,0.8593875260541928,0.8465608465608465,0.7914429018678063,0.9723338806167319,0.9333461909937232,0.07432833685179577,0.11735044695740901,0.27336024031912337,,,,,,,,,,,,,,,,,,,,,,,0.4291900992393493,0.3876420104303532,0.9079024431057564,0.9138914631863584,0.8400014535411898,0.7828272673448473,0.9264187239499839,0.7683307850827628,0.003000894462938825,0.056386163650779336,0.18424400741669314,,,,,,,,,
resnet50_soft_d4_s224_full_bce_n5000_seed1,resnet50,gz2,soft,d4,224,full,bce,5000,1,False,True,20,18,356.4664385644719,1456.122994486692,23510081,23510081,0.129154771566391,0.9219586680053548,0.8955054499385793,0.8578443407807513,0.8401731324142353,0.8489167847742458,0.7963950223770992,0.973345579994967,0.9350802696514939,0.07261932855738785,0.11924854427296476,0.27003135915976884,0.931329484605087,0.9063563436567824,0.8792804686855351,0.8541199102276371,0.8665175848749747,0.820461584032784,0.9788128585577843,0.9480204117006428,0.0696282886953963,0.12998381242618265,0.2641445155924188,0.9197489539748954,0.8917723682674898,0.8554732510288066,0.8332531665865,0.8442170240415855,0.7903073003287042,0.97175309266498,0.9327849153915893,0.07365822240330995,0.11771265584710504,0.2722809951150934,,,,,,,,,,,,,,,,,,,,,,,0.411583811044693,0.3892148196880929,0.9101823962516734,0.9132562347171758,0.8423757433374935,0.7856092865409314,0.9196857967297211,0.7770553975348774,0.00383313167977926,0.055697695493983276,0.18215800777165855,,,,,,,,,
resnet50_soft_d4_s224_full_bce_nfull_seed0,resnet50,gz2,soft,d4,224,full,bce,0,0,False,True,19,13,2012.3449997715652,1462.3532788320936,23510081,23510081,0.049044981598854065,0.9530413319946452,0.937560101810057,0.9140428976123027,0.9051779416479641,0.9095888204260804,0.8778930969539156,0.9908018618208184,0.9760848344746914,0.05993498992513571,0.14312863981261179,0.23875551596711056,0.9553003681392236,0.9402810330057644,0.9189561552800065,0.9088650208400129,0.9138827322184162,0.8837253479876934,0.9916875825563345,0.9784551443157397,0.059355460320127125,0.1456124110004293,0.23775349216475136,0.9550209205020921,0.938609341910027,0.9218698921216084,0.9042809042809042,0.9129906920275193,0.8827402721818725,0.9915663021024512,0.9777989085256045,0.059441679757026675,0.14505525226459284,0.23776265312051106,0.9092014592622618,0.9250026754338241,0.984966720220335,0.8761739485504287,0.9273905996758508,0.8172320132781821,0.9804463512710839,0.9898641959100131,0.08072828375665429,0.10563288384225786,0.28465797465487114,0.912984731793001,0.9283493739729556,0.9861714285714286,0.8808697427521437,0.9305510622236601,0.8244122889027646,0.9833545396810067,0.9913593940648531,0.0785229359305304,0.10986764604116778,0.2801298274188373,0.4387852251529693,0.23141269137479747,0.9451137884872824,0.9490741730519064,0.9010259505129753,0.8661035094258035,0.9573581276050016,0.8509546879452835,0.003790562138571623,0.03335069281103986,0.10758854777985652,0.9242669909471694,0.9317451765109308,0.9407599217882999,0.8401954834653578,0.9086361780318497,0.9752383039333845,0.04757636781916473,0.07257615294614575,0.26767571407621127
resnet50_soft_d4_s224_full_bce_nfull_seed0_scratch,resnet50,gz2,soft,d4,224,full,bce,0,0,False,False,20,19,2472.262513182126,1454.7469720127613,23510081,23510081,0.03289257362484932,0.9498201137884873,0.9357955818134704,0.9017622199186668,0.9064604039756332,0.9041052084582484,0.8701302551915182,0.9893112686467834,0.9721322169897264,0.061469853980824884,0.1418904516831292,0.2432442523790318,0.9499246987951807,0.9361774448444466,0.9013535031847134,0.907422250721385,0.9043776961175907,0.8704682480102307,0.9896755988638455,0.9730733700549984,0.0611982318063117,0.14190555711495323,0.24262055146443862,0.9517991631799163,0.9366370801763053,0.9098823150088666,0.9049222382555716,0.9073954983922828,0.8748226127228695,0.9895754136162523,0.9728801065233881,0.06137265154982738,0.14392191350584752,0.24298052824841387,,,,,,,,,,,,,,,,,,,,,,,0.4328230278256692,0.2539018349873995,0.9372071619812584,0.9440619457035534,0.8884678258285035,0.8494672932940024,0.9584001282462328,0.8280470914127424,0.0029944880477036718,0.03601146327988282,0.11672559744635108,,,,,,,,,
resnet50_soft_d4_s224_full_bce_nfull_seed1,resnet50,gz2,soft,d4,224,full,bce,0,1,False,True,20,14,2528.3423706516623,1458.469365989034,23510081,23510081,0.04919000715017319,0.9536688420348058,0.9412771808638123,0.9078623101995389,0.9153574863738377,0.9115944921173419,0.8802175901673464,0.9911428754484507,0.9768115259034005,0.05932985231006172,0.14275131465279164,0.2372180356560828,0.9561997991967871,0.9443894850285082,0.9130988381346491,0.9196857967297211,0.916380480792269,0.8867205281035372,0.9918805387902567,0.9788807236513153,0.05889289297356202,0.14555349640256485,0.2364868519936347,0.9555230125523012,0.9432014718111832,0.9125996810207336,0.9174282507615841,0.9150075957463819,0.8848942427877853,0.9916988270891911,0.9780165248323205,0.059067337821388434,0.14481930284203656,0.2367456289742646,,,,,,,,,,,,,,,,,,,,,,,0.4363818168640136,0.23174763766935774,0.9442980254350736,0.9504407502368319,0.9002584366455674,0.8654085496072906,0.9632895158704713,0.844969415735077,0.003334454628354758,0.032899408871399936,0.10610495834998981,,,,,,,,,
resnet50_soft_d4_s224_full_bce_nfull_seed1_scratch,resnet50,gz2,soft,d4,224,full,bce,0,1,False,False,20,19,1763.9294445132837,1473.299665761204,23510081,23510081,0.03496532142162323,0.9485441767068273,0.9355027020383608,0.8960145500553535,0.9082237896761782,0.9020778600429902,0.8672199697511801,0.9891723015015502,0.9717164688625453,0.061709014099583355,0.14075452795839272,0.2437215258610158,0.9498828647925034,0.9368750550587299,0.8994293865905849,0.909666559794806,0.9045190085279349,0.8705708925254223,0.9896213987960927,0.972916940080397,0.061495613590941745,0.14243876869411398,0.24345781127057914,0.9506276150627615,0.9353258729921811,0.9071003059088714,0.9033189033189033,0.9052056555269923,0.8718307367564256,0.9895543042045145,0.9727559670548548,0.06157574275059322,0.14302004376808222,0.2433804051173692,,,,,,,,,,,,,,,,,,,,,,,0.4383043050765991,0.2527560503751146,0.9391733601070951,0.9450551534662617,0.8914763397522019,0.8533938511574539,0.9573581276050016,0.8340782122905028,0.0033426649731824578,0.036473094140763156,0.11785700819271618,,,,,,,,,
resnet50_soft_d4_s224_full_bce_nfull_seed2,resnet50,gz2,soft,d4,224,full,bce,0,2,False,True,20,14,2690.435758655891,1438.243062238289,23510081,23510081,0.054623689502477646,0.9529576639892905,0.9409515834536806,0.9050297029702971,0.9158384097467137,0.9104019760168918,0.8785380353050365,0.9908943761402624,0.9762773742363055,0.05993392291620329,0.14359429480908953,0.23940102464397725,0.9559487951807228,0.9446863257653948,0.9110512129380054,0.9211285668483489,0.9160621761658032,0.8862267126153314,0.9917835326584883,0.9786218055513826,0.0593835185633989,0.1468725393411633,0.23847421540739477,0.9529707112970711,0.9401782237087678,0.9070211749721382,0.9134199134199135,0.9102092986100017,0.8783621866659969,0.9912938177672367,0.9770152117483736,0.05976992946936185,0.14379237807235024,0.23908100894951945,,,,,,,,,,,,,,,,,,,,,,,0.4339814484119415,0.23612147944772974,0.9415369812583668,0.9492208919762875,0.8960232134221198,0.8599285488227003,0.9652933632574543,0.836029156542867,0.002794879420069372,0.033303602195944276,0.10785663302674059,,,,,,,,,
resnet50_soft_d4_s224_full_bce_nfull_seed2_scratch,resnet50,gz2,soft,d4,224,full,bce,0,2,False,False,20,19,2701.6510308701545,1434.4171291205744,23510081,23510081,0.0304873064160347,0.948230421686747,0.9329052866072087,0.9007774304720686,0.9008496312920808,0.9008135294353384,0.8657881285229716,0.9889411501170212,0.9713145335637104,0.061473406901829175,0.13981042123443158,0.24309676782121137,0.949234437751004,0.9339475141076482,0.9033475154531588,0.9019717858287912,0.9026591264589099,0.8683232114141776,0.9894193818053905,0.9725232215419458,0.061182054906397984,0.14091529343445527,0.2425573620056074,0.951255230125523,0.934298437846344,0.9130293159609121,0.8988295654962322,0.9058737981740326,0.87303710704751,0.9896014928851933,0.9728719309847542,0.061048862320542234,0.14269716567979449,0.24209787451035142,,,,,,,,,,,,,,,,,,,,,,,0.44093064570875035,0.25535871977190583,0.9399891231593038,0.9434552470484074,0.8921063517731563,0.8538691153111477,0.9507053542802181,0.8403117251151258,0.0034015965596521126,0.03655866361316022,0.11841391131570252,,,,,,,,,
resnet50_soft_d4_s224_full_bce_nfull_seed3,resnet50,gz2,soft,d4,224,full,bce,0,3,False,True,20,14,1776.7689741933718,1474.3769254668825,23510081,23510081,0.05086642503738403,0.9520373159303882,0.9430770183019483,0.8952721062029345,0.9243347226675216,0.909571321528572,0.8771534620316761,0.9908261992766856,0.9761262931588288,0.06060150052444946,0.1437424234791105,0.24111999042481225,0.9550493641231593,0.9467222102097751,0.9014851100225488,0.9293042641872395,0.9151833287287368,0.884803874709635,0.991817053375108,0.9787049175507565,0.059972359285712165,0.1470318102421815,0.23993714713596212,0.9551882845188284,0.9449456511393894,0.9065155807365439,0.9235209235209235,0.9149392423159399,0.8845948380591954,0.9914872927196241,0.9776047838128702,0.06006210657213913,0.14677432729383333,0.23995498764634873,,,,,,,,,,,,,,,,,,,,,,,0.460774153470993,0.23363986157138122,0.9459713855421686,0.9488247685754769,0.9021850266974665,0.8675309688289502,0.9547932029496633,0.8550714234441175,0.0038086298308398162,0.034042554323343265,0.10958814625321765,,,,,,,,,
resnet50_soft_d4_s224_full_bce_nfull_seed4,resnet50,gz2,soft,d4,224,full,bce,0,4,False,True,20,15,2658.6008335873485,1418.9831344533654,23510081,23510081,0.044443368911743164,0.9533550870147256,0.9429574680363543,0.9021193092621664,0.9212087207438282,0.9115640862944163,0.8799816270725846,0.9910590986114147,0.976615205162962,0.05981155795384057,0.14341384470401242,0.23866186365962297,0.9555304551539491,0.9453625386191504,0.9072237960339944,0.9240942609810837,0.9155813214739519,0.8854688997685628,0.9918717037583893,0.9787728072679884,0.05929307770548653,0.14583516653370485,0.23774866400048092,0.9540585774058578,0.9422625591264365,0.9074044712224513,0.9175885842552509,0.9124681122448981,0.8813510168766002,0.9914707673770876,0.9775718503588389,0.05958970085968176,0.14432004485622235,0.23822696762470047,,,,,,,,,,,,,,,,,,,,,,,0.4556829929351806,0.23374974016273822,0.9474564926372155,0.9502443309970948,0.9047330097087378,0.8709943590279842,0.9560756652773325,0.8586236682983012,0.003246501587479773,0.03320924873087755,0.10730845131320074,,,,,,,,,
resnet50_soft_d4_s224_full_focal_nfull_seed0,resnet50,gz2,soft,d4,224,full,focal,0,0,False,True,18,12,2469.83479294274,1409.1122528853052,23510081,23510081,0.053029272705316544,0.9518281459170014,0.9419762611257654,0.8968557384723415,0.9213690285347867,0.9089471395247696,0.8763535776830155,0.9904039235463414,0.9748327024496781,0.0390652587297447,0.05364771057693081,0.1479737575146202,0.9543172690763052,0.9449565604543311,0.9020940771995625,0.9253767233087528,0.9135870855424547,0.8826779865758521,0.9914908695339226,0.9777886733017096,0.03766879057901666,0.056333570345692544,0.14489201268049381,0.9531380753138076,0.9413804934384677,0.9048900142427599,0.9167869167869168,0.9107996177126473,0.8790574792247836,0.9912498016255399,0.9769532068943657,0.03782877130793357,0.05494713505082197,0.14504445733433793,,,,,,,,,,,,,,,,,,,,,,,0.3700498360511959,0.47931150782984333,0.93877593708166,0.9466269837884957,0.8914196683607225,0.8536883608329174,0.9630490541840333,0.8297078931013051,0.005248716222412732,0.03478363868735801,0.11217755147768114,,,,,,,,,
resnet50_soft_d4_s224_full_focal_nfull_seed1,resnet50,gz2,soft,d4,224,full,focal,0,1,False,True,20,14,2746.71865685191,1418.914748367691,23510081,23510081,0.05833287537097931,0.9524765729585006,0.9415594164048682,0.9011006289308177,0.9187239499839692,0.9098269566597873,0.8776433721532398,0.9906855703877518,0.9758788710402326,0.03880590229644234,0.05564094414717549,0.14791826166192976,0.9551957831325302,0.9440213197565296,0.9088463364456402,0.9206476434754729,0.9147089272915505,0.8843623666811068,0.9916889369058081,0.9783855821559448,0.03756181363471035,0.05838852393937618,0.1450763127028545,0.953347280334728,0.941262737324184,0.90625,0.9159852493185826,0.911091619488079,0.8794927789018472,0.9911964948010165,0.9766741897784473,0.03823246703974857,0.05662252906530654,0.1465941311059204,,,,,,,,,,,,,,,,,,,,,,,0.3979384303092956,0.4706341323496042,0.9444026104417671,0.947893035121036,0.8996678242488299,0.8641857604812684,0.95519397242706,0.8502425799086758,0.004669270055731725,0.033934180592273294,0.10971894802578512,,,,,,,,,
resnet50_soft_d4_s224_full_smooth_nfull_seed0,resnet50,gz2,soft,d4,224,full,smooth,0,0,False,True,19,13,1995.7485960153863,1479.7104905894448,23510081,23510081,0.04497263580560684,0.9523510709504686,0.9391930661517458,0.9062948207171315,0.911670407181789,0.9089746663469991,0.8767112206738285,0.9908182206383296,0.975950308959295,0.06944241004635106,0.17541284398506163,0.2768394486474802,0.9558023761713521,0.9426169296787634,0.9155505654021975,0.9150368707919205,0.9152936460212467,0.8853946030603004,0.9917495253288668,0.9785315886923859,0.06896792441721246,0.17920047395153238,0.2760815258881023,0.9561087866108786,0.9416789980397522,0.9196053057263022,0.9114959114959115,0.915532651582253,0.8859006126914702,0.9916113076769062,0.9778489480079383,0.06897580853888455,0.17914624868763543,0.2758794345873178,,,,,,,,,,,,,,,,,,,,,,,0.4414321780204773,0.2029651727550509,0.9424154953145917,0.9488041606849943,0.8971264153058555,0.861186281786371,0.9621673613337608,0.840322016100805,0.004287520887188732,0.033502345426998176,0.10805772325080443,,,,,,,,,
resnet50_soft_d4_s224_full_smooth_nfull_seed1,resnet50,gz2,soft,d4,224,full,smooth,0,1,False,True,20,16,2456.3128850618377,1455.9361842273943,23510081,23510081,0.043608468025922775,0.9532714190093708,0.9402305386831793,0.9084383474238316,0.9129528695094582,0.9106900135923883,0.8790530662950741,0.9910267983973358,0.9765701684493631,0.06849080944332371,0.17444961872095197,0.2743279879325698,0.9562416331994645,0.9436140984032487,0.9152935530315149,0.9172010259698621,0.9162462967411321,0.886631432733711,0.9919530021585744,0.9789737175314903,0.06800775108614,0.17773964260676764,0.27352570334870013,0.9554811715481172,0.941876689428068,0.9157691689438997,0.9134199134199135,0.9145930325895008,0.8844886110307278,0.9915960213946587,0.9778984645593256,0.06815672528038651,0.17668565648183163,0.2735956223353796,,,,,,,,,,,,,,,,,,,,,,,0.4404692351818084,0.20669244699228914,0.9425409973226239,0.9488890695494797,0.8973276023173238,0.8614530695712057,0.9621673613337608,0.8406751173051334,0.003989768215916314,0.03306670736593861,0.10673608480598983,,,,,,,,,
resnet50_soft_d4_s224_partial_bce_nfull_seed0,resnet50,gz2,soft,d4,224,partial,bce,0,0,False,True,20,16,2460.1754310084507,1434.7179808802287,23510081,14966785,0.14326217770576477,0.9138637884872824,0.8848437341141839,0.8423726036375553,0.8241423533183713,0.8331577667936148,0.7751974381117509,0.9678326743738787,0.922483584872341,0.07674608685844243,0.11457578724175703,0.28025972605091226,0.9276062583668006,0.9021781505762205,0.8704084148245542,0.8489900609169606,0.8595658348549402,0.8109238281699789,0.9768380752382738,0.943462590702864,0.07235472280842326,0.13107006523003575,0.27151684480682153,0.9141422594142259,0.8836229734340664,0.8463830491640457,0.8197851531184864,0.832871803225281,0.7753034612937394,0.9674657988270248,0.9240695598113524,0.07652446500871792,0.11417821710609743,0.27964400030326236,,,,,,,,,,,,,,,,,,,,,,,0.4229812324047088,0.41027380616110715,0.9030078647925034,0.9002098293412586,0.8279597818424665,0.7650257996372739,0.8943571657582559,0.7707397941562478,0.0038756588655100774,0.06140165609830054,0.19984853533484864,,,,,,,,,
resnet50_soft_d4_s224_partial_bce_nfull_seed1,resnet50,gz2,soft,d4,224,partial,bce,0,1,False,True,20,14,1951.7741736071184,1462.866776455321,23510081,14966785,0.13877663016319275,0.9139056224899599,0.883912794666972,0.8446001648804616,0.8211766591856364,0.8327237259205071,0.7749143881184353,0.9683438210647813,0.9230402440754452,0.07674378321957746,0.11536109755551283,0.28046556241512743,0.9269369143239625,0.9001957005497652,0.8717205991889432,0.8442609810836806,0.8577710818844415,0.8088178023492362,0.9770833928460656,0.9437108240396923,0.07246134634281944,0.13108409038697177,0.2719921108332076,0.9152719665271967,0.8850095908258924,0.8487909903941703,0.8217091550424884,0.835030549898167,0.7782337363304616,0.9681474136077922,0.9251193927717436,0.07633829074601346,0.11610736461706991,0.2795691029541916,,,,,,,,,,,,,,,,,,,,,,,0.4234579801559448,0.40374670269715623,0.9042210508701473,0.9011343169125863,0.8297959335390105,0.7675451285039699,0.8946777813401732,0.7736882234698829,0.005149768704432636,0.061185161277197586,0.1983161344727254,,,,,,,,,
resnet50_soft_debiased_d4_s224_full_bce_nfull_seed0,resnet50,gz2,soft_debiased,d4,224,full,bce,0,0,False,True,11,5,1341.2074913922697,1460.139523168529,23510081,23510081,0.08057765662670135,0.7001966198125836,0.7927595442663476,0.46492122860704976,0.9863738377685155,0.6319681602259597,0.5172578059492513,0.9381940961651465,0.8588054069138736,0.2154584180005208,0.08561724087279826,0.6633039795987901,0.7013888888888888,0.7940846878854678,0.4659761076667171,0.987976915678102,0.633271681052199,0.519559139869752,0.9398501865345303,0.8629736860027617,0.21464633303011724,0.0856415793764713,0.6588167714303864,0.7038493723849373,0.7950740699801826,0.4679960423167669,0.9858906525573192,0.6347027250206442,0.5209231728719356,0.9386347539926584,0.8598959679479297,0.21402618748517083,0.08252801267422394,0.6602125407065441,,,,,,,,,,,,,,,,,,,,,,,0.7956580519676208,2.247127446489951,0.8437081659973227,0.8520794205413282,0.7438464175522796,0.648685666998565,0.8695896120551458,0.6498742063016653,0.07150543561435144,0.20446770362846411,0.5910592138630542,,,,,,,,,
resnet50_soft_debiased_d4_s224_full_bce_nfull_seed1,resnet50,gz2,soft_debiased,d4,224,full,bce,0,1,False,True,11,5,1067.9975305832922,1452.851225391886,23510081,23510081,0.07959392666816711,0.7131442436412316,0.8032563152975665,0.4761776477832512,0.99174414876563,0.6434217368694748,0.5347385118658264,0.9443292799975114,0.8674214699113373,0.2066276879202581,0.07421627108470838,0.6276442552349719,0.7131233266398929,0.8035791949343827,0.47618315328130406,0.9927861494068612,0.6436459064099567,0.5353612186442249,0.9463471325377193,0.8729279558866941,0.2054228143323022,0.06937944352755526,0.6221368319733309,0.714602510460251,0.8040086523262278,0.47744477058550905,0.9910213243546577,0.644424751081687,0.5358976797059283,0.9455154055542815,0.8698330248518705,0.20482546878371946,0.07327901688158886,0.623610243123232,,,,,,,,,,,,,,,,,,,,,,,0.7446563243865967,1.912032629329226,0.8347556894243642,0.8597890129508295,0.7423352902804958,0.6509282582779299,0.9121513305546649,0.6258249010118786,0.07401699654968512,0.19956276495616906,0.5807199340144704,,,,,,,,,
resnet50_soft_debiased_d4_s224_full_bce_nfull_seed2,resnet50,gz2,soft_debiased,d4,224,full,bce,0,2,False,True,14,8,1202.190053427592,1467.6710336933072,23510081,23510081,0.08541509509086609,0.721699297188755,0.8094072261445473,0.48381049095809087,0.9928663033023405,0.6505948160403372,0.5448932463153755,0.942732752647565,0.8620106159606313,0.200956554642449,0.06724398152998101,0.6143774078986843,0.7212600401606426,0.8092396724704753,0.48342045720527427,0.9932670727797371,0.6503279979008134,0.5446490903399817,0.9441785830969127,0.8665751907503083,0.20099983049315467,0.06702269916960328,0.6125882492158503,0.7246861924686192,0.811504989768403,0.48652894509465083,0.9931056597723265,0.6530999578237031,0.5483738104281143,0.9436906464591455,0.8631262667013833,0.19913035237638507,0.06358525685856906,0.6109115319562451,,,,,,,,,,,,,,,,,,,,,,,0.7577943801879883,1.8216052384917973,0.8389600066934404,0.8583557573073982,0.744465465166451,0.6521946752860637,0.8989259378005771,0.6353027813969297,0.06952612236547487,0.1948716457840983,0.5714858263466152,,,,,,,,,
resnet50_soft_flip_s224_full_bce_nfull_seed0,resnet50,gz2,soft,flip,224,full,bce,0,0,False,True,14,8,1856.5803763000295,1382.1436318165015,23510081,23510081,0.06658478081226349,0.9497573627844712,0.9423900477845347,0.8857996323529411,0.9269798012183392,0.9059219802600658,0.8720917245632881,0.9898301353565447,0.9734465420313331,0.06286272426345464,0.14516017800706615,0.24735211274904062,0.9528112449799196,0.9457005860626342,0.8928955866523143,0.9308271882013466,0.9114669178243465,0.8796725063503001,0.9911113216011671,0.9767827615578155,0.062078360623238994,0.14857452865718823,0.24586781664563462,0.9519665271966528,0.9440624280874144,0.8926091652522758,0.9275292608625942,0.909734234942601,0.8773270323654727,0.9906905134122103,0.9756473129429906,0.06231014689716193,0.14750487046526692,0.24613417852294456,,,,,,,,,,,,,,,,,,,,,,,0.4732920229434967,0.23897979520644463,0.9455321285140562,0.9457794876952836,0.9006713457430576,0.8651774365738065,0.9462968900288554,0.8592430858806405,0.004100234644152139,0.03614246663537709,0.11729660117405234,,,,,,,,,
resnet50_soft_flip_s224_full_bce_nfull_seed1,resnet50,gz2,soft,flip,224,full,bce,0,1,False,True,14,8,1647.470105512999,1468.2384284961217,23510081,23510081,0.065854012966156,0.9510751338688086,0.9376039128603654,0.9037037037037037,0.909426098108368,0.9065558707203067,0.8734269480484835,0.990416196629511,0.9752084986220289,0.062224069399155424,0.1477874125922588,0.24699966920471073,0.9543800200803213,0.942406467854032,0.9086939261611751,0.9173613337608207,0.9130070599497428,0.8821098221758062,0.9914108154564949,0.9776743452955877,0.06176546477841562,0.15166326201281796,0.24638226529243232,0.9528451882845188,0.9383300949380702,0.911036036036036,0.9079685746352413,0.9094997189432266,0.8776182295959394,0.9907280029286483,0.9758864671482612,0.061992909245957684,0.1494933181912268,0.24644574698987698,,,,,,,,,,,,,,,,,,,,,,,0.4282334148883819,0.23205152075869506,0.9378555890227577,0.9467561574217063,0.8902028899811523,0.8522488105465438,0.9653735171529336,0.8258931632723033,0.004220772970132762,0.03425386619843835,0.11012641257056947,,,,,,,,,
resnet50_soft_flip_s224_full_bce_nfull_seed2,resnet50,gz2,soft,flip,224,full,bce,0,2,False,True,16,10,1302.8770909914747,1482.2897871324287,23510081,23510081,0.06343059241771698,0.9518281459170014,0.9376207821110951,0.9075394599791683,0.907903174094261,0.9077212806026365,0.8751281558417042,0.9901020408635502,0.9742916374910466,0.06108171005298218,0.14301294953078583,0.24110948423548617,0.9547774431057564,0.9417420289931876,0.9124280230326296,0.9144757935235652,0.9134507606084868,0.8828442067229831,0.9913916844194584,0.9776943231127443,0.06040264381067023,0.14653104634920772,0.24001318260897295,0.9527615062761506,0.9373918766717273,0.9130012936610608,0.9052429052429053,0.9091055470574028,0.8772093232991794,0.9906583659249307,0.9754456361714203,0.06078421877358984,0.1440204155812172,0.24046912101004633,,,,,,,,,,,,,,,,,,,,,,,0.44695739323580413,0.23506758720725865,0.9435240963855421,0.9465209089598752,0.8980131449724258,0.8618625495563322,0.9527893555626803,0.84919274182026,0.0031581034229713686,0.03462545181253778,0.11186626521433106,,,,,,,,,
resnet50_soft_none_s224_full_bce_nfull_seed0,resnet50,gz2,soft,none,224,full,bce,0,0,False,True,8,2,930.4375065639615,1450.107776716306,23510081,23510081,0.07986840605735779,0.9441934404283802,0.9388331585549496,0.867671315039736,0.9276210323821737,0.8966452312698535,0.8593799698988625,0.9874755885880309,0.9677148339829745,0.06767522875259682,0.1489998361006488,0.26217266621782137,0.9481885876840697,0.9422620039101817,0.8786639400136332,0.9298653414555947,0.9035398574710853,0.8688117395535174,0.9896218479773251,0.973238710717296,0.06666561966987646,0.15495282323772916,0.2609409526864239,0.94581589958159,0.9392788792569879,0.8741671714112659,0.9256052589385922,0.8991511564519897,0.862807783419042,0.9883151531418152,0.9692296970194473,0.0672962218835146,0.15103871155171714,0.26143702102984373,,,,,,,,,,,,,,,,,,,,,,,0.4602889120578766,0.2581781676460441,0.9341532797858099,0.9409588111880574,0.8833296271588467,0.842443569954217,0.95519397242706,0.8215221287743003,0.004134586547024555,0.04079338157766076,0.13333138058450417,,,,,,,,,
resnet50_soft_none_s224_full_bce_nfull_seed0_op,resnet50,gz2,soft,none,224,full,bce,0,0,True,True,11,5,12912.323097703978,790.9256239653326,23510081,23510081,8.614733815193176e-09,0.9526229919678715,0.932429009310919,0.9254228814265478,0.8901891631933312,0.9074641500183845,0.8759391233402392,0.990973635076165,0.976549948342735,0.05768070386335929,0.13696350163927118,0.23192582301377992,,,,,,,,,,,,0.9557740585774058,0.9366296503532534,0.9313790806129247,0.8965848965848966,0.9136508455191569,0.8842294981091249,0.9915633111107645,0.977895423524566,0.0573048215058908,0.1401312158715806,0.23111381308867765,0.9558167815160113,0.959586226214129,0.984729586426299,0.9479379338505513,0.9659835639238531,0.9043633680247745,0.9914166597469725,0.9953847484852321,0.05207934269557065,0.11408319730156094,0.21065982202712003,,,,,,,,,,,,0.4253665208816528,0.24563014871422856,0.9460759705488622,0.9487918240812465,0.902326286277184,0.8677058503209709,0.9544725873677461,0.855582698663601,0.0038826829526982746,0.03314715111332833,0.10699882476382098,0.9618294825023646,0.9593426842464421,0.9710419763210496,0.9151332586577443,0.9670273581053491,0.9750900669068451,0.017345275554043263,0.035617754804566956,0.14011775419533723
resnet50_soft_none_s224_full_bce_nfull_seed1,resnet50,gz2,soft,none,224,full,bce,0,1,False,True,9,3,822.1454242924228,1466.6348690751743,23510081,23510081,0.07886041700839996,0.9425200803212851,0.9410972769744401,0.8555555555555555,0.9381211926899647,0.8949380639241474,0.8572109273497285,0.988196815980195,0.9694421543532565,0.06439945267860217,0.13611015663114456,0.24984470991304147,0.9487324297188755,0.9450410110632158,0.8751028960562748,0.9373196537351716,0.9051433879020087,0.8710372828311018,0.9898829425087587,0.9740395933971576,0.0630287176533001,0.14400011867836776,0.24791752295429761,0.9431380753138076,0.9408898754895094,0.8586764705882353,0.9361872695206028,0.895758226585871,0.8582774782190014,0.9885263516488865,0.9699971487496606,0.06418410001987182,0.1369203359221408,0.24947390659952848,,,,,,,,,,,,,,,,,,,,,,,0.4838923215866089,0.2852549698241016,0.9390687751004017,0.9420807434027436,0.8903939496557174,0.851468097582401,0.9483808913113178,0.839089426281824,0.002645539159539707,0.04116991790945569,0.13381983588431587,,,,,,,,,
resnet50_soft_none_s224_full_bce_nfull_seed1_op,resnet50,gz2,soft,none,224,full,bce,0,1,True,True,10,4,11666.396787298843,844.3838946492436,23510081,23510081,1.3154931366443634e-08,0.9543800200803213,0.9398916972324665,0.9150874929441174,0.9095864058993267,0.9123286569924026,0.8815047062390814,0.9907861699693797,0.974587191877643,0.06204287046922689,0.15170473435189552,0.24769101379827838,,,,,,,,,,,,0.9551464435146444,0.9393165730141328,0.9206711190747678,0.9062049062049062,0.9133807369101488,0.8831717431396137,0.9914109157725756,0.976231873852318,0.06179366504473944,0.15268070745098727,0.24697091097130305,,,,,,,,,,,,,,,,,,,,,,,0.4452883005142212,0.22436530168776403,0.9460968875502008,0.9486763482070337,0.9023234658681727,0.8676847892329212,0.9540718178903494,0.8558999065218954,0.002675256227461688,0.03302063677963826,0.10855888165905857,,,,,,,,,
resnet50_soft_none_s224_full_bce_nfull_seed2,resnet50,gz2,soft,none,224,full,bce,0,2,False,True,20,17,1625.5370332654566,1472.388372336143,23510081,23510081,0.10738550871610641,0.9478748326639893,0.9334684010712546,0.8975788467664861,0.9033344020519397,0.9004474272930649,0.8651505718276213,0.9886129143342969,0.9706958998370636,0.061276893831971484,0.13582483604539453,0.23974826497052648,0.9527275769745649,0.9367515438313587,0.9144758195391107,0.9033344020519397,0.9088709677419354,0.8769889236744817,0.9906615573405524,0.9759689200588193,0.05976641023781691,0.14103128267561993,0.2369919267258254,0.9487866108786611,0.9328875748132575,0.9036881945562892,0.8996312329645663,0.9016551502490759,0.8670381388070947,0.9888476812838474,0.9710871617678466,0.0612877218712921,0.1371596627618151,0.2398687421937731,,,,,,,,,,,,,,,,,,,,,,,0.435421347618103,0.26323104843301753,0.9376464190093708,0.942596194747124,0.888598228633357,0.8493082719211946,0.952949663353639,0.8323881537492124,0.003455123375366779,0.03709790729472494,0.120109075541505,,,,,,,,,
resnet50_soft_none_s224_full_bce_nfull_seed2_op,resnet50,gz2,soft,none,224,full,bce,0,2,True,True,10,4,11843.124115403742,840.6447501142721,23510081,23510081,1.0244548320770264e-08,0.9509077978580991,0.9452942676090024,0.8846942650968477,0.9335524206476434,0.9084669084669085,0.875549522138387,0.9908024664006085,0.9760563661765237,0.06007867741517991,0.1391190784369546,0.23815271777428063,,,,,,,,,,,,0.9538493723849373,0.9488108293615096,0.8907153729071537,0.9382716049382716,0.913875224486609,0.8829405515656927,0.991890459336533,0.9785721613958464,0.059277706550180206,0.14188234544339665,0.2363784690724712,,,,,,,,,,,,,,,,,,,,,,,0.4634442627429962,0.2429233574510002,0.9430430053547524,0.9479324314911506,0.8977507416169126,0.8617820969845108,0.9581596665597948,0.8445072412575062,0.005461855833359145,0.03507292786331983,0.11359752248656507,,,,,,,,,
resnet50_soft_w_d4_s224_full_bce_nfull_seed0,resnet50,gz2,soft_w,d4,224,full,bce,0,0,False,True,19,13,2007.676550861448,1463.5957569626773,23510081,23510081,0.05395498126745224,0.9529367469879518,0.9378004500668908,0.9128714470284238,0.9061397883937159,0.9094931617055511,0.8777053023745567,0.9908825839986145,0.9762266857985764,0.06005875057494515,0.14381931525395766,0.23955361059759847,0.955739625167336,0.9416930092554564,0.917607223476298,0.9123116383456236,0.914951768488746,0.8850448319297454,0.9917470276089834,0.9785193655113841,0.05949656434209241,0.146830743013336,0.23857636006041721,0.9552719665271967,0.9391422013758726,0.9218086842964414,0.905403238736572,0.9135323141632291,0.8834341689352596,0.9914576006595105,0.9773645319378458,0.05979676722235937,0.14628825488543165,0.2390621633803503,,,,,,,,,,,,,,,,,,,,,,,0.4363818168640136,0.23220930387049188,0.9446117804551539,0.9497456309366559,0.9005034944014428,0.8655719932535498,0.9604841295286951,0.8475739142735889,0.003471092585627609,0.033237366932121835,0.10722285080368031,,,,,,,,,
resnet50_soft_w_d4_s224_full_bce_nfull_seed1,resnet50,gz2,soft_w,d4,224,full,bce,0,1,False,True,20,17,2450.6126544270664,1459.2858002609908,23510081,23510081,0.04770053178071976,0.9537734270414994,0.9425145844155274,0.9053221730890714,0.9189644116704072,0.9120922832140017,0.8807818005484366,0.9910540850229114,0.9766097087524388,0.05928462893611597,0.14259929472746993,0.23710247461727846,0.9563043842034806,0.9451602301143658,0.9116924296472454,0.9218499519076627,0.9167430552787853,0.8871486084108462,0.9919124272548725,0.9789029871874837,0.05870540893795205,0.14530849374969113,0.23609312132226234,0.9539330543933054,0.9408293022344996,0.9103547459252157,0.9134199134199135,0.9118847539015607,0.8807017687278914,0.9916245197813071,0.9781293429595999,0.058847173634849585,0.14266933210809798,0.23607883835223628,,,,,,,,,,,,,,,,,,,,,,,0.4486477934404417,0.2341535851248118,0.9465361445783133,0.9500105480457495,0.9033356024506467,0.8691814593343272,0.9572779737095223,0.8551482170986682,0.003118127460033193,0.03295679004373133,0.10696878073075702,,,,,,,,,
resnet50_soft_w_d4_s224_full_bce_nfull_seed2,resnet50,gz2,soft_w,d4,224,full,bce,0,2,False,True,20,15,2695.1447894666344,1422.063178237672,23510081,23510081,0.05505358427762985,0.9527694109772423,0.9390872136451494,0.90872,0.9104680987495992,0.9095932094811018,0.8776290993848959,0.9908860878390868,0.976227393711996,0.05969944827898914,0.1425668655258776,0.238365314371192,0.9559697121820616,0.9424968122651485,0.9167403359318492,0.9143154857326066,0.9155263052289417,0.8857528414811061,0.9918315973189525,0.9787329753153572,0.05904902287473774,0.14586122010058725,0.23710193847610678,0.953765690376569,0.9395233145351094,0.9128056628056628,0.9097322430655764,0.9112663615193126,0.8800072767600879,0.9912055585497241,0.9769558123068525,0.05952738594425761,0.14362515077135182,0.23798602462999172,,,,,,,,,,,,,,,,,,,,,,,0.4339814484119415,0.23701464829259106,0.9430430053547524,0.9489175993635166,0.898041711910735,0.8623424527067579,0.961205514588009,0.8426674162040616,0.0035029738287567936,0.03324725105120711,0.10734247644086038,,,,,,,,,
swin_tiny_hard_d4_s224_full_bce_nfull_seed0,swin_tiny,gz2,hard,d4,224,full,bce,0,0,False,True,18,12,3092.131673095748,511.36911764628576,27520123,27520123,0.05268018692731857,0.9473728246318608,0.9336472750198211,0.8946117274167987,0.9049374799615262,0.8997449792795665,0.8640949005824837,0.9887437247566954,0.970842546181872,0.037682874642667695,0.01284356026225218,0.12365090306539145,0.9515562248995983,0.9390960430055368,0.9024718745048328,0.9130330234049375,0.9077217308152044,0.8749077748312141,0.9902916815501431,0.9747555363698976,0.034658327773184165,0.008857332886395527,0.11292415676443839,0.9498326359832636,0.9358770641961492,0.9016262755102041,0.9066859066859067,0.9041490127108481,0.8701809540150743,0.9895488078601556,0.9725105468553094,0.036212551366727304,0.010839164422678677,0.11832287558060335,0.9347385488447507,0.9425869030662593,0.9818816852215674,0.9183340138832177,0.9490452579386012,0.8623104894605184,0.9855947872760936,0.9922972336142475,0.053060159457432005,0.03308364778977634,0.22700543542157997,0.9373057694906094,0.9455520871891256,0.984166848656912,0.9200694160881993,0.9510393584467658,0.8679695045771163,0.9866893088848709,0.9929751575128946,0.050892347779145065,0.03148640149327549,0.2172376882186783,0.1859471946954727,1.276426378082413,0.9317687416331994,0.9416529096217959,0.8803989147173132,0.8390901285121772,0.9623276691247195,0.8113258548452493,0.0030338424223852255,0.03709601939076826,0.11938495910738035,0.946088366436968,0.9449592909904603,0.9588235294117647,0.8812409015819561,0.9484483462637812,0.9694282136894825,0.0237954550576588,0.0517853264340575,0.19786221907459678
swin_tiny_hard_d4_s224_full_bce_nfull_seed1,swin_tiny,gz2,hard,d4,224,full,bce,0,1,False,True,14,8,2430.5030882023275,510.57933168708803,27520123,27520123,0.05621928721666336,0.9473100736278447,0.9352640506884051,0.8904399654929025,0.9100673292722026,0.9001466682522694,0.864460376715598,0.9884818203378881,0.9703301393697105,0.03767241064733628,0.005522974820816656,0.12168219572896095,0.9502175368139224,0.9378792428071203,0.8986731953877745,0.9120711766591857,0.9053226191423344,0.8715996377340401,0.9899530329297574,0.9739549089308767,0.035090127195565764,0.0018751556249133985,0.11310556098019155,0.9464435146443515,0.9323395198388122,0.8931007137192705,0.9028379028379029,0.8979429118162973,0.8616638181462264,0.9890035804848313,0.9714409579887986,0.036995151217233894,0.005416861418112381,0.11820812453739372,,,,,,,,,,,,,,,,,,,,,,,0.25987035021671073,1.0813081516197711,0.9333165997322623,0.9418705039000366,0.8825176886792453,0.841688031097324,0.9597627444693813,0.8167803547066849,0.0028255479947687035,0.0376077093299017,0.12115099624009808,,,,,,,,,
swin_tiny_hard_d4_s224_full_bce_nfull_seed2,swin_tiny,gz2,hard,d4,224,full,bce,0,2,False,True,17,11,2961.035904094577,510.2614313383516,27520123,27520123,0.06133514642715454,0.9480630856760375,0.9267514402020725,0.9157167817622098,0.8821737736453992,0.8986323739538681,0.8640081430285079,0.9887852899008416,0.9707418576272984,0.03765462253061972,0.0150527272243028,0.1261194270172714,0.9513679718875502,0.9302836471497935,0.9243374299807708,0.8861814684193652,0.9048573883864631,0.872562365691664,0.9900996157386135,0.9741415309268526,0.03525656288864016,0.01214506372604442,0.11673104704805033,0.9481589958158996,0.9257731493384176,0.9188736171639289,0.8789482122815456,0.8984675899369009,0.8640684837402353,0.989152948521874,0.9715863778645806,0.037462159839251066,0.015065213521483635,0.12338226491844446,,,,,,,,,,,,,,,,,,,,,,,0.1871326863765716,1.414793116923739,0.9408048862115127,0.9436701235533325,0.8933122219708965,0.8554319317243084,0.9496633536389869,0.8432740213523132,0.0021190914327138574,0.03682616546685505,0.11895304370093064,,,,,,,,,
swin_tiny_hard_d4_s224_full_bce_nfull_seed3,swin_tiny,gz2,hard,d4,224,full,bce,0,3,False,True,18,12,3126.7007706146687,510.9829938519201,27520123,27520123,0.07301920652389526,0.9481885876840697,0.92914371592552,0.9100976129931917,0.8893074703430587,0.899582438075161,0.8647811473567054,0.9887560500174828,0.9708661457587257,0.038045461575107874,0.017203080005497237,0.1274250663224177,0.9512006358768407,0.932555578600418,0.9173043692915329,0.8935556268034627,0.9052742701693125,0.8725528425239685,0.9901301816140449,0.9743013295841789,0.035501212726776546,0.013999562295376902,0.11715462552216072,0.9477405857740586,0.927408854157802,0.9122314049586777,0.8848805515472182,0.8983478473183039,0.863369732454583,0.9893567126672109,0.9720392089947882,0.0374901930330058,0.017575353848076777,0.12355600836414223,,,,,,,,,,,,,,,,,,,,,,,0.1812632083892822,1.4395286237652691,0.9390896921017403,0.9426393297569917,0.8906003456307762,0.8518254536037481,0.9500641231163834,0.8381417055579126,0.0032643643329155706,0.03692183264392357,0.11882350126452797,,,,,,,,,
swin_tiny_hard_d4_s224_full_bce_nfull_seed4,swin_tiny,gz2,hard,d4,224,full,bce,0,4,False,True,18,12,3107.8833449939266,511.28699674573284,27520123,27520123,0.05281414836645126,0.9473519076305221,0.9311183529208413,0.900700088516939,0.897162552100032,0.8989278400192748,0.8633364954224806,0.9887098569454872,0.9706136199207043,0.03849502981305172,0.018533482625307806,0.13017418325428662,0.9505312918340026,0.9343582472414738,0.90905413059309,0.9005290157101635,0.9047714918461849,0.8713772180179113,0.9900013584783112,0.9739523987491228,0.03577217801535652,0.015537262736676313,0.11958874305950498,0.9478661087866109,0.9298274317617955,0.9066319048394981,0.8920955587622255,0.8993049943429772,0.864187562316384,0.9892524046688119,0.9718900210291341,0.03724583810576581,0.017873320152919883,0.12571446289852403,,,,,,,,,,,,,,,,,,,,,,,0.1530421525239944,1.498143690818373,0.9344461178045516,0.942168025214548,0.8841233454115212,0.8437074926212363,0.9583199743507534,0.8205902539464653,0.002997324251880349,0.037131494682488365,0.11936219197129905,,,,,,,,,
swin_tiny_soft_d4_s224_full_bce_nfull_seed0,swin_tiny,gz2,soft,d4,224,full,bce,0,0,False,True,20,18,3470.1826117290184,511.41983513319116,27520123,27520123,0.03668361157178879,0.9538570950468541,0.9421045318593269,0.9067648922686945,0.9175216415517794,0.9121115537848604,0.8808575018605033,0.9911953729378452,0.9767451714265464,0.05865504367815478,0.14073901708196376,0.23477681222180238,0.9550075301204819,0.944049509281754,0.9078126234299708,0.9211285668483489,0.9144221205490353,0.8839485693518978,0.9918267368604144,0.9785768066867,0.05823383794354739,0.14202667528956192,0.2339681262450604,0.9532635983263599,0.9415691346941228,0.9050632911392406,0.9171075837742504,0.911045631918452,0.8793886107204548,0.9916711683587828,0.9779699805000247,0.05831864844991936,0.1400352998083325,0.23402697063470174,0.9594649371706526,0.9586306966552346,0.9771689497716894,0.9612086565945284,0.9691230959242486,0.9104106492699913,0.9910589020411114,0.9952511179665369,0.04442846759522842,0.09425757401201908,0.18249220034552724,0.9615592487501688,0.9610432364788224,0.9789266064569708,0.9626378113515721,0.9707138813114417,0.915076527757052,0.9915732501153782,0.9955592036001155,0.043576764376369474,0.09430389785481,0.18049340024374597,0.42538070866487876,0.23860637923572584,0.9400518741633199,0.9499531435916793,0.8941888798641365,0.8579026546324307,0.9706636742545688,0.8288843258042436,0.002633427159140343,0.032863231068101184,0.10642665067675044,0.9587893527901635,0.9521130992339613,0.9689851535489119,0.9076551240083546,0.9727439771335239,0.9652552674230146,0.019134188686760797,0.03221359233369456,0.1438955351186431
swin_tiny_soft_d4_s224_full_bce_nfull_seed1,swin_tiny,gz2,soft,d4,224,full,bce,0,1,False,True,20,17,3477.5437412206084,511.8109018626641,27520123,27520123,0.03913196921348572,0.9543591030789826,0.9435071116006108,0.9058508121747358,0.9208079512664316,0.9132681453215677,0.8823566329529049,0.9912058413560125,0.976916219201097,0.05885762486492826,0.1418671978223343,0.23546378838072382,0.9557814591700133,0.945013846941613,0.9093710493046776,0.9224911830714972,0.9158841317841795,0.8859354119266835,0.9918428291183558,0.9786786592951398,0.05839186552592804,0.14337618243547065,0.23457191539117972,0.9547280334728033,0.9426636243334048,0.909842582286532,0.9174282507615841,0.9136196710841449,0.8829602078228982,0.9918217709174323,0.978411748151773,0.05844491355895728,0.14218933692139624,0.2345647885722175,,,,,,,,,,,,,,,,,,,,,,,0.4267993569374084,0.2348784578562553,0.9397381191432396,0.9494297657865607,0.8935997340916645,0.8570526467359892,0.969701827508817,0.8285733853845627,0.002838353707453162,0.032756373173751865,0.10630682207202753,,,,,,,,,
swin_tiny_soft_d4_s224_full_bce_nfull_seed2,swin_tiny,gz2,soft,d4,224,full,bce,0,2,False,True,20,19,3474.100927233696,511.3530347801161,27520123,27520123,0.041521091014146805,0.9539616800535475,0.9418123326618422,0.9080295449130331,0.9163994870150689,0.9121953165516417,0.8810150624300616,0.9911627222262894,0.9767558059308173,0.05863629546670523,0.1407832628204609,0.2347029284155625,0.9555095381526104,0.9443113683287195,0.9097315701955816,0.9208881051619109,0.9152758414658435,0.8851420812258528,0.9918578687495705,0.9786744097927302,0.05818152829151041,0.14252343940173948,0.23386748843008068,0.9547698744769875,0.942536355140858,0.9103788602355938,0.9169472502805837,0.9136512500998484,0.8830225366517163,0.9916854062054008,0.9780120884019161,0.05826552964171985,0.1414512982192181,0.23390448944468342,,,,,,,,,,,,,,,,,,,,,,,0.43005504282928086,0.23890086367648172,0.9406166331994645,0.9489352580842912,0.8946606804942302,0.8582010019052199,0.9663353638986855,0.8328842832469775,0.002496419475056723,0.032862958541904026,0.10648187210936627,,,,,,,,,
swin_tiny_soft_d4_s224_full_bce_nfull_seed3,swin_tiny,gz2,soft,d4,224,full,bce,0,3,False,True,19,13,3269.2589704645798,511.5712664325672,27520123,27520123,0.041358496993780136,0.9524347389558233,0.9451088283549474,0.8924449915371596,0.9297851875601154,0.910732511580435,0.8786738868232689,0.9911438622860069,0.976756493658469,0.058772225224070024,0.13926643234033353,0.23525052251370354,0.9544846050870147,0.9475326919545598,0.8967642526964561,0.9329913433792882,0.9145191703331239,0.8838426225036652,0.9917431721367383,0.9784166049059204,0.058362236431014465,0.1414585454291505,0.2344849582834555,0.9542677824267782,0.9463972397694491,0.8983890954151177,0.9299342632675967,0.9138895454187348,0.8830124010065112,0.9919283527957028,0.9787669183378592,0.05811106913407219,0.1408533877463209,0.23378259198257617,,,,,,,,,,,,,,,,,,,,,,,0.4392733545202505,0.24118709651533243,0.9392988621151271,0.9489511064685836,0.8928518682617044,0.8560249321150062,0.9691407502404616,0.827697152245345,0.0037180952112654568,0.03374314675864648,0.10917220745626538,,,,,,,,,
swin_tiny_soft_d4_s224_full_bce_nfull_seed4,swin_tiny,gz2,soft,d4,224,full,bce,0,4,False,True,20,17,3445.920416291803,510.4860203795849,27520123,27520123,0.03917250037193298,0.9538989290495314,0.9410698905308131,0.9095693779904306,0.9142353318371272,0.9118963863127597,0.8806838191947692,0.991029806550438,0.976412818592614,0.0587434976889717,0.14086356623471655,0.23497463703040083,0.9557605421686747,0.943340465363372,0.9134807247186527,0.9173613337608207,0.9154169166166767,0.8854679058031052,0.9918015849799894,0.9784975455197145,0.05820449098602484,0.14278173810971337,0.23390580663931104,0.9556485355648535,0.943078959157768,0.9135644671672791,0.9167869167869168,0.9151728553137004,0.8851505697341332,0.9917522927675978,0.9782694973590825,0.05821708440133327,0.14240027788551096,0.23376944835553928,,,,,,,,,,,,,,,,,,,,,,,0.42538070866487876,0.23603747117962412,0.9402610441767069,0.9493428197263846,0.8942926937597158,0.8578616117462755,0.9683392112856685,0.8307660569385229,0.0033903174471902127,0.032932080942126206,0.10710069717879066,,,,,,,,,
vit_base_hard_d4_s224_full_bce_nfull_seed0,vit_base,gz2,hard,d4,224,full,bce,0,0,False,True,19,13,3144.816586714238,910.8036964721314,85799425,85799425,0.052756424993276596,0.9463478915662651,0.9297909452468223,0.8988329979879276,0.895158704713049,0.8969920886711378,0.8607232340035796,0.9880118077586357,0.9687997052134447,0.039326798937183244,0.018419744878683048,0.1332011176544265,0.9502175368139224,0.9352866957745785,0.9050714171080083,0.9040557871112536,0.904563317026225,0.870889737787454,0.9896544136166777,0.9730237778727516,0.03634775101940895,0.014959530706436682,0.12034968276474307,0.9468200836820083,0.9302606353786788,0.9000966806316468,0.8956228956228957,0.8978542152214097,0.8619117857657541,0.988259359119349,0.9695008295234553,0.039086641634167044,0.017614951784185057,0.13023333531874728,0.9260910687744899,0.9329767733191383,0.975,0.9116986525112291,0.9422874024055707,0.843529214503547,0.9824019567698836,0.9904730517474352,0.05728400093403885,0.040118741734299815,0.22146953641275724,0.9310228347520605,0.9374353674732827,0.9767467130283604,0.9176194365046958,0.9462603294910259,0.8534807995881777,0.9844123556428082,0.9915305227004751,0.053278399442112837,0.035236089779975624,0.20349895133717819,0.2094696760177612,1.4640677588661792,0.9381275100401606,0.9414439269191028,0.888888888888889,0.8494553410353446,0.9483808913113178,0.8364201894528489,0.0025042301552918164,0.03809931452774706,0.12321310447881738,0.9396703148223213,0.9362032608644228,0.9540755978400617,0.8663980974639275,0.9469171090240914,0.961343144367292,0.021682293439095092,0.05419036062343091,0.1855837560645414
vit_base_hard_d4_s224_full_bce_nfull_seed1,vit_base,gz2,hard,d4,224,full,bce,0,1,False,True,19,13,3134.043838392012,904.7895190441336,85799425,85799425,0.06415551155805588,0.9454275435073628,0.9308275103414223,0.891640866873065,0.9002885540237255,0.8959438439755913,0.85897885364429,0.9875620049319555,0.9678513263628286,0.040282222746291146,0.01954093803405984,0.13803742251353918,0.9497782797858099,0.9364931920277537,0.8998333201047702,0.9087047130490542,0.9042472582253239,0.870230660976963,0.9896029880370424,0.9730500346761782,0.03649411871081308,0.015255396712539195,0.1216976172831449,0.9461087866108787,0.9312833139853842,0.8939659289921987,0.9002725669392336,0.8971081642434895,0.8606126662808243,0.988040335923859,0.9689818357139247,0.03992633748747041,0.018809328032327374,0.1329705292377854,,,,,,,,,,,,,,,,,,,,,,,0.20255066077855596,1.522097733839082,0.9353455488621151,0.9403136190624457,0.8847200984597025,0.8440154986113795,0.9507053542802181,0.8272999930250401,0.0031440740687912944,0.038872341840432804,0.12563721829495442,,,,,,,,,
vit_base_hard_d4_s224_full_bce_nfull_seed2,vit_base,gz2,hard,d4,224,full,bce,0,2,False,True,19,13,3126.3437271546572,896.7528702122434,85799425,85799425,0.061899349093437195,0.9462014725568942,0.9311177857728206,0.8948333599107,0.8995671689644117,0.8971940203053801,0.8607682310727949,0.9878038493252682,0.9683531169467892,0.04008088840757472,0.0206644679154914,0.13821682412007624,0.9506777108433735,0.9368943017939626,0.9034290271132377,0.9080634818852196,0.9057403261912376,0.8723464252463169,0.9896878140979168,0.9732699898791752,0.036400351005327465,0.016246656855638208,0.1226245790712808,0.94581589958159,0.9303072748787897,0.8948545861297539,0.8978675645342312,0.8963585434173669,0.8596805524525554,0.9881094691338327,0.9693917343770285,0.03945171808609268,0.019826901103430026,0.1342043978662512,,,,,,,,,,,,,,,,,,,,,,,0.1520322561264038,1.5749399088078802,0.9342996987951807,0.9417060082880925,0.8837742830712303,0.8431676409585646,0.957197819814043,0.8208124269709258,0.002911230907547851,0.03840589790306958,0.12408362954780203,,,,,,,,,
vit_base_hard_d4_s224_full_bce_nfull_seed3,vit_base,gz2,hard,d4,224,full,bce,0,3,False,True,18,12,2964.180603859946,922.479013387332,85799425,85799425,0.048451900482177734,0.9445908634538153,0.9191134990049229,0.9172115139679036,0.8658223789676178,0.8907763987960252,0.854334497497612,0.9878265772150524,0.9683881708615032,0.04025472997131042,0.019922330748865038,0.13467984981688338,0.9494017737617135,0.9258164263634792,0.9256751036993143,0.8764828470663675,0.9004075919140352,0.8671076334728084,0.9896697107330938,0.973033295161808,0.03681545052609099,0.014851132748867419,0.12091494043831505,0.9470711297071129,0.9213551596027205,0.9249572649572649,0.867564534231201,0.8953421030859602,0.8607596144075379,0.9883636444243362,0.9697605430858027,0.039279814521217975,0.017547285789706463,0.1307697338299804,,,,,,,,,,,,,,,,,,,,,,,0.1159607246518135,1.4620498244078086,0.9345925368139224,0.9412819176840819,0.8840262582056893,0.843372970459768,0.9552741263225393,0.8226685994339753,0.0037208928089549924,0.03880909975291421,0.1245859391312997,,,,,,,,,
vit_base_hard_d4_s224_full_bce_nfull_seed4,vit_base,gz2,hard,d4,224,full,bce,0,4,False,True,17,11,2767.359172024764,908.4857571950317,85799425,85799425,0.05605323240160942,0.9444862784471219,0.921479735828441,0.9102756892230577,0.873356845142674,0.8914341814611798,0.8544950101655095,0.9878831082611705,0.9684468443610234,0.039643954547345386,0.015109476046112881,0.1288075301652615,0.9492135207496654,0.9274519950488794,0.9201371466800469,0.8819333119589612,0.9006302692968814,0.8668925754976419,0.9896979184070549,0.9731177175250352,0.03592743604323388,0.010195389887283648,0.11688214835486892,0.9476569037656903,0.9249148663461068,0.918429003021148,0.8773448773448773,0.8974169741697416,0.8627130199675198,0.9882439593700422,0.9693517546119744,0.03835677883890916,0.011669441081705947,0.12634941493917407,,,,,,,,,,,,,,,,,,,,,,,0.1688569486141204,1.3262690833778126,0.9361403949129853,0.941162480848092,0.8860778387253255,0.8458789397816625,0.9516672010259699,0.8289464497661104,0.003278204721389524,0.038796239497715844,0.1235908912273626,,,,,,,,,
vit_base_soft_d4_s224_full_bce_nfull_seed0,vit_base,gz2,soft,d4,224,full,bce,0,0,False,True,20,14,3408.0912697743624,921.5539416083748,85799425,85799425,0.05138493329286575,0.9523510709504686,0.9422263461798198,0.8988579474342928,0.9210484129528695,0.9098178939034045,0.8775667281309963,0.9905774243345593,0.9754595743320652,0.06098283424447145,0.14504982774677955,0.24248589103896823,0.9542336010709505,0.9447962526633724,0.9020634672502735,0.9250561077268356,0.9134151167392165,0.8824474905447947,0.9916203562328406,0.9781572241096401,0.060318708285420394,0.14704395674577062,0.24117553119645246,0.9541841004184101,0.9445774187607399,0.9023474178403755,0.9244829244829245,0.9132810643858398,0.8822750542689302,0.9910680682444633,0.9763832916844789,0.06080104391468436,0.14701698497950905,0.24204310223737463,0.9565599243345494,0.9551172729107269,0.9743961853425935,0.9595753368721928,0.9669289718664816,0.9038839002188142,0.989334613490353,0.9941320634712458,0.05493917776788509,0.12281149592506792,0.21832373816455727,0.958451560599919,0.9570348166928146,0.9754531330916624,0.9614128215598203,0.9683820883245078,0.9080209505697813,0.9900863961204905,0.994524172485293,0.05406393301231346,0.12435102086766414,0.2165198510827886,0.444223479257341,0.23738475334792142,0.9414533132530121,0.947712459728407,0.895454375676988,0.8588846042672805,0.9608047451106124,0.8384276421626915,0.0025166656980813913,0.03410046067448889,0.11064518913845668,0.9587893527901635,0.95055025435382,0.9690857490370972,0.9075095459665384,0.9760106165781952,0.9622584541062802,0.012163509018372034,0.0343270438330548,0.13393700103085776
vit_base_soft_d4_s224_full_bce_nfull_seed1,vit_base,gz2,soft,d4,224,full,bce,0,1,False,True,19,13,3120.8428100822493,916.3254724469092,85799425,85799425,0.0476028174161911,0.9522464859437751,0.9308261582605408,0.9277381451951322,0.8860211606284065,0.9063999016030503,0.8747862558859135,0.9905665248838962,0.9752781693097362,0.0598656360625427,0.14152527459733621,0.23840255639284402,0.9549447791164659,0.9349331402356149,0.9314495903695035,0.8930747034305867,0.9118585808986005,0.8819664011315457,0.9915438434276547,0.97794183836082,0.05927274426305107,0.14449921611632116,0.237292581747956,0.9542677824267782,0.933380634573335,0.9319785018474975,0.889690556357223,0.9103436961693052,0.8800986533038299,0.991113586690027,0.9765043044414166,0.059560731278158856,0.14350475415610806,0.23764276804808576,,,,,,,,,,,,,,,,,,,,,,,0.4267993569374084,0.23946796555466804,0.9446326974564926,0.9468820552079488,0.8997006555265052,0.864068343019119,0.9515870471304906,0.8531800215594681,0.003726216195881705,0.03420532738928925,0.10987494494249168,,,,,,,,,
vit_base_soft_d4_s224_full_bce_nfull_seed2,vit_base,gz2,soft,d4,224,full,bce,0,2,False,True,18,12,2968.9067387077957,917.4057105707382,85799425,85799425,0.057993508875370026,0.9505312918340026,0.9431729071521158,0.8877214510315208,0.9277813401731324,0.9073094258279443,0.8739905751846917,0.99037679345362,0.9747079626387495,0.061819321678182944,0.14488461038209635,0.24521406288757563,0.9539198460508701,0.947383931297304,0.8943570057581574,0.9337127284386021,0.9136112309321202,0.882591593761269,0.9915926476491379,0.9780422052871216,0.06120952889451061,0.14905031279579256,0.24432406482484303,0.9518410041841004,0.9453776973922665,0.8889568675435913,0.9318582651915985,0.9099021526418787,0.8775184042657808,0.9909627299651644,0.9762100300681884,0.061449906845390305,0.1461718833084105,0.244380281295574,,,,,,,,,,,,,,,,,,,,,,,0.4600463211536407,0.24290732262645515,0.942729250334672,0.9475386810376591,0.8971913487533794,0.8610069361689283,0.9575985892914396,0.8439530940943769,0.0030303146152825863,0.035347409235624946,0.11409849357279658,,,,,,,,,
vit_base_soft_d4_s224_full_bce_nfull_seed3,vit_base,gz2,soft,d4,224,full,bce,0,3,False,True,18,12,2943.934146937914,928.4495725698,85799425,85799425,0.0515727661550045,0.9526020749665328,0.9397776914059235,0.9061256961018298,0.9129528695094582,0.9095264712928213,0.8774284667257525,0.9906145543811828,0.9755360083396477,0.05952725839951625,0.14117620455827673,0.23744735686092122,0.955070281124498,0.9435734543074883,0.9093214965123653,0.9195254889387624,0.9143950263032041,0.8839638867400976,0.9915932465574478,0.978041998111976,0.05895686757023207,0.1439042337560372,0.23637627236406872,0.9533054393305439,0.9410269936228154,0.9066222010481182,0.9153439153439153,0.9109621828626138,0.8793364643168011,0.9910706507547361,0.9766365976801828,0.059212195322495324,0.1417704658077788,0.23669555456855174,,,,,,,,,,,,,,,,,,,,,,,0.4395067989826202,0.24151267531365989,0.9428338353413654,0.9483612770641674,0.8975829117481731,0.8616580585827271,0.9599230522603398,0.8428460834682243,0.0027058738037448573,0.033859581012194405,0.10940084902471331,,,,,,,,,
vit_base_soft_d4_s224_full_bce_nfull_seed4,vit_base,gz2,soft,d4,224,full,bce,0,4,False,True,20,14,3199.1098298579454,921.2564088248934,85799425,85799425,0.050942279398441315,0.9518281459170014,0.9409910932533996,0.8992229809277137,0.9183231805065726,0.9086727207835984,0.8760533266600284,0.9906972207423944,0.9757609809354048,0.06113638377828528,0.14473451633356044,0.24250639943466423,0.9542754350736279,0.9439690150974622,0.9042904290429042,0.9224110291760179,0.9132608523133083,0.8823000817985378,0.9915920101747626,0.9780480843026844,0.06064318124644361,0.1475427571209266,0.2417208699734338,0.9538075313807531,0.9421445715393516,0.9064133016627078,0.9177489177489178,0.9120458891013384,0.8807578764598577,0.991286546798068,0.9769883630298734,0.06082503323882276,0.14669952502411837,0.2418192496935855,,,,,,,,,,,,,,,,,,,,,,,0.4419138133525848,0.23134770681554748,0.9414742302543507,0.9477784621464721,0.8955034359127578,0.8589595605903002,0.960965052901571,0.8383916083916084,0.0038851242183727992,0.03409762252666571,0.10945192811324345,,,,,,,,,
vit_small_hard_conf_d4_s224_full_bce_nfull_seed0,vit_small,gz2,hard_conf,d4,224,full,bce,0,0,False,True,20,17,2171.1877138409764,1322.1320527326598,21666049,21666049,0.05684862285852432,0.9422481593038822,0.9347689713009308,0.8674634995082835,0.9191247194613659,0.8925471881689044,0.8537722340884121,0.9859338397968184,0.9610998350069861,0.05235633793343384,0.048870272494252125,0.3834012427788405,0.9447791164658634,0.9377257226436742,0.8727451872063059,0.9229721064443732,0.897156213478769,0.8600817320002289,0.9875361781453856,0.9658007941592779,0.04940835241728605,0.0461243664763727,0.3406629173827467,0.9410878661087866,0.9315165114859392,0.869133160067268,0.9114959114959115,0.8898106119893566,0.850086450767663,0.9857162627643292,0.9604245939896351,0.05320668626638721,0.04985772971822394,0.38480450275715816,,,,,,,,,,,,,,,,,,,,,,,0.0043315016664564,3.60653946738144,0.9284429384203481,0.9383398804295893,0.8749223063142116,0.8316079647365713,0.9590413594100673,0.8043697478991597,0.0155564193389047,0.044111031358274794,0.15890286382323884,,,,,,,,,
vit_small_hard_conf_d4_s224_full_bce_nfull_seed1,vit_small,gz2,hard_conf,d4,224,full,bce,0,1,False,True,20,16,1810.8283648807555,1560.6257958361157,21666049,21666049,0.027007432654500008,0.9412441432396251,0.9301231034252583,0.8729264717228609,0.9068611734530299,0.8895703109643432,0.8498506428584591,0.9862363486110246,0.9641831488373029,0.05241914994996622,0.04911762608022673,0.33051912980985093,0.9454484605087015,0.9343934512534189,0.8833721833721834,0.9112696377043924,0.8971040795391778,0.8601947057447381,0.9877252494153658,0.9679684903741943,0.04854377043443341,0.04435895995295003,0.29309920291631075,0.942510460251046,0.9295748722422184,0.8802189210320563,0.9025172358505692,0.8912286257124763,0.8522904846344167,0.9865295129500907,0.9644525536726419,0.050964239818683275,0.04762377172564518,0.3222364599375997,,,,,,,,,,,,,,,,,,,,,,,0.0078158881515264,3.295078947216304,0.9295515394912985,0.9376380823943207,0.8761127050687852,0.8328363723938544,0.9545527412632254,0.8095853161114888,0.018484308744038096,0.043517265120144276,0.15056135963825712,,,,,,,,,
vit_small_hard_conf_d4_s224_full_bce_nfull_seed2,vit_small,gz2,hard_conf,d4,224,full,bce,0,2,False,True,17,11,1862.984705299139,1301.1253037230952,21666049,21666049,0.07236330211162567,0.9344879518072289,0.9309705995184705,0.8409721208582689,0.9236133376082077,0.8803575521430209,0.8371283657607085,0.9851555743282053,0.9620528702898045,0.05407492775180351,0.04619366305682985,0.25740269783388353,0.9400727911646586,0.9375489947832183,0.852025492637902,0.9322699583199744,0.8903433229991962,0.8508566291043869,0.9872367636907808,0.9669564720977719,0.04905696031916302,0.04123282127318567,0.2225376486172793,0.9361087866108787,0.9318298757333274,0.846221699500147,0.9228795895462563,0.8828897921619756,0.8405659961164647,0.9855817997602142,0.9630544697595048,0.052699132187130626,0.04456068580637167,0.24727499029355576,,,,,,,,,,,,,,,,,,,,,,,0.3101610904807278,2.7189970284366005,0.9303463855421686,0.932964819000653,0.8754954011814851,0.8310436426835126,0.9384418082718821,0.8204625087596356,0.011712680522944389,0.04632245908834025,0.1521085954609201,,,,,,,,,
vit_small_hard_d4_s224_full_bce_n10000_seed0,vit_small,gz2,hard,d4,224,full,bce,10000,0,False,True,13,7,399.59657470323145,1361.2494974467108,21666049,21666049,0.08489087224006653,0.9277317603748326,0.9189590623302752,0.8353282283845067,0.9006091696056429,0.8667412350059783,0.8183488467001832,0.9798813472801776,0.9487324489056224,0.05350946159741738,0.02640090863691676,0.18020748340374726,0.9332329317269076,0.9256623299776441,0.845953197197794,0.9098268675857647,0.8767281995829151,0.8320645624434644,0.9830379445709996,0.956370526238621,0.04861398448998203,0.020314799270894243,0.16036397099914856,0.9271129707112971,0.9174462693306227,0.8355980289681947,0.8972262305595639,0.8653162208133601,0.8164102378885819,0.9803056949634542,0.9501287185018576,0.05362258335987508,0.026845276475499308,0.17793397976806472,,,,,,,,,,,,,,,,,,,,,,,0.2146914303302765,1.4542294646682703,0.9098268072289156,0.9232821458499991,0.8463156393711454,0.7932632739558136,0.9514267393395319,0.7621187800963082,0.006411614035396636,0.0515120817802366,0.16657077186767943,,,,,,,,,
vit_small_hard_d4_s224_full_bce_n10000_seed1,vit_small,gz2,hard,d4,224,full,bce,10000,1,False,True,10,4,269.35128548927605,1558.1912436240286,21666049,21666049,0.10687214136123657,0.9222724230254351,0.9252986837410949,0.8023609001794837,0.9316287271561398,0.8621763964097618,0.8128418539942981,0.9810610503265557,0.9518298309087498,0.055887350054740624,0.02008876834096948,0.18108679874237196,0.9278363453815262,0.9317333001768013,0.8128379315125468,0.9398845783905098,0.8717567467102818,0.8261106042044926,0.9836486268738434,0.957886060857988,0.051616759776276236,0.014016104814335718,0.16652399869658954,0.9211297071129707,0.9230440305474746,0.8017193566278424,0.9270482603815937,0.8598408803628522,0.8094791534246804,0.981147602389747,0.9519821267597319,0.05589165454239153,0.0196997380785525,0.18017787559606188,,,,,,,,,,,,,,,,,,,,,,,0.4489093720912933,1.2743602624773092,0.9183818607764391,0.9258812672623977,0.857570448240619,0.8073041478067661,0.9415678101955754,0.7873324396782841,0.005797341362596736,0.05485407773015417,0.17543218669854768,,,,,,,,,
vit_small_hard_d4_s224_full_bce_n2000_seed0,vit_small,gz2,hard,d4,224,full,bce,2000,0,False,True,14,8,344.7061236007139,1297.7074723735839,21666049,21666049,0.07531897723674774,0.9200343038821954,0.8757186536744459,0.8974735875057418,0.78302340493748,0.8363511835965927,0.7869585174256968,0.9725951648970621,0.933828146546865,0.06164519453648475,0.04087284837735155,0.22653666787524687,0.9223142570281124,0.8781944816443132,0.9038532448377581,0.7859089451747355,0.8407648773795232,0.793096727131,0.9758945451050008,0.940646107219482,0.05868170465479673,0.03822824037920874,0.20977728533631587,0.9202928870292887,0.8768419686440407,0.8958333333333334,0.785954785954786,0.8373046374583654,0.7877659767841881,0.9718436620718227,0.9329493156395438,0.06218168704506396,0.04069455481712043,0.22940103325260983,,,,,,,,,,,,,,,,,,,,,,,0.0453525818884372,1.7274939810443415,0.9019201807228916,0.910388575522719,0.8316156138901857,0.7717482443824637,0.9281019557550497,0.753301671979702,0.011166237234493667,0.057494593506584195,0.19091733258643878,,,,,,,,,
vit_small_hard_d4_s224_full_bce_n2000_seed1,vit_small,gz2,hard,d4,224,full,bce,2000,1,False,True,13,7,261.72690078336746,1574.570979582913,21666049,21666049,0.06563520431518555,0.9168130856760375,0.8631691380224853,0.9150307647231175,0.7509618467457518,0.82491745542593,0.7775299659026274,0.9740204203505123,0.9356308551833598,0.06502561039786288,0.045488560991992694,0.23588477527981921,0.9198460508701473,0.8673729162845601,0.9212475633528265,0.7576146200705355,0.8314567206192823,0.7859444299221591,0.977126111569286,0.9427257781635977,0.06153071976458247,0.04173731492905085,0.21675389512892262,0.9164853556485356,0.8631681395462558,0.9129503407984421,0.751643418310085,0.8244811818501583,0.7766285199961346,0.9753690472990705,0.9384288937378097,0.06434639561885218,0.04625811419662911,0.22980305945527,,,,,,,,,,,,,,,,,,,,,,,0.0346188358962535,1.7363461984001112,0.9039072958500669,0.9112663074112144,0.8342473661423006,0.7751520380310639,0.9266591856364219,0.7585958005249344,0.016470146413568296,0.05981975129769269,0.195574663799072,,,,,,,,,
vit_small_hard_d4_s224_full_bce_n25000_seed0,vit_small,gz2,hard,d4,224,full,bce,25000,0,False,True,12,6,460.0044664731249,1376.8977336204925,21666049,21666049,0.10692327469587326,0.928714859437751,0.9261314748204246,0.8260463109449159,0.9207277973709522,0.8708210143279509,0.8241032567765803,0.9821988207168699,0.9548740566756398,0.05160077323925042,0.021909679992142016,0.17214058702433666,0.9359730589022758,0.934230870333193,0.8409996378123868,0.9305867265149086,0.8835280240477911,0.8415804950048731,0.9855285308666635,0.9627463847736333,0.04607796025430644,0.014905127617078908,0.15159726909951493,0.9289121338912134,0.925301453156291,0.8283646888567294,0.9177489177489178,0.8707689967292919,0.8239697266400534,0.9833399584479997,0.9572085551867169,0.05057749852958714,0.02129017664008366,0.1662290662604055,,,,,,,,,,,,,,,,,,,,,,,0.3424615859985351,1.3579300785941837,0.9195322958500669,0.9285521578539366,0.8600429293848001,0.8110238081465674,0.9474190445655659,0.787422556791686,0.005266227767073731,0.050331412361108385,0.162970498806694,,,,,,,,,
vit_small_hard_d4_s224_full_bce_n25000_seed1,vit_small,gz2,hard,d4,224,full,bce,25000,1,False,True,14,8,507.16316504217684,1588.5387750900427,21666049,21666049,0.11108198761940002,0.9230045180722891,0.9308753776343753,0.796267600889308,0.9473388906700866,0.8652586112229583,0.8179298970831392,0.9838095982279864,0.9583208445490814,0.056609244696999586,0.03170462866003224,0.1930953070295245,0.9298652945113789,0.9380059073774869,0.8101584279594751,0.9550336646361013,0.8766508479564434,0.8335835854615655,0.9863955175687574,0.9647265855149314,0.05131622637452655,0.025280514789812386,0.17185150445714176,0.9264016736401673,0.9344415152696117,0.8030590146183,0.9512586179252845,0.8708990825688073,0.825692117452476,0.9848872633507181,0.9603058089953934,0.05452055525335625,0.02735829741121691,0.18539633524017232,,,,,,,,,,,,,,,,,,,,,,,0.4460121095180511,1.5951551731751952,0.9188629518072289,0.9304585283762938,0.8599689541893796,0.8115381140030511,0.9547130490541841,0.7823316912972086,0.006452434132277753,0.05377845023009462,0.1713573232581976,,,,,,,,,
vit_small_hard_d4_s224_full_bce_n50000_seed0,vit_small,gz2,hard,d4,224,full,bce,50000,0,False,True,17,11,1088.5988624412566,1298.7296522268878,21666049,21666049,0.07315677404403687,0.9418298192771084,0.9259823874859088,0.8852419931653819,0.8928342417441487,0.8890219082964205,0.8496221648018337,0.9854659313367231,0.9627504077296645,0.044915261034896736,0.028772848976187305,0.1660014047801444,0.9463897255689424,0.9308821924849929,0.8963614554178329,0.8984450144277012,0.89740202553941,0.8611180272005482,0.9874515619292789,0.9677519347161555,0.04109015967146081,0.024683915332137485,0.14753854873532155,0.9407949790794979,0.9235395094252593,0.8858834827144686,0.8874458874458875,0.8866639967961554,0.8465966810988763,0.9858906797894135,0.9634779507838072,0.04497068365231617,0.029451613332583185,0.16237874412709238,,,,,,,,,,,,,,,,,,,,,,,0.125922754406929,1.7932062718728015,0.9284429384203481,0.9358510352783491,0.8740380720939651,0.829859420865377,0.9513465854440526,0.8083497922767827,0.004289647172364346,0.04192618080824373,0.1374971693430753,,,,,,,,,
vit_small_hard_d4_s224_full_bce_n50000_seed1,vit_small,gz2,hard,d4,224,full,bce,50000,1,False,True,14,8,764.5611654287204,1543.3098794443974,21666049,21666049,0.07293136417865753,0.943063922356091,0.9279321198773421,0.8867565424266455,0.8962808592497595,0.891493263174679,0.8529236130706132,0.9860066060221792,0.964072076274993,0.04171348101786836,0.012552810091787932,0.1376517172301579,0.9465779785809906,0.9321762019463649,0.8941681233116161,0.9020519397242706,0.8980927300295268,0.8619096993976185,0.988110692284649,0.9693367209706178,0.03820287882901243,0.009106898948869077,0.12483873922877131,0.9428870292887029,0.9264069491003384,0.8895107131435881,0.8919352252685586,0.8907213193499319,0.8520641635794658,0.9862303683945912,0.9648357781374063,0.041422150767544935,0.013016220386288264,0.13587692697089535,,,,,,,,,,,,,,,,,,,,,,,0.2094696760177612,1.2840758347353485,0.9273343373493976,0.9362158021993873,0.8727379295186459,0.8283901989636863,0.9547932029496633,0.8036702199433274,0.0019931242506996925,0.0411964658628221,0.13332642528288394,,,,,,,,,
vit_small_hard_d4_s224_full_bce_n5000_seed0,vit_small,gz2,hard,d4,224,full,bce,5000,0,False,True,20,14,522.2177271489054,1335.243687844855,21666049,21666049,0.0945122092962265,0.9249916331994645,0.9103905219747263,0.8402480097979179,0.8798493106764989,0.8595927956147219,0.8088558254674706,0.9769086500036824,0.9407549336560803,0.06239468947194148,0.05202492239614259,0.2805096987865825,0.9304928045515395,0.9167049075672138,0.8520113837397123,0.8878647002244309,0.8695686305294971,0.8225432239498229,0.97966711051822,0.947654583949262,0.05711688135170105,0.046393307002952446,0.24868727974864607,0.9258158995815899,0.9114346892093217,0.8418070444104134,0.881353214686548,0.8611263413487897,0.8109508022605268,0.9780851173781782,0.9434385469146387,0.061232433146179495,0.05197129131631903,0.2726974671886447,,,,,,,,,,,,,,,,,,,,,,,0.1143685355782508,2.4366113589307554,0.9145958835341366,0.9184199359589158,0.8498841869186368,0.796068487647596,0.9264187239499839,0.7850302248183115,0.015286703390350213,0.05435116801280257,0.18029426981680746,,,,,,,,,
vit_small_hard_d4_s224_full_bce_n5000_seed1,vit_small,gz2,hard,d4,224,full,bce,5000,1,False,True,19,13,429.7603623177856,1554.3902249760515,21666049,21666049,0.0949062705039978,0.9257237282463187,0.9141783584155528,0.835955732891666,0.8900288554023725,0.8621452696145037,0.8121275849408259,0.9781126111052049,0.9445240442875085,0.06078910556872881,0.05049705636509241,0.2607915349340583,0.9301999665327979,0.9187363773314003,0.8465155076969743,0.8947579352356525,0.8699684370494487,0.8229049485484624,0.9805927845632072,0.9505669667303542,0.05627007843401938,0.04508088590064913,0.23109875691209342,0.9267782426778243,0.9143157040833918,0.8402851509176399,0.8882475549142216,0.8636009353078722,0.8141961836734355,0.9790529187762577,0.9461548117114091,0.060149075278820865,0.04922432136207654,0.25374123026219025,,,,,,,,,,,,,,,,,,,,,,,0.07823946765575011,2.2640494658118815,0.9116884203480589,0.9209898379052844,0.847515169026293,0.7938676216710373,0.9404456556588651,0.7712989744938207,0.016842228386423762,0.05327668730403177,0.17633087568514572,,,,,,,,,
vit_small_hard_d4_s224_full_bce_nfull_seed0,vit_small,gz2,hard,d4,224,full,bce,0,0,False,True,14,8,2121.801107559353,1384.3959619281302,21666049,21666049,0.05245649814605713,0.945615796519411,0.9208698656815629,0.9181202370872142,0.86910868868227,0.8929424359713416,0.8571078758767219,0.9880088188885663,0.9690018304788438,0.03882760011723613,0.011131611390617573,0.12614282181806857,0.9502175368139224,0.9272757254440243,0.9262073623775752,0.8792882334081437,0.9021381578947368,0.8693142844375964,0.9900045900877336,0.9740312591539175,0.03530546749005247,0.007304639589214951,0.11384907742227347,0.9478661087866109,0.9232413406864708,0.9241883392826789,0.8717332050665384,0.8971947194719472,0.8629736200314649,0.9884501199396744,0.9700738265682011,0.038046209160783655,0.010939774657657348,0.12384302667365472,0.9372382110525604,0.9457452404603247,0.9846944353339893,0.9194569211923234,0.9509581375706065,0.8680222887169142,0.9883422967163781,0.9934884851349182,0.048828436759817434,0.020514085126009562,0.18126468225619458,0.9390622888798811,0.9481489709286381,0.9869689005694262,0.9200694160881993,0.952345731191885,0.8722635591221629,0.9895385439473449,0.9941667466780928,0.04648934130139134,0.020290578969727958,0.17129815904858595,0.1847675144672393,1.2449498203791,0.9364541499330656,0.9412710511280038,0.8865401852405139,0.846476595504821,0.9513465854440526,0.83,0.0023987272520385673,0.038370215409178426,0.12315850752069785,0.950682340224294,0.9467695727152734,0.9625947940151669,0.8902929441892886,0.9588607594936709,0.966358024691358,0.01196510594534705,0.048105702148455956,0.1687253956948341
vit_small_hard_d4_s224_full_bce_nfull_seed1,vit_small,gz2,hard,d4,224,full,bce,0,1,False,True,14,8,1808.3644575355574,1616.9729848830912,21666049,21666049,0.06858865916728973,0.9449673694779116,0.9349753587342811,0.8797346293296305,0.9140750240461687,0.896576123275286,0.8593962407136813,0.9880634352429664,0.9690610292148851,0.03886563097322149,0.004737424843381862,0.12580493676855567,0.9506149598393574,0.9419332395455019,0.8909934286818709,0.9237736453991664,0.9070874817992208,0.8737367160526573,0.9899910386529254,0.9741431829259227,0.035486890759618,0.0023943351096923308,0.11460656010196117,0.9455648535564853,0.934389865064156,0.8839452395768512,0.911014911014911,0.897275957362811,0.860439900916942,0.9885323154775306,0.970145448586229,0.03819954222438413,0.003962610113512672,0.12269202952510376,,,,,,,,,,,,,,,,,,,,,,,0.3944210842762672,1.0778162425701192,0.9405538821954484,0.9401559201523826,0.8918569254185692,0.8530821563946741,0.9393235011221546,0.8489568241089539,0.0027634917486974724,0.03881603604985356,0.125206905582242,,,,,,,,,
vit_small_hard_d4_s224_full_bce_nfull_seed2,vit_small,gz2,hard,d4,224,full,bce,0,2,False,True,16,10,2122.925342930481,1551.3386076558777,21666049,21666049,0.056756339967250824,0.9460968875502008,0.92861003417516,0.900477384901691,0.8920327027893555,0.8962351520032212,0.8598455803844396,0.9880989387090666,0.9690777428758263,0.038425423893874475,0.012374486202573831,0.12585370660762296,0.9511588018741634,0.93348651804763,0.9146291601929839,0.8965213209361975,0.90548471969237,0.8726398534239526,0.990035293212986,0.9739481152605503,0.03491140637407244,0.007507530823168199,0.1132505279755731,0.9465690376569038,0.9273422626099597,0.9061578774975434,0.8871252204585538,0.8965405492991979,0.8606186518859018,0.98845898852504,0.9697204303600153,0.03794594778989775,0.011994784535778628,0.12373893741865287,,,,,,,,,,,,,,,,,,,,,,,0.190724030137062,1.2641688820800534,0.9331492637215528,0.9400980619798958,0.8816997334912645,0.8402445341327645,0.9546328951587048,0.8191196698762035,0.0022317806351424235,0.037907619765603,0.12223969809353247,,,,,,,,,
vit_small_hard_d4_s224_full_bce_nfull_seed3,vit_small,gz2,hard,d4,224,full,bce,0,3,False,True,13,7,1545.381718765013,1747.985135122402,21666049,21666049,0.07362015545368195,0.9440888554216867,0.9364809597792416,0.8722563985721881,0.9205674895799936,0.8957610264009671,0.8581801504335009,0.9879375397253161,0.9687184743868705,0.0397416249666225,0.006737675444449541,0.12824979259201544,0.9498828647925034,0.9425008821193456,0.8861477168250077,0.9270599551138186,0.9061422751488563,0.8723936656388913,0.9898830695499155,0.9737177373384164,0.03591934184841155,0.003284132171447968,0.11557819938760408,0.9456903765690376,0.9378456223650509,0.8767353165522502,0.9214365881032548,0.8985303314571608,0.8619808429784575,0.9887304289633074,0.9704565672163455,0.03838462003310657,0.005042103792166587,0.12365015107631395,,,,,,,,,,,,,,,,,,,,,,,0.3380771279335022,1.1010579181947193,0.9357638888888888,0.9415040400721202,0.885679186985817,0.845457205116005,0.9535107406219943,0.8268575797595051,0.002682419761628978,0.039616558965352835,0.12724871699925588,,,,,,,,,
vit_small_hard_d4_s224_full_bce_nfull_seed4,vit_small,gz2,hard,d4,224,full,bce,0,4,False,True,17,11,2183.0029550669715,1567.3075560474692,21666049,21666049,0.04779014736413956,0.9466825635876841,0.9329210215618969,0.89289954880076,0.9041359410067329,0.8984826157951332,0.8623630960380709,0.9880905607985037,0.9691433576508419,0.039566174773850674,0.019321767130983224,0.13512240173012516,0.9506567938420348,0.937346808782406,0.9022024330126421,0.9095062520038474,0.9058396200055882,0.8724222553956827,0.9898767866841411,0.9737921900699522,0.03603627427154095,0.015191695903963118,0.12046454378049416,0.9456485355648535,0.9305051977399068,0.893528849218999,0.8988295654962322,0.8961713691951082,0.859368362955271,0.9883697353360867,0.9697828348558007,0.03963867690133613,0.02008497504566842,0.13224073286596616,,,,,,,,,,,,,,,,,,,,,,,0.1480471938848495,1.5219969063792504,0.9307438085676037,0.9408039344065455,0.8787667972611768,0.8369013051382547,0.9618467457518436,0.8088978766430738,0.002454071697001655,0.03813002620468152,0.12325014855262628,,,,,,,,,
vit_small_hard_debiased_d4_s224_full_bce_nfull_seed0,vit_small,gz2,hard_debiased,d4,224,full,bce,0,0,False,True,12,6,1862.1207030033693,1347.2677092777417,21666049,21666049,0.10783272236585617,0.6727535140562249,0.7764483218171735,0.4433196208191737,0.9933472266752165,0.6130444460933443,0.49274579626175613,0.9550372751004017,0.892966357610366,0.26205232549955426,0.20570691398297836,1.0534881664889242,0.6760374832663989,0.7791626877073925,0.4458973990515879,0.9948701506893235,0.615796785076404,0.4971586132374844,0.9588647154875185,0.9030380625144385,0.2595480403192583,0.20197768173789782,1.027463284028391,0.674560669456067,0.7775404319215299,0.44467580957851655,0.9929453262786596,0.6142630430470145,0.4943501436192835,0.9550032941302827,0.8918343166071798,0.25976654634752355,0.20297889001648017,1.047601451026845,,,,,,,,,,,,,,,,,,,,,,,0.9683812260627748,5.031445291476991,0.8682228915662651,0.8775573883924382,0.7803653604797101,0.7005296275132867,0.8970823982045527,0.6905231984205331,0.050721362047036055,0.2084912897169998,0.5997055567317567,,,,,,,,,
vit_small_hard_debiased_d4_s224_full_bce_nfull_seed1,vit_small,gz2,hard_debiased,d4,224,full,bce,0,1,False,True,16,10,2048.6392973922193,1552.4728492302374,21666049,21666049,0.1442437767982483,0.6986069277108434,0.7917358829235162,0.4635956156540736,0.9865341455594742,0.6307751441383728,0.5156394537096638,0.9492812796289469,0.8772290778255034,0.24514208651589564,0.18151961674222877,1.0983985770937854,0.6977911646586346,0.7911061988933844,0.4629072304567,0.9862936838730362,0.6300885862051309,0.5146065815719629,0.9527179709098982,0.8890421353813158,0.24496669190242923,0.18058141895614313,1.076499991503739,0.6994142259414226,0.7912955624367427,0.46416950435111615,0.9834856501523168,0.6306806498046473,0.5145921109096017,0.9486503824007835,0.8777639620238821,0.24372554514189582,0.1802765381286688,1.0927022364390482,,,,,,,,,,,,,,,,,,,,,,,0.9693241715431212,5.271401836125156,0.8624288821954484,0.8741300130848761,0.7731990758302011,0.6909741616587682,0.8986053222186599,0.6785087453852205,0.06964663488904889,0.20405217365740605,0.5919806901004387,,,,,,,,,
vit_small_hard_debiased_d4_s224_full_bce_nfull_seed2,vit_small,gz2,hard_debiased,d4,224,full,bce,0,2,False,True,8,2,919.9353419607505,1648.8464650183248,21666049,21666049,0.1077856570482254,0.7090445113788487,0.79768267492923,0.4723848405484517,0.9830875280538635,0.6381373569198752,0.5248720720240173,0.95054233552172,0.8915028001283866,0.2302838353571525,0.1642060597532578,0.8519488456709176,0.7086470883534136,0.798139710027471,0.4720995429932025,0.9853318371272843,0.6383486953135142,0.5258237811745974,0.9525435933108404,0.896364221160965,0.23097717873740067,0.1634610484060624,0.8493248123653859,0.7105020920502092,0.7984859654545816,0.47364353068480447,0.9825236491903159,0.6391655801825293,0.5261330040161601,0.951413187292332,0.8933912789286483,0.22888010261404923,0.16287075703582216,0.8483568521981437,,,,,,,,,,,,,,,,,,,,,,,0.9465966820716858,3.5830877457110115,0.8662566934404283,0.8725716581996155,0.7756176305446378,0.6932641558544563,0.8857806989419685,0.6898252184769039,0.056546541597539725,0.1948975627996684,0.5683347358817668,,,,,,,,,
vit_small_soft_d4_photo_s224_full_bce_nfull_seed0,vit_small,gz2,soft,d4_photo,224,full,bce,0,0,False,True,16,10,2945.8209560504183,1310.1149859229797,21666049,21666049,0.046770475804805756,0.9531668340026773,0.9434782414977616,0.8999140557856082,0.9232125681308112,0.9114144411473788,0.8797235821655863,0.9910348723165594,0.9765544463449263,0.05950105207255424,0.14204720693912049,0.2375934529841911,0.9556768741633199,0.9475097111167582,0.9027140524146512,0.9304264187239499,0.9163607657390961,0.8864072073941703,0.9919264675712747,0.9789787611617736,0.059108008891944286,0.14516497363674255,0.23700786958099232,0.9538493723849373,0.9442990976799881,0.9013445903689806,0.9243225909892576,0.9126889891553865,0.8814600901401307,0.9916015268163827,0.9775673297690887,0.05924789068589362,0.1428414861415221,0.2370175819217549,,,,,,,,,,,,,,,,,,,,,,,0.4542300403118133,0.23863569004118101,0.9447163654618473,0.9489608478029883,0.9004257242964246,0.865327568993988,0.9578390509778775,0.8495059358782967,0.00335728612530536,0.033523399171035695,0.10863370666310446,,,,,,,,,
vit_small_soft_d4_photo_s224_full_bce_nfull_seed1,vit_small,gz2,soft,d4_photo,224,full,bce,0,1,False,True,20,17,3141.355803279206,1526.8322522221065,21666049,21666049,0.036224428564310074,0.9555513721552878,0.9412545403148231,0.9177496165953669,0.9113497915998717,0.9145385079428916,0.8845139822049727,0.9912953577310187,0.9771877839924544,0.05952932778279992,0.14554943559298428,0.2380200641019308,0.9566599732262383,0.9430415874307948,0.9189755154639175,0.9145559474190446,0.9167604049493814,0.8874683619097334,0.9919717985782787,0.9790128527985659,0.05909696531542435,0.14677242439284166,0.2371707353153805,0.9561087866108786,0.9426124597669636,0.917175940816983,0.9143819143819144,0.9157767964672823,0.886099895953731,0.9919769757000124,0.978754970448041,0.05910205377592325,0.1459870462208425,0.2369757066795517,,,,,,,,,,,,,,,,,,,,,,,0.4368622601032257,0.22532190023143198,0.9452602074966533,0.9501843267364974,0.9015536244968589,0.866968729745095,0.9604841295286951,0.849436449989367,0.004152500484900532,0.032393376252053824,0.10496417325174434,,,,,,,,,
vit_small_soft_d4_photo_s224_full_bce_nfull_seed2,vit_small,gz2,soft,d4_photo,224,full,bce,0,2,False,True,20,16,2850.186490820721,1724.1066672703498,21666049,21666049,0.04188580438494682,0.9538780120481928,0.9417038758115344,0.9078707012945755,0.9162391792241102,0.9120357442055291,0.8807987893392467,0.991281873219677,0.977129131856364,0.05911834996106095,0.14276174017679508,0.2368887824560524,0.9559278781793842,0.9451129072835127,0.909874298363507,0.9224911830714972,0.9161393034825871,0.8862895408464989,0.992058530256503,0.9792276870446466,0.05874815135234356,0.14535306363461298,0.23639566075798665,0.9550209205020921,0.9431210735915486,0.9102034329307056,0.9182299182299183,0.9141990581850107,0.8837371963409174,0.9916719943989755,0.9778751384153805,0.058966332400380024,0.14404040321216735,0.23652771741973166,,,,,,,,,,,,,,,,,,,,,,,0.4373428225517273,0.23447847876934116,0.9436077643908969,0.9502070807150906,0.899214953271028,0.86406931875223,0.9640109009297851,0.8425809163514082,0.0032260374682362846,0.03273085662093311,0.1057020258969446,,,,,,,,,
vit_small_soft_d4_s112_full_bce_nfull_seed0,vit_small,gz2,soft,d4,112,full,bce,0,0,False,True,20,14,1534.0916424533352,3066.6836593729267,21609601,21609601,0.06189516931772232,0.946619812583668,0.935160008518291,0.8872931626600062,0.9111894838089131,0.8990825688073395,0.8629449612749014,0.9882908241675256,0.9692638371671031,0.06239011838566953,0.13862469026298277,0.2451945261230752,0.9502175368139224,0.9392792182046928,0.895301487862177,0.9163994870150689,0.9057276400221818,0.8720218048814832,0.9896754979114979,0.9731427896435346,0.06149345348331069,0.14261407126582795,0.24349419439536343,0.947489539748954,0.9353290092217039,0.8911746231155779,0.9098925765592433,0.9004363347877826,0.8648692419357977,0.9886566889907207,0.970235975340312,0.062292935492365885,0.13993994660644352,0.24494626761598357,,,,,,,,,,,,,,,,,,,,,,,0.4419138133525848,0.26645673371784956,0.936495983935743,0.9424141493068253,0.886969471332837,0.8472503349810188,0.9547932029496633,0.8281423804226918,0.003230951902979614,0.038217910273968966,0.12397759202367632,,,,,,,,,
vit_small_soft_d4_s112_full_bce_nfull_seed1,vit_small,gz2,soft,d4,112,full,bce,0,1,False,True,20,14,1244.0974927200004,3749.2776639169274,21609601,21609601,0.05714895576238632,0.9476656626506024,0.9339490975849222,0.8953543681623592,0.9052580955434434,0.9002789956157831,0.8648282169080423,0.9883180143779373,0.9696712533208296,0.060802799067175985,0.13541305360206313,0.23994576236606183,0.9500711178045516,0.9368987164741563,0.9003253710023014,0.9093459442128887,0.9048131754197073,0.8709947605098468,0.9896565313473873,0.9732130535766502,0.06000262864040411,0.13842428992696415,0.23854889575526436,0.9476569037656903,0.9313972394517414,0.9015786082474226,0.8973865640532307,0.8994777018883086,0.8640982873699721,0.9886323434984478,0.9704578657455797,0.0607481093808041,0.1358206167722035,0.2397471424116074,,,,,,,,,,,,,,,,,,,,,,,0.4330222010612488,0.27240298096044235,0.9365378179384204,0.9423128249100268,0.8869934445768772,0.8472577674116694,0.9543924334722668,0.8284859448928472,0.0032282977517052026,0.03771520099789327,0.12230291843874647,,,,,,,,,
vit_small_soft_d4_s160_full_bce_nfull_seed0,vit_small,gz2,soft,d4,160,full,bce,0,0,False,True,19,13,1430.684943817556,3325.3709648398963,21629185,21629185,0.06216404587030411,0.9503848728246319,0.939340579083356,0.8959868317918169,0.9162391792241102,0.9059998414837125,0.8724043002946952,0.9896105503887513,0.9728759490849306,0.06011867319174631,0.1384624094077214,0.23867169307551692,0.9525393239625167,0.942353709476548,0.8994911937377691,0.9210484129528695,0.9101421725872243,0.8780158262841018,0.9908784097891817,0.976186221842988,0.05933021538110685,0.1409949781762363,0.23719177791098275,0.9509623430962343,0.9386120151939472,0.9006486315456416,0.9127785794452461,0.9066730371078198,0.873455227478514,0.9900470417181433,0.973904369967239,0.05988329517585036,0.1392349778556861,0.2381648044205542,,,,,,,,,,,,,,,,,,,,,,,0.4464947283267975,0.25865575943048624,0.9410140562248996,0.9445116260262612,0.8938652615732028,0.8562737668910638,0.9518275088169285,0.8425571165034766,0.004677265352912212,0.03592035258337507,0.1161476469680927,,,,,,,,,
vit_small_soft_d4_s160_full_bce_nfull_seed1,vit_small,gz2,soft,d4,160,full,bce,0,1,False,True,19,13,1304.9959031753242,3456.831847892694,21629185,21629185,0.05401337519288063,0.9500083668005355,0.9355081375849919,0.90344,0.9051779416479641,0.904308135810378,0.8704753923269521,0.9895688434576,0.9729108690513623,0.06072435863622301,0.14069908717565371,0.24129922869770817,0.9525602409638554,0.9394123573368646,0.9068228917583293,0.911910868868227,0.9093597634082008,0.8772390251497831,0.9908165997292862,0.9760625181734277,0.06002463027585866,0.14358623936888296,0.2399983976086803,0.9527196652719665,0.9367412610915979,0.9144619379970784,0.9033189033189033,0.9088562671398613,0.8769688242056195,0.9901092035119851,0.9741343308884929,0.06044307439355672,0.14349543419647104,0.2406863591354908,,,,,,,,,,,,,,,,,,,,,,,0.4383043050765991,0.25292147586988134,0.9414323962516734,0.9454946432733322,0.8947526687716133,0.8575666659078154,0.9539916639948701,0.842440543601359,0.0036144987683962015,0.03565167571973615,0.11508069264820782,,,,,,,,,
vit_small_soft_d4_s224_frozen_bce_nfull_seed0,vit_small,gz2,soft,d4,224,frozen,bce,0,0,False,True,19,13,2907.7038094131276,1301.8544657123898,21666049,385,0.10212315618991852,0.9037817938420348,0.8586045447267812,0.8519213583556747,0.7641070856043604,0.8056283275585228,0.7438840131935378,0.9609836814454612,0.9069213381371531,0.08321857902234493,0.11394772234702323,0.2975476289200181,0.9100987282463187,0.8656263907603765,0.8683783783783784,0.7726033985251684,0.8176959619952494,0.760584505983148,0.9661070652687009,0.9181687667507901,0.0809876959310676,0.12141628374291522,0.2930179885109755,0.9036820083682008,0.857513785498839,0.8540579449343171,0.7609427609427609,0.8048160081397322,0.7433400170778023,0.9604400410511112,0.9076663449407985,0.08299964678032046,0.11272582876320662,0.2967293349102894,,,,,,,,,,,,,,,,,,,,,,,0.3702253699302673,0.42157807339248254,0.8837433065595717,0.8909355118399274,0.8026558727453487,0.7312827913517721,0.9059794806027573,0.7204869964303927,0.007710926061683202,0.06802504406990033,0.2194235417940049,,,,,,,,,
vit_small_soft_d4_s224_frozen_bce_nfull_seed1,vit_small,gz2,soft,d4,224,frozen,bce,0,1,False,True,20,18,2551.794432782568,1535.8647012517497,21666049,385,0.10321708023548126,0.9029241967871486,0.86377978856504,0.8355460385438972,0.7819012504007695,0.8078340441389591,0.7437207535214758,0.9609562212725917,0.906753158418473,0.08421896029347546,0.11677935182530225,0.30092684355278154,0.9102242302543507,0.8724519219094706,0.8523333907353194,0.7934434113497916,0.8218347862183478,0.762803728837989,0.9659889873193688,0.9178884757504945,0.08198676793667513,0.12529705588291606,0.29643181144272335,0.9043514644351465,0.8646565187356672,0.8406621831350233,0.7816257816257817,0.8100697906281157,0.7471473237613794,0.9603069623451211,0.9073321287869213,0.08406166623139015,0.1171339866786681,0.30020364665156757,,,,,,,,,,,,,,,,,,,,,,,0.3890821933746338,0.4107521895160396,0.8846427376171352,0.8905847829666992,0.8033657788711805,0.7320344959237512,0.9030137864700224,0.7235245006743305,0.0075230839624204765,0.06792066524552776,0.2192418759417543,,,,,,,,,
vit_small_soft_d4_s224_full_bce_n10000_seed0,vit_small,gz2,soft,d4,224,full,bce,10000,0,False,True,20,15,617.4131342871115,1374.6762200043906,21666049,21666049,0.06537603586912155,0.939110609103079,0.9171428184341945,0.8928776801117226,0.8711926899647323,0.881901902714106,0.8410065304936657,0.9844710164584722,0.9604729406216449,0.06363239074820623,0.128162749380405,0.246488485528229,0.9432521753681392,0.9223040287618275,0.9015382084395821,0.8784866944533505,0.8898631916534729,0.8517809987351209,0.986481382644806,0.965328430079962,0.06249920175160247,0.13286918458515415,0.2442530781263813,0.9388284518828451,0.9169194281576096,0.8919717616154983,0.8710918710918711,0.8814081765087607,0.840307362818736,0.9846462774712034,0.960659032074263,0.06339271720821635,0.12721053079456462,0.24570136599930836,,,,,,,,,,,,,,,,,,,,,,,0.3960681557655334,0.31552837808019457,0.9221887550200804,0.9328900915774363,0.8650021773842358,0.818218003038254,0.9552741263225393,0.7903183023872679,0.004486952715539868,0.04307270536530434,0.1395479428743055,,,,,,,,,
vit_small_soft_d4_s224_full_bce_n10000_seed1,vit_small,gz2,soft,d4,224,full,bce,10000,1,False,True,15,9,397.7612642366439,1594.2089798968013,21666049,21666049,0.057664334774017334,0.9398008701472557,0.9087433063375715,0.918907122905028,0.8437800577108048,0.8797426040447937,0.8410499433323377,0.9854682316890954,0.9630691831808369,0.062248249998035715,0.12638303495417885,0.24320481375662023,0.9436495983935743,0.9140175016253101,0.9261195330196899,0.8520359089451748,0.8875344410119396,0.8513432181192081,0.987250340080102,0.9674917759758465,0.06108165961374038,0.13041455813472713,0.2407736751492695,0.9397907949790795,0.9076654405779319,0.92191347168484,0.8404681738015072,0.8793088987670888,0.8409068776066447,0.985471505239759,0.9629151090944231,0.062199901948619706,0.12599508606216958,0.24289708604849716,,,,,,,,,,,,,,,,,,,,,,,0.38852857823143366,0.3223050144584803,0.9301162985274432,0.9348313394344788,0.8758592501764946,0.8318586523123886,0.944693812119269,0.8163745930594999,0.005321269326650188,0.042424140010647475,0.13730651217659393,,,,,,,,,
vit_small_soft_d4_s224_full_bce_n2000_seed0,vit_small,gz2,soft,d4,224,full,bce,2000,0,False,True,19,13,467.69502857979387,1297.3824109159123,21666049,21666049,0.06298661231994629,0.9284220214190094,0.8993078961124208,0.88151019720209,0.8384097467136903,0.8594199326267357,0.811907205882676,0.978640623643949,0.9463685903898256,0.06899408458302583,0.12354161034177968,0.2607296674408644,0.931936077643909,0.9031890215968877,0.8902996444895886,0.8430586726514908,0.8660354055166735,0.8210071671427779,0.9809981093735066,0.9520291758704755,0.06782608543866428,0.12793794830801614,0.2585854970357117,0.9302092050209205,0.900768091203842,0.8872690286489235,0.8391855058521726,0.8625576796308503,0.8164051285222642,0.9787451779563351,0.9469931575701049,0.06866938850319944,0.12447204357270289,0.25986862809668737,,,,,,,,,,,,,,,,,,,,,,,0.3979384303092956,0.35228144179932575,0.9153070615796519,0.9213380804015894,0.8519723613497606,0.7993230942840378,0.9339531901250401,0.7832224238757814,0.004774908049258961,0.050627061785758695,0.1635175827382746,,,,,,,,,
vit_small_soft_d4_s224_full_bce_n2000_seed1,vit_small,gz2,soft,d4,224,full,bce,2000,1,False,True,15,9,300.9877551831305,1602.22142372822,21666049,21666049,0.06442788243293762,0.9275225903614458,0.9071510859096947,0.8586895947774859,0.8645399166399487,0.8616048248592084,0.8125202621341825,0.9787084840389302,0.9457098661182357,0.06984910536823649,0.12406196717096186,0.26260875531877137,0.9320615796519411,0.9123219196049441,0.8689429074044459,0.8710323821737737,0.8699863902009447,0.8240040480134393,0.9811943437229891,0.9518383640051093,0.06854127180995653,0.12922646971025173,0.2599418061651572,0.9290794979079497,0.9077307703720733,0.8648778920308483,0.8630751964085297,0.8639756038841184,0.8160124811687548,0.9789123376282973,0.946116419863663,0.06957035427306608,0.12489315296675246,0.2617295044350237,,,,,,,,,,,,,,,,,,,,,,,0.4201236963272095,0.34575391394545085,0.9154325635876841,0.9220711260242103,0.8524290980764317,0.8000669642736757,0.9359570375120231,0.7825882983714229,0.00493261852619494,0.051036316768845284,0.16481073526317913,,,,,,,,,
vit_small_soft_d4_s224_full_bce_n25000_seed0,vit_small,gz2,soft,d4,224,full,bce,25000,0,False,True,18,12,763.6783633073792,1337.5617360448537,21666049,21666049,0.05682359263300896,0.9459923025435074,0.9327132775104812,0.8899574333911399,0.9049374799615262,0.8973849455528177,0.8607955996020813,0.9876581433272522,0.9684811079291031,0.06384862917033744,0.1431477651426801,0.2515473152666373,0.9499246987951807,0.9387181409363377,0.8951865788648479,0.9152773324783584,0.9051204819277109,0.8712117529835371,0.9892493315457311,0.9724572740701958,0.06309525280023216,0.14793110956844482,0.2503089193265277,0.9451046025104602,0.9311225175461149,0.8893280632411067,0.9018759018759018,0.895558032160484,0.8583667317247856,0.9879589528101482,0.968557171894929,0.06356335731291482,0.14175290979257935,0.2507278025608422,,,,,,,,,,,,,,,,,,,,,,,0.4335017800331116,0.27579149687994575,0.9330237617135207,0.9399872276450849,0.8814951887490747,0.8399679014186616,0.9545527412632254,0.8188256325632564,0.0031377457136971642,0.03886291961614681,0.12597969634928197,,,,,,,,,
vit_small_soft_d4_s224_full_bce_n25000_seed1,vit_small,gz2,soft,d4,224,full,bce,25000,1,False,True,20,14,729.3011605013162,1554.2068804795379,21666049,21666049,0.05961991101503372,0.9433985943775101,0.9368954270156359,0.8681790774796503,0.9232927220262904,0.8948881292728403,0.8569695495201881,0.9880911449609651,0.9692024572457993,0.064411006774025,0.14004085781094008,0.25164335087453016,0.9479585006693441,0.94303965459034,0.8758843895830197,0.9327508816928503,0.9034236472323578,0.868658935168742,0.9895149575898505,0.9728764704788136,0.06354653717073977,0.14485824142015913,0.24999248370532237,0.9442677824267782,0.9362089916544615,0.8736858144141398,0.9193522526855861,0.8959374999999999,0.8584332658029366,0.9880177469016661,0.9684813695661146,0.06437352477937575,0.1405816478595511,0.2514598017018108,,,,,,,,,,,,,,,,,,,,,,,0.4618327103916712,0.27792798844677086,0.9364541499330656,0.9414784548906072,0.8866079426694535,0.8466032227777013,0.9519878166078871,0.8296311818943839,0.003949357814210706,0.03962713556177678,0.12856958353950323,,,,,,,,,
vit_small_soft_d4_s224_full_bce_n50000_seed0,vit_small,gz2,soft,d4,224,full,bce,50000,0,False,True,16,10,1011.5754092456773,1401.8062260278057,21666049,21666049,0.06120055541396141,0.9464524765729585,0.9379763748457493,0.880039858960601,0.9202468739980763,0.8996943813180786,0.8635975656784974,0.9888418572444332,0.9711321251642429,0.06309319476234648,0.14092762118894725,0.24785544778750543,0.9511378848728246,0.9446721697507965,0.887200244386742,0.9311478037832639,0.9086429409464215,0.8757965726337948,0.9903688998874669,0.974945896120185,0.062169776155839976,0.1458446380591978,0.24599180031752862,0.9489958158995816,0.9399782175924394,0.8876699629171817,0.9211159211159211,0.9040837201982848,0.8696374786727955,0.9894530825101321,0.9723481617775502,0.06275783947841905,0.14361450299815465,0.24705490920270023,,,,,,,,,,,,,,,,,,,,,,,0.4380638897418976,0.2603290235010217,0.9336303547523427,0.9429642420523143,0.8832983927323549,0.8429244455500774,0.9624879769156781,0.8161489838917964,0.004236565877333375,0.03788468145988529,0.12293619364898346,,,,,,,,,
vit_small_soft_d4_s224_full_bce_n50000_seed1,vit_small,gz2,soft,d4,224,full,bce,50000,1,False,True,12,6,641.2413046564907,1517.3326538146598,21666049,21666049,0.05715736374258995,0.9451347054886211,0.939495900508916,0.8705528394133133,0.9277011862776531,0.8982189282526872,0.86153136191706,0.9885555246260752,0.970456470158859,0.06554326378484143,0.14616250427978406,0.2562473152765958,0.9494436077643909,0.9450814282997679,0.87830011282437,0.9359570375120231,0.9062124092972722,0.8724805137956237,0.9902542758695814,0.9748432118015314,0.06461404609173782,0.15116853921973722,0.2545970949639181,0.9482845188284519,0.9420899348808915,0.8794961299134921,0.9291325957992624,0.9036332449711523,0.8689402160307655,0.9894155839163294,0.9721118656007091,0.06488938980629659,0.14913807341010626,0.25471693198874656,,,,,,,,,,,,,,,,,,,,,,,0.4627158045768738,0.25661180005194745,0.9375627510040161,0.9433173529472296,0.8887149088468852,0.8496039323579491,0.9553542802180186,0.8307660138007946,0.004059130851231527,0.0392008909242832,0.12703265975350078,,,,,,,,,
vit_small_soft_d4_s224_full_bce_n5000_seed0,vit_small,gz2,soft,d4,224,full,bce,5000,0,False,True,19,13,493.7748166071251,1286.212692405256,21666049,21666049,0.07197396457195282,0.9343415327978581,0.910234864797538,0.8852851365849633,0.8598108368066688,0.8723620542430772,0.8283377321783717,0.9820609050640674,0.9540368697288457,0.06748290601343142,0.13036403426106638,0.25726516779566294,0.9379601740294511,0.913875642025171,0.8950648055832503,0.8634979159987175,0.8789980417754569,0.8375465547105054,0.9842160720801758,0.9594830578701672,0.06622559727459043,0.13430586218908883,0.2546589699288721,0.9360669456066946,0.911317268957534,0.8915682687510394,0.8595478595478595,0.8752653061224489,0.8325545340043502,0.9831735794294061,0.9569098424521106,0.06657797669670866,0.13133655310744832,0.2551342097466299,,,,,,,,,,,,,,,,,,,,,,,0.4007493853569031,0.30981128748746656,0.9179216867469879,0.9273328667414129,0.857588734847935,0.8077430198273559,0.9470182750881693,0.7835919883273643,0.005312891478038807,0.04661749937099304,0.15019837533881011,,,,,,,,,
vit_small_soft_d4_s224_full_bce_n5000_seed1,vit_small,gz2,soft,d4,224,full,bce,5000,1,False,True,15,9,344.2093598963693,1602.3695920823195,21666049,21666049,0.06282420456409454,0.9349899598393574,0.913992020799033,0.8795170960946362,0.8700705354280218,0.8747683133209767,0.8308925870971823,0.9824950137707169,0.9556125020174723,0.06817889742431112,0.13528011328854925,0.2613268386329113,0.9398217871485943,0.9206053977537019,0.8880265179076724,0.8804103879448542,0.8842020527269069,0.843565106813129,0.984713958850353,0.9610079954825542,0.06712919217216096,0.14099701012982183,0.2594957087072,0.9350627615062761,0.9133345498817578,0.8814525321608858,0.8678852012185345,0.8746162546453384,0.8308507352614212,0.9830224095354595,0.9566084826800555,0.06781948607327261,0.13487284764047386,0.26035109261029316,,,,,,,,,,,,,,,,,,,,,,,0.4282334148883819,0.3060367634027684,0.9246360441767069,0.9289459128446123,0.8665901432961826,0.8190954036726866,0.9379608848990061,0.8053127795747024,0.005097342930305445,0.04586280582894187,0.14826211190108504,,,,,,,,,
vit_small_soft_d4_s224_full_bce_nfull_seed0,vit_small,gz2,soft,d4,224,full,bce,0,0,False,True,17,11,2640.3304954236373,1329.7434433611575,21666049,21666049,0.0460197776556015,0.9530413319946452,0.9367823377002944,0.9160634404229362,0.9027733247835845,0.9093698276210084,0.8777258939117174,0.9907824256581468,0.9759124206137934,0.058721237483107765,0.14038695935794204,0.23555961915056495,0.955070281124498,0.939088347941191,0.9208638956805216,0.90565886502084,0.9131980926210297,0.882947597387954,0.9917877919401242,0.978614844669136,0.05823591349355126,0.14312369283105603,0.23489741077750537,0.9545188284518829,0.9374917639934908,0.9221311475409836,0.9018759018759018,0.9118910594147686,0.8813432143156796,0.9911604031987508,0.9767163307528834,0.05839042832109626,0.1414504321756535,0.23462999520113867,0.957573300905283,0.959203936900872,0.9812093218559731,0.9541649652919559,0.9674981885933134,0.9071888990047563,0.9908811141615769,0.9951043928046596,0.05058135180308674,0.1100601407668708,0.20389943034447858,0.9602756384272395,0.961636297773827,0.9820942408376964,0.9574316047366271,0.9696061201281918,0.9129262849296983,0.9916986100958147,0.9955860633793207,0.0496318225809753,0.11269152544563668,0.20198678134430975,0.435381481260807,0.24530379417401577,0.9453647925033467,0.9485440030820911,0.9012327005974438,0.8662760311336972,0.95519397242706,0.853042233357194,0.003385423997482594,0.033383209783308374,0.10779601203056009,0.9618294825023646,0.9576821615612918,0.971142550692068,0.9147852802565131,0.9704981625153124,0.9717877951548605,0.014569001773932179,0.033858241820745205,0.1388719109131418
vit_small_soft_d4_s224_full_bce_nfull_seed0_scratch,vit_small,gz2,soft,d4,224,full,bce,0,0,False,False,20,19,3249.0502924360335,1324.2183051555278,21666049,21666049,0.036141879856586456,0.9377091700133868,0.9187612910096568,0.8818137964302942,0.879127925617185,0.8804688127157421,0.8383502795241468,0.9836091261484929,0.9574084208862378,0.06631810470371632,0.13321729300346055,0.2550362285237212,0.9396335341365462,0.9213335749777125,0.8853262616522019,0.8830554664956717,0.8841894060995185,0.843368091689546,0.9844021522114943,0.9594861889670989,0.06594228739172601,0.13554930476335572,0.25439095979927473,0.9384937238493724,0.9189747613948864,0.885243251979958,0.8781465448132115,0.8816806181584032,0.8401403534182164,0.9835577743539774,0.9578875136399987,0.06627613612460216,0.13380357793325784,0.25479235053494653,,,,,,,,,,,,,,,,,,,,,,,0.4258581480689356,0.30790979246662,0.9262466532797858,0.9316948067063358,0.8696873383102964,0.823533056533274,0.9430907342096826,0.8068852009326567,0.0018000106629531103,0.044332041595509145,0.14464305722260568,,,,,,,,,
vit_small_soft_d4_s224_full_bce_nfull_seed1,vit_small,gz2,soft,d4,224,full,bce,0,1,False,True,19,13,2617.364904985763,1586.8463316217446,21666049,21666049,0.046844154596328735,0.952455655957162,0.9378897736115699,0.9101213923948871,0.907422250721385,0.9087698173790889,0.8766222066845414,0.9905830073396759,0.9754273109613651,0.06065645702925815,0.1451283165775308,0.24204472325939594,0.9546310240963856,0.9405022479569696,0.9148353859776222,0.9109490221224752,0.9128880677938874,0.8822203595414784,0.9916106772847182,0.9781419169838643,0.05999846245629353,0.14751614105063762,0.24081260299775895,0.9543514644351464,0.9401270591423265,0.9143317230273752,0.9103735770402437,0.9123483570338233,0.8814921630821745,0.991048560987605,0.9764802107401772,0.060346935699957686,0.14686809442243753,0.24128931003083048,,,,,,,,,,,,,,,,,,,,,,,0.4191723465919494,0.2373360603810895,0.9377300870147256,0.9472934598450309,0.8902002729318039,0.8523913210867071,0.9672972106444373,0.8244858919177427,0.0028068070599733216,0.033750882692438394,0.10907717724490551,,,,,,,,,
vit_small_soft_d4_s224_full_bce_nfull_seed1_scratch,vit_small,gz2,soft,d4,224,full,bce,0,1,False,False,20,19,2723.0740114795044,1381.189349100897,21666049,21666049,0.038712456822395325,0.9377719210174029,0.9206703793053295,0.8776532315764369,0.884899006091696,0.8812612253043304,0.839113109819285,0.9837555422158308,0.9577382455962065,0.06633473966521768,0.1334296591380668,0.25514227272608864,0.9394871151271754,0.9223493098598057,0.8821887213847013,0.8865020840012825,0.8843401431255747,0.8433694769297008,0.9845205727182309,0.9599298515121594,0.06589264745695135,0.13540824868771933,0.25430870529403127,0.9378242677824268,0.9191960040060589,0.8813613742173704,0.8802308802308803,0.8807957644793838,0.8387402937197873,0.9835601480848608,0.9572640432192773,0.06629650989559285,0.13299747938110987,0.2547720871519805,,,,,,,,,,,,,,,,,,,,,,,0.4244119822978973,0.31026287193352525,0.9261839022757697,0.9326375201464588,0.86995614843203,0.8240850948155318,0.9461365822378968,0.8051292544846873,0.0027168033598332663,0.04421982081780222,0.1442445082867293,,,,,,,,,
vit_small_soft_d4_s224_full_bce_nfull_seed2,vit_small,gz2,soft,d4,224,full,bce,0,2,False,True,18,12,2286.389142579399,1569.91517252602,21666049,21666049,0.04742741212248802,0.952183734939759,0.9375243261129069,0.9096317735970413,0.9068611734530299,0.9082443606004657,0.8759134355780533,0.9906317423691005,0.9755565372180804,0.06084871219328592,0.14571889921958298,0.24296763672916014,0.955404953145917,0.9418295422013844,0.9154884318766067,0.9134337928823341,0.9144599582731504,0.8843020310243934,0.9917433093865593,0.9785530484152808,0.06017165066116595,0.14927814177865034,0.24174600549961356,0.9528451882845188,0.938174517983535,0.9114331723027376,0.9074875741542409,0.9094560938378727,0.8775815884110236,0.9909545603368851,0.9760730050734199,0.060497630858449,0.14600412953925557,0.2421468299170212,,,,,,,,,,,,,,,,,,,,,,,0.4400215313902919,0.24004268360745726,0.9440888554216867,0.9482770487773069,0.8993334086543894,0.8638306911299568,0.9570375120230843,0.8481920863820416,0.0030977392711581866,0.033721056563784116,0.10884586647691101,,,,,,,,,
vit_small_soft_d4_s224_full_bce_nfull_seed2_scratch,vit_small,gz2,soft,d4,224,full,bce,0,2,False,False,20,19,2462.6659843325615,1629.7669756815258,21666049,21666049,0.039118584245443344,0.9361822289156626,0.9180911897429729,0.8758274184544222,0.8802500801538955,0.8780331800919449,0.8348237220217812,0.9831435645469074,0.9561598223767612,0.06676274464412013,0.1321232167300594,0.2562147357378016,0.93877593708166,0.9210644700476336,0.8816851866656008,0.8840173132414235,0.8828497098258955,0.8414104255169464,0.9841639001337452,0.9589514745577616,0.06625324835463609,0.1352095899457789,0.25533036769714673,0.9356066945606695,0.9159843461207895,0.877895752895753,0.8749398749398749,0.8764153216092508,0.8328778917946115,0.9832735166766758,0.9573698663573105,0.06657209453006295,0.13150241053721645,0.2556523633729874,,,,,,,,,,,,,,,,,,,,,,,0.4144248068332672,0.30948657269932967,0.9206618139223561,0.9296015178078852,0.8618466581679112,0.8134808978860134,0.9483007374158384,0.7898391080846519,0.002953929947616026,0.045313740748804086,0.14693651336355992,,,,,,,,,
vit_small_soft_d4_s224_full_bce_nfull_seed3,vit_small,gz2,soft,d4,224,full,bce,0,3,False,True,20,14,2410.148179813288,1629.9708475785967,21666049,21666049,0.05045147240161896,0.9520582329317269,0.9428837660167593,0.8958333333333334,0.9236934915036871,0.9095501183898974,0.8771365877268568,0.9905906933296533,0.9754939692503319,0.060435734079922636,0.14255858708082336,0.24017682281779854,0.9546101070950469,0.9463991037137506,0.9000776397515527,0.9292241102917602,0.914418678024925,0.8837518030081509,0.9916490766086123,0.9782518035785233,0.059752297036466104,0.14530016111307079,0.23886846446713186,0.9528033472803348,0.9440062755090401,0.8968463569986018,0.9256052589385922,0.9109988953763609,0.8790994918004149,0.9912778325279034,0.9767704412180171,0.060055003327557796,0.14316887341213713,0.2392679461161938,,,,,,,,,,,,,,,,,,,,,,,0.4392662048339844,0.24170340691068992,0.9391315261044176,0.9477490248956022,0.8922541469194313,0.8549843905767434,0.9657742866303303,0.8291357005229838,0.0032319859205088746,0.03448566587993443,0.11143915207330718,,,,,,,,,
vit_small_soft_d4_s224_full_bce_nfull_seed4,vit_small,gz2,soft,d4,224,full,bce,0,4,False,True,19,13,2246.6713058948517,1702.586354275504,21666049,21666049,0.048166386783123016,0.9526648259705489,0.9427497239849385,0.8991636050965371,0.9220102596986214,0.9104436265780205,0.8784090942538771,0.9908064931515561,0.9759756851612315,0.060855727072171115,0.14503763883384446,0.2418322347494235,0.954735609103079,0.9455247701761955,0.9028125,0.9262584161590254,0.9143851875296726,0.8837613602466421,0.9917196876714942,0.9783931563828132,0.060140888801517654,0.1468612498923163,0.24026598729893256,0.952928870292887,0.9430021601132587,0.899874843554443,0.9222382555715889,0.9109193126930081,0.879061569050024,0.9910749579643123,0.9763509977016884,0.06062869679337839,0.14494496999924153,0.2411604842933001,,,,,,,,,,,,,,,,,,,,,,,0.43994155685749287,0.23814109144188103,0.9407630522088354,0.9485158090196826,0.8947368421052632,0.858189728014423,0.9647322859890991,0.8342112558913224,0.00307982025846486,0.033846464068838525,0.10929062723188016,,,,,,,,,
vit_small_soft_d4_s224_full_focal_nfull_seed0,vit_small,gz2,soft,d4,224,full,focal,0,0,False,True,19,13,2956.048484856263,1333.9321900411305,21666049,21666049,0.05157371237874031,0.9505940428380187,0.9335192356826523,0.9115397135416666,0.8978037832638667,0.9046196091099984,0.8713308324359667,0.9902878612410753,0.9745418671508203,0.03941883767610852,0.05503615524887165,0.15011177127730216,0.9542545180722891,0.9379660799748764,0.91944557684468,0.903895479320295,0.9116042197162605,0.8808084019570983,0.99143126794842,0.9776535970303082,0.03801053365560991,0.058919280207201816,0.1469749880697895,0.9538493723849373,0.9370388398016773,0.9197187704381949,0.9018759018759018,0.9107099490002428,0.8796738330146089,0.9908187856535625,0.975718109022071,0.038656677298399715,0.057902700183835136,0.14843951631526003,,,,,,,,,,,,,,,,,,,,,,,0.3459886312484741,0.47652694581650135,0.9411604752342704,0.9477735937478619,0.895064721900996,0.8584178782180212,0.9616062840654056,0.837136277998744,0.006926966303705791,0.03471481282516509,0.11140215407102125,,,,,,,,,
vit_small_soft_d4_s224_full_focal_nfull_seed1,vit_small,gz2,soft,d4,224,full,focal,0,1,False,True,18,12,2267.789111174643,1578.9884857940322,21666049,21666049,0.04921792447566986,0.9505940428380187,0.9349710620208755,0.9078225806451613,0.9022924014107085,0.9050490432545425,0.8716670182703352,0.9900523189965694,0.9740962242873349,0.03940966915831503,0.05483840974030633,0.1501423717292942,0.9547565261044176,0.9406390077621057,0.9151437082360518,0.9111093299134337,0.9131220628991443,0.8825403616060075,0.9912246026125398,0.9772328002267567,0.038037121561726464,0.05907616911178125,0.1472260313336609,0.9530962343096234,0.9379294926767043,0.9133807369101486,0.9062049062049062,0.9097786720321931,0.8781027594411446,0.9907713518840356,0.9757763163872945,0.03854838417441036,0.056758499045069175,0.1481588741708848,,,,,,,,,,,,,,,,,,,,,,,0.37884231777993127,0.4798208005692601,0.9430430053547524,0.9453917353992597,0.896992623415926,0.8603870570973559,0.9503045848028214,0.8493445089189771,0.005636874133050908,0.03490060449793086,0.11277094624597761,,,,,,,,,
vit_small_soft_d4_s224_full_smooth_nfull_seed0,vit_small,gz2,soft,d4,224,full,smooth,0,0,False,True,17,11,2611.7443804964423,1322.2498603188078,21666049,21666049,0.04100538790225983,0.9534805890227577,0.9380906120686849,0.9149935233160622,0.905899326707278,0.9104237151603028,0.879027021169687,0.990803624516867,0.9759913679056146,0.0675964340196199,0.17248031823058055,0.2718556061773293,0.9555513721552878,0.9410212110818945,0.9183574488723628,0.9106284065405579,0.9144765967722461,0.8844644657450192,0.9917467848696304,0.9785231745138043,0.06728721148501463,0.17531562448726087,0.2715301072620867,0.9542259414225941,0.9380714944322486,0.9190158057682907,0.9042809042809042,0.9115888152577986,0.8807626245304462,0.9912228509295825,0.9767165299810648,0.06728931370403043,0.17292239109404914,0.27104607362006405,,,,,,,,,,,,,,,,,,,,,,,0.4373428225517273,0.21690784269253255,0.9435450133868809,0.9487905763556008,0.8987128006905092,0.8631507297618858,0.9597627444693813,0.8449650695081504,0.0034402336436729977,0.03342651150567147,0.10781657951657808,,,,,,,,,
vit_small_soft_d4_s224_full_smooth_nfull_seed1,vit_small,gz2,soft,d4,224,full,smooth,0,1,False,True,18,12,2303.1767035815865,1586.0212640158325,21666049,21666049,0.04062212258577347,0.952120983935743,0.940204046064833,0.9026163939609517,0.9152773324783584,0.9089027739085446,0.8764708711445953,0.9905558171292641,0.9753159998672745,0.06924525145783457,0.17414276945573645,0.27607167774307706,0.9544218540829986,0.9427977273934164,0.9079312257348863,0.9184834882975312,0.9131768737299278,0.8823058707298339,0.991603575457202,0.9780455543007524,0.06864190988301,0.17668409837899826,0.27494742607161193,0.9542259414225941,0.9427906620531505,0.9069473017882577,0.9188712522045855,0.9128703408728895,0.8818659841001305,0.9910189460850919,0.9762166233325202,0.06903643095978482,0.17623981941195213,0.2756169500156952,,,,,,,,,,,,,,,,,,,,,,,0.4510846734046936,0.2119242065863283,0.9437960174029452,0.9482863318561109,0.8989203626377761,0.8633135553803184,0.9576787431869189,0.8469554122067059,0.0032566679635212476,0.03404638085582091,0.11009122564488083,,,,,,,,,
vit_small_soft_d4_s224_partial_bce_nfull_seed0,vit_small,gz2,soft,d4,224,partial,bce,0,0,False,True,20,14,3036.455715354532,1307.2448314309295,21666049,3550081,0.07462040334939957,0.9313922356091031,0.9117394449760612,0.8670178799489144,0.870631612696377,0.8688209886418173,0.8223734933763173,0.9802000402303045,0.9502359254877868,0.06822206532527324,0.12643401844585483,0.25880528353826276,0.9373535809906292,0.9192466290627264,0.8789065622252418,0.881372234690606,0.8801376715892263,0.8377346124457422,0.9832244908979912,0.9577101798193993,0.06653189837236788,0.1330645953927584,0.25539132424521943,0.9325941422594142,0.912390417712277,0.8713872832369942,0.8701298701298701,0.8707581227436824,0.8251663594506127,0.9806652085332564,0.9513826012948172,0.06771698908467824,0.12672610717276145,0.25736186035812025,,,,,,,,,,,,,,,,,,,,,,,0.4172715246677398,0.3369495969129227,0.9165411646586346,0.9234174401446498,0.8543263964950712,0.8027219124631685,0.9378005771080474,0.7844977873139333,0.0030514386576737914,0.04869550591132193,0.1582445357076219,,,,,,,,,
vit_small_soft_d4_s224_partial_bce_nfull_seed1,vit_small,gz2,soft,d4,224,partial,bce,0,1,False,True,19,13,2459.512742046267,1541.5415397418542,21666049,3550081,0.07707195729017258,0.9321661646586346,0.9157370626639942,0.8618230268829845,0.881372234690606,0.8714880126808005,0.8255139154596076,0.9804852056580358,0.9507759371311937,0.07044245244524017,0.13472399000253613,0.2668518360984438,0.9362868139223561,0.9196396989385929,0.872786211258697,0.8848188521962167,0.878761343735074,0.83558953982822,0.9833123965726184,0.958034846338279,0.0688886910753206,0.1396497275794537,0.2638410062670824,0.9333054393305439,0.9148422910901917,0.8692540162239542,0.8762225428892095,0.8727243692111146,0.8275509251942369,0.9811957714258192,0.9528719899377038,0.06972353122427165,0.1350562724100122,0.2651505589317665,,,,,,,,,,,,,,,,,,,,,,,0.4120568931102752,0.31728226598873754,0.911144578313253,0.922721862588873,0.8476108480413258,0.7945477892311131,0.9469381211926899,0.7671428571428571,0.003108970555706238,0.04877364023218141,0.15805099223025848,,,,,,,,,
vit_small_soft_debiased_d4_s224_full_bce_nfull_seed0,vit_small,gz2,soft_debiased,d4,224,full,bce,0,0,False,True,12,6,1855.3502197284251,1309.8680105595263,21666049,21666049,0.08643467724323273,0.6895080321285141,0.7871873694084968,0.4563228567212631,0.991503687079192,0.6249999999999999,0.5090766926717487,0.9368746546522273,0.8542921980344765,0.2237827732731308,0.10023181445806548,0.6883961578234009,0.6967243975903614,0.7921733309977119,0.4622165776399836,0.9918243026611093,0.6305704894641628,0.5169733561679203,0.9394882235933069,0.8610460969352272,0.21881303442092895,0.09345911077491459,0.6710494481416819,0.6904602510460252,0.7873120607650417,0.4570286475682878,0.98989898989899,0.6253418413855971,0.5090538027352153,0.9377897693397137,0.8579770533324849,0.22221786815649633,0.09900620531883075,0.6835333022930378,,,,,,,,,,,,,,,,,,,,,,,0.8210441470146179,2.400186662538812,0.8436454149933066,0.8480703691492965,0.7410537984549833,0.6440710255928932,0.8573260660468098,0.6525532304313343,0.07194278535966941,0.2085745064277642,0.6006302512077348,,,,,,,,,
vit_small_soft_debiased_d4_s224_full_bce_nfull_seed1,vit_small,gz2,soft_debiased,d4,224,full,bce,0,1,False,True,11,5,1420.144935110584,1590.3952744896196,21666049,21666049,0.08711851388216019,0.6758492302543507,0.7790353244106643,0.4457532770694918,0.9948701506893235,0.6156593338458868,0.49696346401985886,0.9390109696681253,0.850837226462874,0.23481208344853094,0.11468120248847388,0.7326873663802284,0.6745105421686747,0.7784407355000578,0.44477857730999176,0.9958319974350753,0.6149125194882329,0.49621764412325764,0.9404340347959195,0.8559076236773746,0.2362456842285446,0.12054684504885614,0.7336888813369161,0.6794560669456067,0.7815784658619964,0.44854747795924266,0.9951899951899952,0.6183810709838107,0.5009227094080785,0.9388220654143768,0.851328756982591,0.23363755908502673,0.11435669227109668,0.7310129168511557,,,,,,,,,,,,,,,,,,,,,,,0.8116759657859802,2.794496914531003,0.8365963855421686,0.8559270253091755,0.7411359268341177,0.6474035219579344,0.8963610131452389,0.6317365269461078,0.07406560489663995,0.21396727364670354,0.6131191836627847,,,,,,,,,
vit_small_soft_debiased_d4_s224_full_bce_nfull_seed2,vit_small,gz2,soft_debiased,d4,224,full,bce,0,2,False,True,10,4,1309.0027342196554,1576.8920491481822,21666049,21666049,0.09225313365459442,0.6912232262382865,0.7887366726113458,0.457754287403903,0.9927059955113818,0.6265809976727714,0.5116723658812449,0.9384750227285703,0.8550153062905569,0.2225165690571886,0.09070666579431774,0.6738915195911093,0.6900727911646586,0.7882175960568167,0.4568574693155431,0.993507534466175,0.6258994622162749,0.5109702516747319,0.9400450892204598,0.8607097973936273,0.2225485616217275,0.0899304484230388,0.6716769915898225,0.6923849372384937,0.7892883846194911,0.4586700274297576,0.9919833253166587,0.6272939267971206,0.5124423309239255,0.9387238846371874,0.8569419821914036,0.22151234004367404,0.08997302960245927,0.6714045507159224,,,,,,,,,,,,,,,,,,,,,,,0.7956580519676208,2.2767793232829745,0.8424322289156626,0.8516309879442661,0.7425759491508048,0.6470301055896844,0.870872074382815,0.6472270209090367,0.08481259346456667,0.20977053022216693,0.6029832622718975,,,,,,,,,
vit_small_soft_flip_s224_full_bce_nfull_seed0,vit_small,gz2,soft,flip,224,full,bce,0,0,False,True,13,7,1908.0952071221545,1375.2203256064204,21666049,21666049,0.066745325922966,0.9438796854082999,0.9463207510803853,0.8510790851079085,0.9514267393395319,0.8984596752828974,0.862399663729211,0.9899536080178505,0.9736905847653559,0.06783035953979194,0.15018165495307118,0.2632985317901184,0.9464524765729585,0.9508354081271567,0.8531842142755378,0.9600032061558191,0.9034472354227955,0.8694641063891475,0.9914054025957848,0.9775843077153629,0.06711255974575134,0.15338671495505252,0.2621824828236296,0.9438075313807531,0.9466324161355205,0.8501717229536349,0.9525412858746192,0.8984499054820416,0.862435072457571,0.990562400024741,0.9750671772719358,0.06739907019047531,0.1499206938733304,0.2622593170996734,,,,,,,,,,,,,,,,,,,,,,,0.4891984164714813,0.25804047362652754,0.940721218206158,0.946620872201424,0.8941035797025633,0.8569796736203209,0.958961205514588,0.8374632507349853,0.0038901012938792443,0.04053728267413731,0.13121236150213772,,,,,,,,,
vit_small_soft_flip_s224_full_bce_nfull_seed1,vit_small,gz2,soft,flip,224,full,bce,0,1,False,True,18,12,2590.440613143146,1575.044841665343,21666049,21666049,0.06883305311203003,0.9510332998661312,0.9375496844352115,0.9036240541616886,0.9093459442128887,0.9064759697974512,0.8733187118867681,0.9900390307184428,0.9740851191793174,0.06060353995100035,0.1414902312723547,0.240414638634742,0.9547146921017403,0.9428143697849378,0.9093941078376876,0.917922411029176,0.9136383581315569,0.8829681684735918,0.9914556802678259,0.977781494495365,0.05979830517547347,0.1458261471436985,0.2391078134176419,0.9528033472803348,0.9398056977365891,0.9070916334661354,0.9126182459515793,0.9098465473145779,0.877888834899458,0.9904596261009857,0.974957688743466,0.0603595315744998,0.14326249569584323,0.23983530461405703,,,,,,,,,,,,,,,,,,,,,,,0.4291900992393493,0.2448408320500969,0.9381902610441767,0.9463344443021986,0.890527173711703,0.8525313026737852,0.9633696697659506,0.8279258800027554,0.004418251299680726,0.03501409966074364,0.11248452540468004,,,,,,,,,
vit_small_soft_flip_s224_full_bce_nfull_seed2,vit_small,gz2,soft,flip,224,full,bce,0,2,False,True,15,9,1870.5120484307408,1574.9072873982873,21666049,21666049,0.06293387711048126,0.9519327309236948,0.9362656386302683,0.9115316189551997,0.9034947098428984,0.9074953707430964,0.8750423373820874,0.9903049720968617,0.9746059774240656,0.06016760624157179,0.1426224052681465,0.24017706914918183,0.9554677041499331,0.9408349778206104,0.9183987060250708,0.9102276370631612,0.9142949156636206,0.8842305954630605,0.9915742697846728,0.9780447498279299,0.059482143001823765,0.14687207686364806,0.23915217701362843,0.9531799163179916,0.9377786722613007,0.9142117190029135,0.9055635722302389,0.9098670962545308,0.8782625892788309,0.9907053095167611,0.9752393786521454,0.05966661516073156,0.14322021845782712,0.2389743144488245,,,,,,,,,,,,,,,,,,,,,,,0.4315841495990753,0.24881976320049848,0.9427083333333334,0.9476023059712211,0.8971808251060476,0.8610060655870425,0.9578390509778775,0.843747793546565,0.0030996865393489816,0.03437355059639911,0.11070731529618345,,,,,,,,,
vit_small_soft_none_s224_full_bce_nfull_seed0,vit_small,gz2,soft,none,224,full,bce,0,0,False,True,8,2,1157.1374238906428,1370.4057064790366,21666049,21666049,0.06780193746089935,0.9452602074966533,0.9112961212483703,0.9438192131088503,0.8402532863097146,0.8890302336428784,0.855399650902418,0.9890659896050569,0.9717248107885099,0.05968423968837789,0.1296617064090169,0.23678666888805255,0.947561077643909,0.9128268582936114,0.9533424283765348,0.8401731324142353,0.8931873375655065,0.8616313890422469,0.9905926840192061,0.9757066262627828,0.05945458011024668,0.133876646348639,0.2371995249637626,0.9439330543933054,0.9083935496209742,0.9446159433448339,0.834054834054834,0.885899182561308,0.8518147430503138,0.9891734679049028,0.9719096658178218,0.05969531983908134,0.12818857056342034,0.23665638499162928,,,,,,,,,,,,,,,,,,,,,,,0.3638729155063629,0.29856297151495037,0.9335885207496654,0.9437137032072485,0.883490514109574,0.8433675317244526,0.9648925937800578,0.8147546531302876,0.00534984759100228,0.038799385729937866,0.12467914933252379,,,,,,,,,
vit_small_soft_none_s224_full_bce_nfull_seed0_op,vit_small,gz2,soft,none,224,full,bce,0,0,True,True,11,5,20354.935706086457,601.084604603712,21666049,21666049,1.0128132998943329e-08,0.9508032128514057,0.9429420688332943,0.8895644143450824,0.9264988778454633,0.9076560659599529,0.8744808947335294,0.9905068404947825,0.9750107720972083,0.06297425298308008,0.14871860629600908,0.2491511956195021,,,,,,,,,,,,0.9528033472803348,0.9447841602817164,0.8950054120921602,0.9280102613435947,0.9112090680100755,0.8793503064960055,0.9910466774344183,0.976206231085699,0.06271949104539035,0.15084204327112463,0.24857195296045406,0.9480475611403865,0.9502000824816672,0.9771646051379639,0.9435483870967742,0.9600623214749416,0.8869316990888553,0.9879876284024708,0.9934595080664197,0.0603215829044619,0.12370462878761361,0.23435498740346888,,,,,,,,,,,,0.4581063091754913,0.23338270106063808,0.9432103413654619,0.9480197178401392,0.8980128470004883,0.8621265768737524,0.9580795126643155,0.8450335807705903,0.0037028675338545165,0.03502681920382681,0.11313285478267476,0.9516957167950277,0.9493422307277817,0.9632522999434651,0.892980963103792,0.9566149448754594,0.9699824034779009,0.019862034350950762,0.04088549844671674,0.1558888034457768
vit_small_soft_none_s224_full_bce_nfull_seed1,vit_small,gz2,soft,none,224,full,bce,0,1,False,True,9,3,1067.8090271363035,1548.811027191929,21666049,21666049,0.07212534546852112,0.9456994645247657,0.939722437577148,0.8726614363307181,0.9272202629047772,0.8991139437276543,0.8627551753730268,0.9887680361237536,0.9707021208625013,0.0628621090335267,0.14007906683202778,0.24810931226950322,0.9512424698795181,0.945391063896003,0.8860643884618312,0.9331516511702469,0.9089986336131174,0.8762771258505128,0.9906288794058917,0.9756688504989653,0.06216556811765153,0.14794289495443294,0.24770936195797577,0.9468200836820083,0.9397508296053277,0.8778149726110773,0.924963924963925,0.900772894058865,0.8650351849576158,0.9893733696315364,0.9717931102471818,0.062378293107395684,0.1409331755330747,0.24700049970563961,,,,,,,,,,,,,,,,,,,,,,,0.4407099485397339,0.27306481970314367,0.933274765729585,0.9440199404525431,0.8831758587856149,0.8430853280665416,0.9664956716896441,0.813081591368847,0.004353790947520154,0.03855303610435831,0.12510111580139638,,,,,,,,,
vit_small_soft_none_s224_full_bce_nfull_seed1_op,vit_small,gz2,soft,none,224,full,bce,0,1,True,True,12,6,21810.298743393272,463.69050089322843,21666049,21666049,8.789356797933578e-09,0.9527694109772423,0.9338243431690896,0.922440879775095,0.8941968579672972,0.9080993080993082,0.8765192898995552,0.9905378521485582,0.9753703161312048,0.06113920617864864,0.14700520038838505,0.24389872061587095,,,,,,,,,,,,0.9539748953974896,0.9350494036938393,0.9257417536880491,0.8954625621292288,0.9103504482477588,0.8796222342671319,0.9910142530875136,0.976501293783734,0.06078447519754391,0.14802556552772245,0.24305978853193708,,,,,,,,,,,,,,,,,,,,,,,0.4291900992393493,0.23605325006358005,0.9438378514056225,0.9479516782263835,0.8988814823183822,0.863203701484504,0.9565565886502084,0.8477658592029552,0.003705590359816705,0.0338226626738723,0.10923256766378557,,,,,,,,,
vit_small_soft_none_s224_full_bce_nfull_seed2,vit_small,gz2,soft,none,224,full,bce,0,2,False,True,10,4,1443.548766140826,1385.7232564917438,21666049,21666049,0.07315094769001007,0.9437332663989291,0.9423069447193474,0.8584090243187811,0.9393235011221546,0.8970453153704838,0.860090014641448,0.9888610563392322,0.9712170837285315,0.06368440284637678,0.13774466802306237,0.2488601352000508,0.9482722556894244,0.9478148095288272,0.8671364603978565,0.9468579672972106,0.9052454117015978,0.8713568928925288,0.9907965657926006,0.9763105108680885,0.06305731736433404,0.1450525955999129,0.24881819177916514,0.9459832635983264,0.9452521755924349,0.8622912393788456,0.9437229437229437,0.9011712470336063,0.8657756594651282,0.9893525370794237,0.971947544171061,0.06363958011853844,0.14044022707463436,0.24865650711430634,,,,,,,,,,,,,,,,,,,,,,,0.4814538359642029,0.2734642387318914,0.9405538821954484,0.9446669519890054,0.8932702418506836,0.8555521433992868,0.9532702789355563,0.840375918598078,0.003580937046866321,0.03997736827072679,0.12937628901955642,,,,,,,,,
vit_small_soft_none_s224_full_bce_nfull_seed2_op,vit_small,gz2,soft,none,224,full,bce,0,2,True,True,13,7,22139.520716398023,601.3435742893462,21666049,21666049,1.1350493878126144e-08,0.9502384538152611,0.9253195411767068,0.9318279018048071,0.8731965373517153,0.9015599784830554,0.869131442102208,0.990174318207317,0.9742584919275799,0.058552951781202005,0.135478038226028,0.2346779600253895,,,,,,,,,,,,0.951673640167364,0.9257136290577193,0.9390117484450587,0.8714125380792047,0.9039501039501039,0.8728109584793491,0.9908868341184482,0.9758967964579679,0.05804820045089028,0.1366946511614335,0.2334813499712362,,,,,,,,,,,,,,,,,,,,,,,0.40965384434256813,0.26356088559351265,0.9439006024096386,0.9469571138456094,0.8986777483944086,0.8627767526597709,0.9533504328310356,0.8499356867228812,0.004455541303266584,0.035362057550326245,0.11364885739524089,,,,,,,,,
vit_small_soft_w_d4_s224_full_bce_nfull_seed0,vit_small,gz2,soft_w,d4,224,full,bce,0,0,False,True,17,11,2631.3505840990692,1303.1800788222365,21666049,21666049,0.044748008251190186,0.9538989290495314,0.9373106973336276,0.9192653061224489,0.9026130169926259,0.9108630591280433,0.8798430006315211,0.9908806250693508,0.9761868679742862,0.05847675748938624,0.14059922485372334,0.23471604604458568,0.9556768741633199,0.9395505917268548,0.9229073091057575,0.9058191728117987,0.9142834027749687,0.8844678864296589,0.9918013796724057,0.9786367073640609,0.05799273917044337,0.14293829179845796,0.23399003957573053,0.9536820083682008,0.9361995829658929,0.9210439921208142,0.8996312329645663,0.9102116960012977,0.8791193258930267,0.9911642066145832,0.9766908900339035,0.05823265434751777,0.14005734586012722,0.2339757400387338,,,,,,,,,,,,,,,,,,,,,,,0.4220281541347503,0.24586060623521813,0.9422063253012049,0.9483515402669469,0.896698695180768,0.8605599832339196,0.961205514588009,0.8403055146801205,0.0033131831470652757,0.03323503934042693,0.10722479346675465,,,,,,,,,
vit_small_soft_w_d4_s224_full_bce_nfull_seed1,vit_small,gz2,soft_w,d4,224,full,bce,0,1,False,True,18,12,2301.1146134184673,1622.7367849275129,21666049,21666049,0.04876292496919632,0.9518281459170014,0.9412762734269792,0.8985348272349761,0.9192048733568452,0.9087523277467411,0.876138872874091,0.9906311411921986,0.9755581314949756,0.06126016755306326,0.14526939647432122,0.24327465126479372,0.9550075301204819,0.945345782798025,0.9046163492436712,0.9251362616223149,0.9147612443035468,0.8843068706341288,0.9917025892929641,0.9783476486010353,0.06052334632817737,0.14857212521771337,0.2418019343667777,0.9543514644351464,0.943809047066327,0.9050692695214105,0.9217572550905885,0.9133370402732545,0.8824237647671682,0.991166752815397,0.9765200332552914,0.06099466908064189,0.14777748097061613,0.2426723537639374,,,,,,,,,,,,,,,,,,,,,,,0.4443236291408539,0.23426800160901545,0.9418298192771084,0.9479412608515381,0.8960490412290211,0.8596687207306015,0.9607245912151331,0.8395321145898998,0.0035787160624879,0.03408692063306812,0.1101602940768854,,,,,,,,,
vit_small_soft_w_d4_s224_full_bce_nfull_seed2,vit_small,gz2,soft_w,d4,224,full,bce,0,2,False,True,18,12,2097.9607945270836,1654.4777295211409,21666049,21666049,0.047942277044057846,0.9529576639892905,0.937684974192678,0.9132789137638406,0.9057390189163194,0.9094933397722242,0.8777274931784232,0.9906747764266205,0.9757126324635625,0.06060206042468194,0.1460431376598739,0.24230600526389495,0.9556559571619813,0.9412215958205927,0.9183904330963154,0.9110291760179545,0.9146949943666506,0.8847499905334595,0.991748871974347,0.9786051736752519,0.05994267040650775,0.14901341446181335,0.24109275652326023,0.9540167364016736,0.9385522634404477,0.9166396367174829,0.9062049062049062,0.9113924050632912,0.8803722538659599,0.9910693481528936,0.9763601315000088,0.06031615805838168,0.14695497314582057,0.2416591292517377,,,,,,,,,,,,,,,,,,,,,,,0.429668664932251,0.2385754534316447,0.9422063253012049,0.9485070930888995,0.8967450203669795,0.8606508340935227,0.9616864379608849,0.8400196037247077,0.0025113974255139295,0.03354222672227546,0.10840345401366196,,,,,,,,,
